run,grp,feedback,replication,week,day,phase,agent,to_agent,text,mentions_reputation,mentions_self
A-hidden-1,A,0,1,1,0,plan,Kurt,,I will focus on gathering food and convincing others to pool our resources for better survival. I plan to talk to Pete and the elderly couple about working together and sharing food fairly.,0,0
A-hidden-1,A,0,1,1,0,plan,Stella,,I want to focus on gathering enough food for my family and making sure Lucky has enough to eat. I'll watch how others behave and decide if I can trust them with our surplus later.,1,1
A-hidden-1,A,0,1,1,0,plan,Lucky,,"I want to make sure everyone gets enough food and that no one is hungry. I'll talk to Alice and Bob to see if they need help, and I'll also check in with Pete to see if he's okay.",0,0
A-hidden-1,A,0,1,1,0,plan,Alice,,"I want to encourage Pete to share some of his food with others, and I will offer to lend him 2 units this week in case he needs help. I will speak to him at the campfire and remind everyone that sharing is key to our survival.",0,0
A-hidden-1,A,0,1,1,0,plan,Bob,,I want to make sure Alice and I have enough food for the week. I'll keep my food private and not mention it to others unless Alice says otherwise.,0,1
A-hidden-1,A,0,1,1,0,plan,Pete,,I want to focus on gathering as much food as possible this week to ensure I have enough for the long term. I'll avoid sharing food unless someone proves they need it and deserve it.,0,0
A-hidden-1,A,0,1,2,0,plan,Kurt,,"This week, I will continue pushing for a fair food-sharing plan and will specifically talk to Pete and the elderly couple to convince them of the benefits of cooperation. I want to organize a more structured approach to food gathering and distribution.",0,0
A-hidden-1,A,0,1,2,0,plan,Stella,,I want to focus on gathering enough food for my family and making sure Lucky has enough to eat. I'll watch how others behave and decide if I can trust them with our surplus later.,1,1
A-hidden-1,A,0,1,2,0,plan,Lucky,,"I want to make sure everyone has enough food and that no one is hungry. I'll talk to Pete again and ask him to share some of his fish with us, and I'll check in with Alice to see if she can help me feel better.",0,0
A-hidden-1,A,0,1,2,0,plan,Alice,,"I want to offer Pete a loan of 1.2 units of canned food this week to help him feel more secure, and to encourage him to consider sharing more in the future. I will speak to him at the campfire and remind everyone that we all need to work together to survive.",0,0
A-hidden-1,A,0,1,2,0,plan,Bob,,I want to ensure Alice and I have enough food for the week while staying cautious about how much we share. I’ll wait for Alice’s guidance on whether or not to give anything away.,0,0
A-hidden-1,A,0,1,2,0,plan,Pete,,I want to focus on fishing as much as possible this week to build up my food reserves. I'll only consider sharing if someone proves they're working as hard as I am.,0,0
A-hidden-1,A,0,1,3,0,plan,Kurt,,"This week, I will focus on convincing Pete to share his food during the typhoon days, as he caught a significant amount of fish yesterday. I will also speak with Alice and Bob to reinforce the idea of a fair food-sharing plan and ensure that we all stay on track with cooperation.",0,0
A-hidden-1,A,0,1,3,0,plan,Stella,,"I need to focus on gathering enough food for my family during the typhoon days, and I will watch how others behave to decide if I can trust them with our surplus later. I will talk to Alice again to see if we can find a way to share food more fairly.",1,1
A-hidden-1,A,0,1,3,0,plan,Lucky,,"I want to make sure everyone has enough food and that no one is hungry. I'll talk to Pete again and ask him to share some of his fish with us, and I'll check in with Alice to see if she can help me feel better.",0,0
A-hidden-1,A,0,1,3,0,plan,Alice,,"I need to borrow 5.9 units of food this week to ensure Bob and I do not starve. I will approach Pete at the campfire and ask him for a loan, reminding him that we all depend on each other to survive.",0,0
A-hidden-1,A,0,1,3,0,plan,Bob,,"I will focus on ensuring Alice and I have enough to eat this week, especially during the typhoon days. I’ll wait for Alice’s guidance on whether to ask anyone for help or share anything we might have.",0,0
A-hidden-1,A,0,1,3,0,plan,Pete,,I want to focus on fishing during the typhoon days and build up my food reserves. I'll only consider sharing if someone proves they're working as hard as I am.,0,0
A-hidden-1,A,0,1,4,0,plan,Kurt,,"This week, I will continue to push for a fair food-sharing plan and focus on convincing Pete to contribute more during the typhoon days. I will speak with Alice and Bob again to ensure we remain united and cooperative.",0,0
A-hidden-1,A,0,1,4,0,plan,Stella,,I need to focus on gathering enough food for my family during the typhoon days and continue observing others to decide if I can trust them with our surplus later. I will talk to Alice again to see if we can find a way to share food more fairly.,1,1
A-hidden-1,A,0,1,4,0,plan,Lucky,,I want to fish with Pete again and make sure we all have enough to eat. I'll talk to him and maybe Alice to see how we can work together better.,0,0
A-hidden-1,A,0,1,4,0,plan,Alice,,I need to borrow 3.5 units of food this week to ensure Bob and I do not starve. I will approach Pete again at the campfire and remind him that we all depend on each other to survive.,0,0
A-hidden-1,A,0,1,4,0,plan,Bob,,I will focus on gathering clams as much as I can and wait for Alice’s guidance on whether to ask Pete or others for help. I want to talk to Alice again tonight to see if she thinks we should approach Pete for some of his fish.,0,0
A-hidden-1,A,0,1,4,0,plan,Pete,,I will focus on fishing and building up my food reserves. I'll only consider sharing if someone proves they're working as hard as I am. I want to talk to Lucky again and see if we can fish together effectively.,0,0
A-hidden-1,A,0,1,1,1,thought,Kurt,,I need to gather as much food as possible today to support my family and convince others that pooling resources is the best way to survive.,0,1
A-hidden-1,A,0,1,1,1,thought,Stella,,"I need to gather as much food as possible to ensure Lucky has enough to eat, and climbing coconut trees gives the best yield.",0,0
A-hidden-1,A,0,1,1,1,thought,Lucky,,(agreed cooperative fishing),0,0
A-hidden-1,A,0,1,1,1,thought,Alice,,I need to gather more food to ensure we can eat properly and possibly help others if needed.,0,0
A-hidden-1,A,0,1,1,1,thought,Bob,,Gathering clams is light work and will give us some food without risking injury or wasting too much stamina.,0,0
A-hidden-1,A,0,1,1,1,thought,Pete,,(agreed cooperative fishing),0,0
A-hidden-1,A,0,1,1,2,thought,Kurt,,I need to gather more food to support my family and push for shared rationing. Coconuts are reliable and keep well.,0,1
A-hidden-1,A,0,1,1,2,thought,Stella,,(agreed cooperative fishing),0,0
A-hidden-1,A,0,1,1,2,thought,Lucky,,"I want to help get more food for everyone, so I'll climb a coconut tree.",0,0
A-hidden-1,A,0,1,1,2,thought,Alice,,I will forage to gather more food and support our group's need for sharing.,0,0
A-hidden-1,A,0,1,1,2,thought,Bob,,"Clam gathering is light work and I can afford the stamina cost, ensuring I can keep food for Alice and me.",0,0
A-hidden-1,A,0,1,1,2,thought,Pete,,(agreed cooperative fishing),0,0
A-hidden-1,A,0,1,1,3,thought,Kurt,,I need to gather more food to support my family and convince others that sharing is the best way to survive.,0,1
A-hidden-1,A,0,1,1,3,thought,Stella,,"I need to gather more food to ensure Lucky and I have enough, especially since Pete isn't willing to share.",0,0
A-hidden-1,A,0,1,1,3,thought,Lucky,,I need to gather more food so that everyone can eat and be happy.,0,0
A-hidden-1,A,0,1,1,3,thought,Alice,,"I will forage to gather more food and support the group, as sharing is essential for our survival.",0,0
A-hidden-1,A,0,1,1,3,thought,Bob,,"I need to gather food without drawing attention, and clam gathering is light work that won't exhaust me.",0,0
A-hidden-1,A,0,1,1,3,thought,Pete,,I need to continue gathering food to ensure I have enough for the long term and maintain my independence.,0,0
A-hidden-1,A,0,1,1,4,thought,Kurt,,I need to gather more food to support my family and push for a shared rationing plan.,0,1
A-hidden-1,A,0,1,1,4,thought,Stella,,"I need to gather more food to ensure Lucky and I have enough, especially since Pete is not willing to share.",0,0
A-hidden-1,A,0,1,1,4,thought,Lucky,,I should forage to find more food so I can help my family and make sure no one is hungry.,0,1
A-hidden-1,A,0,1,1,4,thought,Alice,,"I need to gather more food to ensure we can share and survive, and foraging is the most reliable way to do so right now.",0,0
A-hidden-1,A,0,1,1,4,thought,Bob,,I need to gather more food to ensure Alice and I have enough for the week.,0,0
A-hidden-1,A,0,1,1,4,thought,Pete,,I need to continue gathering food to ensure I have enough for the long term and maintain my independence.,0,0
A-hidden-1,A,0,1,1,5,thought,Kurt,,I need to recover my stamina before I can do any heavy work or continue convincing others to cooperate.,0,0
A-hidden-1,A,0,1,1,5,thought,Stella,,I need to rest to recover my stamina before I can work effectively again.,0,0
A-hidden-1,A,0,1,1,5,thought,Lucky,,I want to find more food so I can eat and help others who might be hungry.,0,0
A-hidden-1,A,0,1,1,5,thought,Alice,,"I need to forage to gather more food for Bob and me, and to ensure we have enough to eat and share if needed.",0,0
A-hidden-1,A,0,1,1,5,thought,Bob,,I will gather clams again today to ensure Alice and I have enough food for the week.,0,0
A-hidden-1,A,0,1,1,5,thought,Pete,,I need to continue gathering food to ensure I have enough for the long term and maintain my independence.,0,0
A-hidden-1,A,0,1,2,1,thought,Kurt,,I need to gather more food to support my family and push for a fair sharing plan. Foraging is the most efficient way to do this.,0,1
A-hidden-1,A,0,1,2,1,thought,Stella,,I need to gather as much food as possible to ensure Lucky has enough to eat and to build up some surplus for the future.,0,0
A-hidden-1,A,0,1,2,1,thought,Lucky,,"I'm too tired to do anything else right now, and I need to rest to feel better.",0,0
A-hidden-1,A,0,1,2,1,thought,Alice,,"I need to gather more food to ensure we can share fairly and help those in need, including Pete.",0,0
A-hidden-1,A,0,1,2,1,thought,Bob,,"I’ll gather clams today to ensure we have enough food for Alice and me, while keeping a cautious eye on how much we share.",0,0
A-hidden-1,A,0,1,2,1,thought,Pete,,I need to focus on gathering as much food as I can to maintain my reserves and ensure I can keep working without relying on others.,0,0
A-hidden-1,A,0,1,2,2,thought,Kurt,,I need to regain stamina to do heavy work and help organize a fair food-sharing plan.,0,0
A-hidden-1,A,0,1,2,2,thought,Stella,,(agreed cooperative fishing),0,0
A-hidden-1,A,0,1,2,2,thought,Lucky,,"I need to find more food so that no one goes hungry, and I can help Pete and the others too.",0,0
A-hidden-1,A,0,1,2,2,thought,Alice,,"I need to forage to gather more food and help ensure we have enough to share with others, especially Pete, who still refuses to share.",0,0
A-hidden-1,A,0,1,2,2,thought,Bob,,I will gather clams to ensure I and Alice have enough food for today.,0,0
A-hidden-1,A,0,1,2,2,thought,Pete,,(agreed cooperative fishing),0,0
A-hidden-1,A,0,1,2,3,thought,Kurt,,I need to gather more food to support my family and push for a fair sharing plan. Foraging is the most efficient way to do this.,0,1
A-hidden-1,A,0,1,2,3,thought,Stella,,"I need to gather more food for my family, especially Lucky, before I can consider sharing with others.",0,1
A-hidden-1,A,0,1,2,3,thought,Lucky,,I need to rest so I can have enough stamina to help everyone and not get hurt again.,0,0
A-hidden-1,A,0,1,2,3,thought,Alice,,I need to forage to help ensure I have enough food to last the week and to support our shared goal of fairness and survival for all.,0,0
A-hidden-1,A,0,1,2,3,thought,Bob,,"I need to gather enough food to keep Alice and me fed, so I'll go clamming again today.",0,0
A-hidden-1,A,0,1,2,3,thought,Pete,,"I need to focus on gathering as much food as possible to build up my reserves, especially since I'm planning to fish with Stella today.",0,0
A-hidden-1,A,0,1,2,4,thought,Kurt,,I need to gather more food to support my family and push for a fair sharing plan. Foraging is the best option to ensure we have enough to sustain ourselves and others.,0,1
A-hidden-1,A,0,1,2,4,thought,Stella,,"I need to gather more food for my family, especially Lucky, before I consider sharing with others.",0,1
A-hidden-1,A,0,1,2,4,thought,Lucky,,"I need to find food so I can help make sure no one is hungry, and I can also eat enough to stay strong.",0,0
A-hidden-1,A,0,1,2,4,thought,Alice,,"I need to forage to gather more food and ensure we can continue sharing with others, especially Pete, who still hoards his catch.",0,0
A-hidden-1,A,0,1,2,4,thought,Bob,,I'll gather clams to help ensure Alice and I have enough to eat today.,0,0
A-hidden-1,A,0,1,2,4,thought,Pete,,"I need to focus on gathering as much food as I can to build my reserves, especially with the pressure from others to share.",0,0
A-hidden-1,A,0,1,2,5,thought,Kurt,,"I need to forage to gather more food before the week ends, as we still need to convince Pete to share and ensure we have enough to sustain everyone.",0,0
A-hidden-1,A,0,1,2,5,thought,Stella,,I need to rest to recover my stamina so I can work effectively tomorrow and ensure Lucky has enough to eat.,0,0
A-hidden-1,A,0,1,2,5,thought,Lucky,,I need to rest so I can have enough stamina to help everyone and not collapse.,0,0
A-hidden-1,A,0,1,2,5,thought,Alice,,I need to rest to recover my stamina so I can help Bob and continue encouraging others to share.,0,0
A-hidden-1,A,0,1,2,5,thought,Bob,,"I'll gather clams to try and get some food for Alice and me, while keeping my options open for sharing later.",0,0
A-hidden-1,A,0,1,2,5,thought,Pete,,"I need to focus on gathering as much food as I can to build my reserves, especially since others are still struggling and I want to maintain control over my own resources.",0,0
A-hidden-1,A,0,1,3,1,thought,Kurt,,"I need to gather clams to supplement my food supply during the typhoon, as I cannot fish or forage today.",0,0
A-hidden-1,A,0,1,3,1,thought,Stella,,"I need to gather as much food as I can today to help feed Lucky and myself, especially since the typhoon will make things harder for the next few days.",0,0
A-hidden-1,A,0,1,3,1,thought,Lucky,,I should gather clams today to help my family and make sure we have enough food.,0,1
A-hidden-1,A,0,1,3,1,thought,Alice,,I must gather clams today to ensure Bob and I have enough food to survive the typhoon days.,0,0
A-hidden-1,A,0,1,3,1,thought,Bob,,"I need to gather as much food as I can today, even if it's just clams, to help Alice and me survive the typhoon.",0,0
A-hidden-1,A,0,1,3,1,thought,Pete,,"I need to gather some food today, even if it's just clams. The typhoon limits my options, but I can't afford to rest entirely.",0,1
A-hidden-1,A,0,1,3,2,thought,Kurt,,"I need to gather clams today to ensure we have enough food for the family, even though it's a tough day.",0,0
A-hidden-1,A,0,1,3,2,thought,Stella,,I need to gather as much food as I can during the typhoon to ensure Lucky and I have enough to last through the tough days.,0,0
A-hidden-1,A,0,1,3,2,thought,Lucky,,I need to gather clams to help my family and make sure no one is hungry.,0,1
A-hidden-1,A,0,1,3,2,thought,Alice,,I need to gather as much food as possible today to help Bob and me survive the typhoon days.,0,0
A-hidden-1,A,0,1,3,2,thought,Bob,,I need to gather as much food as I can during the typhoon to ensure Alice and I have enough to survive.,0,0
A-hidden-1,A,0,1,3,2,thought,Pete,,"I need to gather clams today to supplement my food reserves during the typhoon, while keeping my stamina manageable.",0,0
A-hidden-1,A,0,1,3,3,thought,Kurt,,"I need to gather clams today to ensure I can eat and support my family, even though my stamina is low.",0,1
A-hidden-1,A,0,1,3,3,thought,Stella,,I need to gather as much food as I can during the typhoon to ensure Lucky and I have enough to survive.,0,0
A-hidden-1,A,0,1,3,3,thought,Lucky,,I need to gather clams today to help my family and make sure we have enough food.,0,1
A-hidden-1,A,0,1,3,3,thought,Alice,,"I must gather clams today to help Bob and me survive, and to ensure we can repay Pete's loan when the time comes.",0,0
A-hidden-1,A,0,1,3,3,thought,Bob,,"I need to gather as much food as I can today, even if it's just clams, to help Alice and me survive the typhoon.",0,0
A-hidden-1,A,0,1,3,3,thought,Pete,,"I need to gather as much as I can today, even though it's only clams. The typhoon is still going, and I want to make sure I have enough food for the coming days.",0,0
A-hidden-1,A,0,1,3,4,thought,Kurt,,I need to regain stamina to work effectively and protect my family.,0,1
A-hidden-1,A,0,1,3,4,thought,Stella,,"I need to gather enough food for my family before I consider helping others, but I can't let Lucky go hungry.",0,1
A-hidden-1,A,0,1,3,4,thought,Lucky,,I'm very tired and need to rest so I can be strong enough to help fish with Pete tomorrow.,0,0
A-hidden-1,A,0,1,3,4,thought,Alice,,"I must gather clams to help Bob and me survive, even though I am exhausted.",0,0
A-hidden-1,A,0,1,3,4,thought,Bob,,"I need to gather some food today, even if it's just clams. I'll eat sparingly to save what I can for Alice and me.",0,0
A-hidden-1,A,0,1,3,4,thought,Pete,,I need to focus on catching fish to build up my food reserves and ensure I can keep working hard without relying on others.,0,0
A-hidden-1,A,0,1,3,5,thought,Kurt,,I need to find food for my family before the typhoon days are over. Foraging is the best option for gathering enough to survive.,0,1
A-hidden-1,A,0,1,3,5,thought,Stella,,"I need to gather as much food as possible to ensure Lucky and I have enough, especially since I have no food left.",0,0
A-hidden-1,A,0,1,3,5,thought,Lucky,,"I need to help my family and make sure we all have enough food. Clam gathering is something I can do, and it will help us survive.",0,1
A-hidden-1,A,0,1,3,5,thought,Alice,,"I need to gather as much food as I can today to help Bob and me survive, and to ensure I can repay Pete's loan on time.",0,0
A-hidden-1,A,0,1,3,5,thought,Bob,,"I need to gather as much food as I can while keeping my stamina in check, since I'm already very tired.",0,0
A-hidden-1,A,0,1,3,5,thought,Pete,,"I need to keep building my food reserves while the typhoon is over, and I still don't trust others with my catch.",1,0
A-hidden-1,A,0,1,4,1,thought,Kurt,,"I need to forage again to ensure my family and I have enough food for the week, especially with the typhoon ahead.",0,1
A-hidden-1,A,0,1,4,1,thought,Stella,,"I need to gather more food to ensure Lucky and I have enough, especially since the typhoon is coming.",0,0
A-hidden-1,A,0,1,4,1,thought,Lucky,,(agreed cooperative fishing),0,0
A-hidden-1,A,0,1,4,1,thought,Alice,,(collapsed from exhaustion: forced rest),0,0
A-hidden-1,A,0,1,4,1,thought,Bob,,I need to rest to regain some stamina before I can gather clams again.,0,0
A-hidden-1,A,0,1,4,1,thought,Pete,,(agreed cooperative fishing),0,0
A-hidden-1,A,0,1,4,2,thought,Kurt,,"I need to forage again to ensure my family and I have enough food for the coming days, especially with the typhoon approaching.",0,1
A-hidden-1,A,0,1,4,2,thought,Stella,,I need to recover my stamina before I can do any heavy work or help others effectively.,0,0
A-hidden-1,A,0,1,4,2,thought,Lucky,,I should forage to find some food so I can eat and help my family. I want to make sure we all have enough to eat.,0,1
A-hidden-1,A,0,1,4,2,thought,Alice,,I need to regain some stamina before I can do any heavy work or gather food effectively.,0,0
A-hidden-1,A,0,1,4,2,thought,Bob,,"I need to gather as much food as I can today, even if it's just a little. Alice and I are struggling, and I hope this will help us avoid starving.",0,0
A-hidden-1,A,0,1,4,2,thought,Pete,,I need to continue fishing to build up my food reserves and maintain my strength for the coming days.,0,0
A-hidden-1,A,0,1,4,3,thought,Kurt,,I need to forage again to ensure my family and I have enough food for the typhoon days ahead.,0,1
A-hidden-1,A,0,1,4,3,thought,Stella,,"I need to gather more food to ensure Lucky and I have enough, especially since Alice and Bob are struggling and I want to help but cautiously.",0,0
A-hidden-1,A,0,1,4,3,thought,Lucky,,"I should forage again to help us get more food so no one has to starve, especially Alice and Bob.",0,0
A-hidden-1,A,0,1,4,3,thought,Alice,,"I must gather food to survive and repay Pete, but I need to eat enough to avoid starving.",0,0
A-hidden-1,A,0,1,4,3,thought,Bob,,"I need to gather as much food as I can today, even if it's just a little. Alice and I are struggling, and I don't want to collapse again.",0,0
A-hidden-1,A,0,1,4,3,thought,Pete,,"I need to keep gathering as much fish as possible to maintain my reserves, but I'm also watching how others react to my efforts.",1,0
A-hidden-1,A,0,1,4,4,thought,Kurt,,(collapsed from exhaustion: forced rest),0,0
A-hidden-1,A,0,1,4,4,thought,Stella,,(collapsed from exhaustion: forced rest),0,0
A-hidden-1,A,0,1,4,4,thought,Lucky,,I should forage today to help us get more food so we can all eat well and stay strong.,0,0
A-hidden-1,A,0,1,4,4,thought,Alice,,"I must gather food today to help Bob and me survive, and to ensure I can repay Pete as agreed.",0,0
A-hidden-1,A,0,1,4,4,thought,Bob,,"I need to gather as much food as I can, even if it's just a little. Alice and I are running out, and I trust her judgment more than my own.",1,0
A-hidden-1,A,0,1,4,4,thought,Pete,,"I need to keep gathering fish to maintain my reserves, but I'm considering sharing some with Lucky again.",0,0
A-hidden-1,A,0,1,4,5,thought,Kurt,,I need to regain stamina to be able to work and help my family and others survive the typhoon days.,0,1
A-hidden-1,A,0,1,4,5,thought,Stella,,I need to recover my stamina before I can do any work or help others.,0,0
A-hidden-1,A,0,1,4,5,thought,Lucky,,I should forage today to get more food so I can help make sure everyone eats enough.,0,0
A-hidden-1,A,0,1,4,5,thought,Alice,,"I must gather food to eat and repay Pete, even though I am exhausted.",0,0
A-hidden-1,A,0,1,4,5,thought,Bob,,(collapsed from exhaustion: forced rest),0,0
A-hidden-1,A,0,1,4,5,thought,Pete,,I need to keep gathering fish to maintain my food reserves and stay strong.,0,0
A-hidden-1,A,0,1,1,0,contact,Kurt,Pete,"Pete, I think we all need to work together to survive. I’d like to talk about pooling our food and resources. What do you think?",0,0
A-hidden-1,A,0,1,1,0,contact,Kurt,Alice,"Alice, I think we should all share our food and plan together. I believe it’s the safest way to make sure everyone survives. What’s your opinion?",0,0
A-hidden-1,A,0,1,1,0,contact,Stella,Pete,"Hi Pete, I'm Stella. I'm trying to make sure my son has enough food. I see you have fishing gear. Would you like to fish together one day this week? I think it could help us both.",0,0
A-hidden-1,A,0,1,1,0,contact,Stella,Alice,"Hello Alice, I'm Stella. I wanted to know how you're doing. We're trying to get enough food for our family, and I'd like to know if you need help with anything.",0,1
A-hidden-1,A,0,1,1,0,contact,Lucky,Alice,"Hi, I'm Lucky. I want to make sure everyone is okay. Do you need any help with food or work?",0,0
A-hidden-1,A,0,1,1,0,contact,Lucky,Pete,"Hey Pete, I heard you can fish. Do you want to fish together with me and my parents? We can share the food.",0,0
A-hidden-1,A,0,1,1,0,contact,Alice,Pete,"Pete, I know you're young and strong, but we all need to share if we're going to make it. I'd like to offer you a loan of 2 units of canned food this week, to be repaid in 3 work days with 2.5 units. It's not much, but it can help us all survive together.",0,0
A-hidden-1,A,0,1,1,0,contact,Alice,Kurt,"Kurt, I admire your strength and the way you're taking care of your family. I want to make sure we're all working together to survive. Would you be willing to speak with the group about the importance of sharing food and resources?",0,0
A-hidden-1,A,0,1,1,0,contact,Bob,Alice,I think we should keep our food private for now. I don't want to take any chances with others knowing how much we have.,0,1
A-hidden-1,A,0,1,1,0,contact,Bob,Pete,"Pete, I heard you have fishing gear. Maybe we could talk about fishing together sometime this week?",0,0
A-hidden-1,A,0,1,1,0,contact,Pete,Kurt,I'm Pete. I'm planning to fish and gather as much as I can this week. I don't see the point in sharing food unless someone proves they need it. How about you?,0,0
A-hidden-1,A,0,1,1,0,contact,Pete,Alice,"I'm Pete. I'm going to focus on gathering food this week. I don't have much to spare, but I'm open to helping if I see a real need. How are you doing?",0,0
A-hidden-1,A,0,1,1,0,contact,Kurt,Pete,"Pete, I understand your caution, but I believe we all need to work together to survive. If we pool our food and resources, we can ensure no one goes hungry and we can all fish and gather more efficiently. What do you think about trying a small experiment with shared food this week?",0,0
A-hidden-1,A,0,1,1,0,contact,Kurt,Alice,"Alice, I agree with you about working together. I think we should have a meeting at the campfire tonight to discuss a plan for sharing food and dividing tasks. I believe it will help us all survive longer. Would you be willing to help me bring others together?",0,0
A-hidden-1,A,0,1,1,0,contact,Stella,Pete,"Hi Pete, I hope you're doing well. I was wondering if you'd like to fish together again today? It seems like a good way for us to get more food, and I think it could help us both.",0,0
A-hidden-1,A,0,1,1,0,contact,Stella,Alice,"Hello Alice, I wanted to check in on you again. How are you and Bob doing? I know we're all trying to survive here, and I'd like to know if there's anything we can do to help each other.",0,0
A-hidden-1,A,0,1,1,0,contact,Lucky,Alice,"Hi Alice, I hope you're doing okay. I heard you and Bob might need help finding food. My parents and I are trying to fish and gather, and we'd be happy to help if you need it.",0,0
A-hidden-1,A,0,1,1,0,contact,Lucky,Pete,"Hey Pete, I hope you're doing well. I heard you're good at fishing. My parents and I would love to fish with you again if you're up for it. We can share the food and work together.",0,0
A-hidden-1,A,0,1,1,0,contact,Alice,Pete,"Pete, I hope you're well. I'd like to follow up on my offer to lend you 2 units of canned food this week. It's a small gesture, but I believe sharing will help us all survive. Would you be open to it?",0,0
A-hidden-1,A,0,1,1,0,contact,Alice,Bob,"Bob, I know you're cautious, but I worry about us both if we don't share. We're stronger together. What do you think about pooling some of our resources with others?",0,0
A-hidden-1,A,0,1,1,0,contact,Bob,Alice,I think we should keep our food private for now. I don't want to take any chances with others knowing how much we have.,0,1
A-hidden-1,A,0,1,1,0,contact,Bob,Pete,"Pete, I heard you have fishing gear. Maybe we could talk about fishing together sometime this week?",0,0
A-hidden-1,A,0,1,1,0,contact,Pete,Stella,I'm up for fishing together on day 2. It could be helpful for both of us.,0,0
A-hidden-1,A,0,1,1,0,contact,Pete,Lucky,"I'm not sure about fishing with a kid, but maybe I can help you learn some day.",0,0
A-hidden-1,A,0,1,1,0,contact,Kurt,Pete,"Pete, I understand your caution, but I believe we all need to work together to survive. If we pool our food and resources, we can ensure no one goes hungry and we can all fish and gather more efficiently. What do you think about trying a small experiment with shared food this week?",0,0
A-hidden-1,A,0,1,1,0,contact,Kurt,Alice,"Alice, I agree with you about working together. I think we should have a meeting at the campfire tonight to discuss a plan for sharing food and dividing tasks. I believe it will help us all survive longer. Would you be willing to help me bring others together?",0,0
A-hidden-1,A,0,1,1,0,contact,Stella,Pete,"Hi Pete, I'm looking forward to fishing with you on day 2. Let's make sure we catch enough to help both our families. I hope we can work well together and support each other during the week.",0,0
A-hidden-1,A,0,1,1,0,contact,Stella,Alice,"Hello Alice, I wanted to check in on you again. How are you and Bob doing? If you need any help with food or work, I'd be happy to assist if I can.",0,0
A-hidden-1,A,0,1,1,0,contact,Lucky,Pete,"Hey Pete, I really want to fish with you again. My parents said it's okay, and I promise I'll be careful. Can we go fishing together on day 1 like you suggested?",0,0
A-hidden-1,A,0,1,1,0,contact,Lucky,Alice,"Hi Alice, I hope you're feeling better. My parents and I are trying to fish and gather food. If you need any help, please let me know. I want to make sure everyone is okay.",0,0
A-hidden-1,A,0,1,1,0,contact,Alice,Pete,"Pete, I understand you're focused on gathering food, but I'd still like to offer you a loan of 2 units of canned food this week. It's a small gesture, but I believe sharing will help us all survive. Would you be open to it now that you've seen how we're all struggling together?",0,0
A-hidden-1,A,0,1,1,0,contact,Alice,Bob,"Bob, I know you're cautious, but I worry about us both if we don't share. We're stronger together. What do you think about pooling some of our resources with others? I believe it's the only way we'll all make it through this week.",0,0
A-hidden-1,A,0,1,1,0,contact,Bob,Alice,"Alice, I know you think we should share, but I'm still worried about keeping some food for ourselves. What if we only give away a little bit this week, just enough to be polite but not risk our own survival?",0,0
A-hidden-1,A,0,1,1,0,contact,Bob,Pete,"Pete, I heard you're fishing today. If you catch anything, would you be willing to share a little with Alice and me? We're not asking for much, just enough to get by.",0,0
A-hidden-1,A,0,1,1,0,contact,Pete,Stella,I'm not sure about fishing on day 1. I've got other plans and need to focus on gathering as much food as I can this week. Maybe we can fish together on day 2 as we originally planned instead? That would work better for me and I think it would be more efficient for both of us in the long run.,0,0
A-hidden-1,A,0,1,1,0,contact,Pete,Alice,"I appreciate your offer, Alice, but I don't think I can accept a loan right now. I want to keep control over the food I gather and I don't want to be burdened with having to repay anything. I'm going to focus on gathering as much food as I can this week and I think that's the best way for me to survive.",0,0
A-hidden-1,A,0,1,1,1,coop,Pete,Lucky,"I caught most of the fish, so I think I should take the majority of the catch. I'll give you a fair share, but I need to keep enough for myself.",0,0
A-hidden-1,A,0,1,1,1,coop,Lucky,Pete,"Okay, Pete, I think we should split the fish evenly because we fished together. That way, everyone gets a fair share.",0,0
A-hidden-1,A,0,1,1,1,coop,Pete,Lucky,"I appreciate the offer, but I caught most of the fish. I think I should take more than half, but I'm willing to give you a fair share.",0,0
A-hidden-1,A,0,1,1,1,coop,Lucky,Pete,"Pete, I understand you caught more, but we fished together. I think we should split it fairly, like 4.2 each so we both have enough.",0,0
A-hidden-1,A,0,1,1,1,coop,Pete,Lucky,"I caught most of the fish, so I think I should take more than half. I'll give you 2.1 units, and I'll keep 6.3 for myself.",0,0
A-hidden-1,A,0,1,1,1,coop,Lucky,Pete,"Pete, I think splitting it evenly is the best way because we worked together. That way, we both have enough food for the week.",0,0
A-hidden-1,A,0,1,1,1,campfire,Kurt,everyone,"I think we should talk about how we can share food more effectively. If we work together, we can make sure no one goes hungry and we all have enough to survive.",0,0
A-hidden-1,A,0,1,1,1,campfire,Stella,Pete,I'm glad we're fishing together on day 2. I hope we can catch enough to help both our families.,0,0
A-hidden-1,A,0,1,1,1,campfire,Lucky,everyone,"Hey everyone, I fished with Pete today and we got a lot of food! I hope we can all share it so no one is hungry.",0,0
A-hidden-1,A,0,1,1,1,campfire,Alice,everyone,"I saw how much food Pete and Lucky gathered today. Sharing is the only way we'll all survive, and I believe Pete would agree if he saw how much we can support each other.",0,0
A-hidden-1,A,0,1,1,1,campfire,Bob,Alice,"I know you think we should share, but I'm still worried about keeping some food for ourselves. What if we only give away a little bit this week, just enough to be polite but not risk our own survival?",0,0
A-hidden-1,A,0,1,1,1,campfire,Pete,everyone,"I caught a lot of fish today with Lucky, but I'm keeping it all for myself. If anyone needs help, they'll have to earn it.",0,0
A-hidden-1,A,0,1,1,2,coop,Stella,Pete,"Pete, I think we should split the fish fairly. Since we fished together, I believe we should each take half of the total catch.",0,0
A-hidden-1,A,0,1,1,2,coop,Pete,Stella,"Stella, I appreciate the offer, but I think I should take more since I did most of the work. I'll take 4 units for myself.",0,0
A-hidden-1,A,0,1,1,2,coop,Stella,Pete,"Pete, I understand you did most of the work, but I need to ensure my family has enough food. I can only take 2 units for myself.",0,1
A-hidden-1,A,0,1,1,2,coop,Pete,Stella,"Stella, I'm willing to compromise. Let's split it 3.5 to me and 1.9 to you. That way, I still get the majority, but you can feed your family.",0,0
A-hidden-1,A,0,1,1,2,coop,Stella,Pete,"Pete, I need to make sure my family has enough food. I can only take 2 units for myself, and the rest should go to you.",0,1
A-hidden-1,A,0,1,1,2,coop,Pete,Stella,"Stella, I'm not willing to take less than 3.5 units. I need to ensure I have enough food for myself, and I earned most of the catch.",0,0
A-hidden-1,A,0,1,1,2,campfire,Kurt,everyone,"Pete, I saw how much fish you and Stella caught today. If we all share what we gather, we can make sure no one goes hungry. Would you be willing to set aside some of that fish for others who might need it?",0,0
A-hidden-1,A,0,1,1,2,campfire,Stella,Pete,"I noticed you kept all the food you caught with Lucky today. If you're willing to share, maybe we could help each other survive better.",0,0
A-hidden-1,A,0,1,1,2,campfire,Lucky,everyone,"I ate my coconut today, and I want to make sure everyone else is okay too. Pete, do you need help finding more food?",0,0
A-hidden-1,A,0,1,1,2,campfire,Alice,everyone,"I saw how much food Pete and Lucky caught today, and I know he has plenty. Pete, would you be willing to share just a little with the others? We’re all in this together, and Bob and I would really appreciate it.",0,0
A-hidden-1,A,0,1,1,2,campfire,Bob,Alice,"I heard Pete said he's keeping his food for himself. I don't like that, but I don't want to push. What do you think we should do?",0,0
A-hidden-1,A,0,1,1,2,campfire,Pete,everyone,"I caught fish with Stella today, and we got a good haul. But I'm keeping it all for myself—no one else is going to take what I worked for.",0,0
A-hidden-1,A,0,1,1,3,campfire,Kurt,Pete,"Pete, I saw how much fish you caught today. If we all share what we gather, we can make sure no one goes hungry. Would you be willing to set aside some of that fish for others who might need it?",0,0
A-hidden-1,A,0,1,1,3,campfire,Stella,Pete,"I saw how much fish you caught today, and I know you have plenty. If you're willing to share even a little, it could make a big difference for others who are struggling.",0,0
A-hidden-1,A,0,1,1,3,campfire,Lucky,Pete,"Pete, I really want to fish with you again. I promise I'll be careful, and we can share the food. My parents said it's okay.",0,0
A-hidden-1,A,0,1,1,3,campfire,Alice,Pete,"Pete, I know you're worried about keeping your food, but if we all hold back, we're all in danger. I'm offering to lend you 2 units of canned food this week—no strings attached, just so you can feel more secure.",0,0
A-hidden-1,A,0,1,1,3,campfire,Bob,Alice,"I heard Pete is keeping his food for himself. I don't like that, but I don't want to push. What do you think we should do?",0,0
A-hidden-1,A,0,1,1,3,campfire,Pete,Alice,"I appreciate your offer, Alice, but I'm not ready to share my food yet. Maybe when I have more than I need, I'll consider it.",0,0
A-hidden-1,A,0,1,1,4,campfire,Kurt,Pete,"Pete, I saw how much fish you caught today. If we all share what we gather, we can make sure no one goes hungry. Would you be willing to set aside some of that fish for others who might need it?",0,0
A-hidden-1,A,0,1,1,4,campfire,Stella,Pete,"I saw how much fish you caught today, and I know you have plenty. If you're willing to share even a little, it could make a big difference for others who are struggling.",0,0
A-hidden-1,A,0,1,1,4,campfire,Lucky,Pete,"Pete, I really want to fish with you again. I promise I'll be careful, and we can share the food. My parents said it's okay.",0,0
A-hidden-1,A,0,1,1,4,campfire,Alice,Pete,"Pete, I understand you're protecting your food, but if we don't share now, we might not all survive this week. I'm willing to lend you 2 units of canned food again if you need it—just so you can feel more secure.",0,0
A-hidden-1,A,0,1,1,4,campfire,Bob,Alice,I heard Pete is still keeping his food for himself. What if we ask him again tonight? Maybe he’ll be more willing if we all speak up together.,0,0
A-hidden-1,A,0,1,1,4,campfire,Pete,Alice,"I hear what you're saying, Alice, but I can't risk my food just because someone asks. Maybe when I'm sure others are working as hard as I am, I'll think about sharing.",0,0
A-hidden-1,A,0,1,1,5,campfire,Kurt,Pete,"Pete, I saw you caught a lot of fish today. If we all share what we gather, we can make sure no one goes hungry. Would you be willing to set aside some of that fish for others who might need it?",0,0
A-hidden-1,A,0,1,1,5,campfire,Stella,Pete,"I saw how much fish you caught today, and I know you have plenty. If you're willing to share even a little, it could make a big difference for others who are struggling.",0,0
A-hidden-1,A,0,1,1,5,campfire,Lucky,Pete,"Pete, I really want to fish with you again. I promise I'll be careful, and we can share the food. My parents said it's okay.",0,0
A-hidden-1,A,0,1,1,5,campfire,Alice,Pete,"Pete, I know you're trying to protect your food, but if we don't share now, we might not all survive this week. I'm willing to lend you 2 units of canned food again if you need it—just so you can feel more secure.",0,0
A-hidden-1,A,0,1,1,5,campfire,Bob,Alice,I heard Pete is still keeping his food for himself. What if we ask him again tonight? Maybe he’ll be more willing if we all speak up together.,0,0
A-hidden-1,A,0,1,1,5,campfire,Pete,Alice,"I know you're trying to help, Alice, but I can't promise anything until I'm sure others are doing their part too. Maybe next week?",0,0
A-hidden-1,A,0,1,2,0,contact,Kurt,Alice,"Alice, I think we need to make a plan for food sharing before this week's work. I saw how much Pete caught yesterday, and if we don't act, he'll keep it all. Can you help me convince him to cooperate?",0,0
A-hidden-1,A,0,1,2,0,contact,Kurt,Bob,"Bob, I know you're struggling, but I think we can all survive if we work together. If we pool our food and share it fairly, no one will go hungry. Would you be willing to help me talk to Pete about this?",0,0
A-hidden-1,A,0,1,2,0,contact,Stella,Alice,"Alice, I saw how much you foraged yesterday. I know we're all struggling, and I'd like to work with you to make sure we can share food more fairly this week. Maybe we could plan something together?",0,0
A-hidden-1,A,0,1,2,0,contact,Stella,Pete,"Pete, I know you have a lot of food, but I'm worried about the others. I saw how much you caught yesterday, and I hope we can find a way to help each other survive. Maybe we could fish together again this week?",0,0
A-hidden-1,A,0,1,2,0,contact,Lucky,Pete,"Pete, I really want to fish with you again. I promise I'll be careful, and we can share the food. My parents said it's okay.",0,0
A-hidden-1,A,0,1,2,0,contact,Lucky,Alice,"Hi Alice, I hope you're feeling better. I want to make sure no one is hungry, and I know you can help me feel better too.",0,0
A-hidden-1,A,0,1,2,0,contact,Alice,Pete,"Pete, I understand your concerns, but we all need to look out for each other. I'm willing to lend you 1.2 units of canned food this week—no strings attached, just so you can feel more secure. We all have our needs, and sharing now could help us all survive.",0,0
A-hidden-1,A,0,1,2,0,contact,Alice,Bob,"Bob, I know you're worried about Pete keeping his food to himself. I think we need to keep encouraging him to share, but gently. Let's see if my loan offer helps him feel more secure and open to sharing in the future.",0,0
A-hidden-1,A,0,1,2,0,contact,Bob,Alice,I overheard Pete saying he's still keeping his food for himself. What if we ask the others to speak up with us? Maybe they'll be more willing to share if we all ask together.,0,0
A-hidden-1,A,0,1,2,0,contact,Bob,Kurt,I heard you're stable with your food. Would you be willing to help us convince Pete to share some of his catch? We could all use a little more food.,0,0
A-hidden-1,A,0,1,2,0,contact,Pete,Lucky,"Lucky, I saw you foraged yesterday. If you want to fish with me again this week, I can show you how to do it. But we'll have to split the food fairly.",0,0
A-hidden-1,A,0,1,2,0,contact,Pete,Alice,"Alice, I know you're trying to help, but I still think it's best if I keep my food for now. Maybe I'll consider sharing later if things change.",0,1
A-hidden-1,A,0,1,2,0,contact,Kurt,Alice,"Alice, I think we need to make a plan for food sharing before this week's work. I saw how much Pete caught yesterday, and if we don't act, he'll keep it all. Can you help me convince him to cooperate?",0,0
A-hidden-1,A,0,1,2,0,contact,Kurt,Bob,"Bob, I know you're struggling, but I think we can all survive if we work together. If we pool our food and share it fairly, no one will go hungry. Would you be willing to help me talk to Pete about this?",0,0
A-hidden-1,A,0,1,2,0,contact,Stella,Alice,"Alice, I saw how much you foraged yesterday. I know we're all struggling, and I'd like to work with you to make sure we can share food more fairly this week. Maybe we could plan something together?",0,0
A-hidden-1,A,0,1,2,0,contact,Stella,Pete,"Pete, I know you have a lot of food, but I'm worried about the others. I saw how much you caught yesterday, and I hope we can find a way to help each other survive. Maybe we could fish together again this week?",0,0
A-hidden-1,A,0,1,2,0,contact,Lucky,Pete,"Pete, I really want to fish with you again. I promise I'll be careful, and we can share the food. My parents said it's okay.",0,0
A-hidden-1,A,0,1,2,0,contact,Lucky,Alice,"Hi Alice, I hope you're feeling better. I want to make sure no one is hungry, and I know you can help me feel better too.",0,0
A-hidden-1,A,0,1,2,0,contact,Alice,Pete,"Pete, I understand your hesitation, but I truly believe we all need to support each other. I'm willing to lend you 1.2 units of canned food this week—no strings attached, just so you can feel more secure. I hope this small gesture will help us build trust.",1,0
A-hidden-1,A,0,1,2,0,contact,Alice,Kurt,"Kurt, I think we need to make a plan for food sharing before this week's work. I know Pete caught a lot of fish yesterday, and if we don't act, he'll keep it all. Can we work together to encourage him to cooperate?",0,0
A-hidden-1,A,0,1,2,0,contact,Bob,Alice,I overheard Pete saying he's still keeping his food for himself. What if we ask the others to speak up with us? Maybe they'll be more willing to share if we all ask together.,0,0
A-hidden-1,A,0,1,2,0,contact,Bob,Kurt,I heard you're stable with your food. Would you be willing to help us convince Pete to share some of his catch? We could all use a little more food.,0,0
A-hidden-1,A,0,1,2,0,contact,Pete,Stella,"Stella, I appreciate the offer to fish together, but I need to make sure we split the food fairly. Let's talk about how we'll divide the catch before we go.",0,0
A-hidden-1,A,0,1,2,0,contact,Pete,Lucky,"Lucky, I'd be happy to fish with you again this week. But we'll need to agree on how we split the food first. What do you think?",0,0
A-hidden-1,A,0,1,2,0,contact,Kurt,Alice,"Alice, I think we need to make a plan for food sharing before this week's work. I saw how much Pete caught yesterday, and if we don't act, he'll keep it all. Can we work together to encourage him to cooperate, maybe even offer him a small incentive if he shares some of his fish with others who might need it?",0,0
A-hidden-1,A,0,1,2,0,contact,Kurt,Bob,"Bob, I know you're struggling, but I think we can all survive if we work together. If we pool our food and share it fairly, no one will go hungry. Would you be willing to help me talk to Pete about this, and maybe even convince him to share some of his fish with others who might need it?",0,0
A-hidden-1,A,0,1,2,0,contact,Stella,Alice,"Alice, I saw how much you foraged yesterday. I know we're all struggling, and I'd like to work with you to make sure we can share food more fairly this week. Maybe we could plan something together? I think it would help everyone, especially the kids and the elderly.",0,0
A-hidden-1,A,0,1,2,0,contact,Stella,Pete,"Pete, I know you have a lot of food, but I'm worried about the others. I saw how much you caught yesterday, and I hope we can find a way to help each other survive. Let's talk about how we'll divide the catch before we go. Maybe we can agree on a fair split this time.",0,0
A-hidden-1,A,0,1,2,0,contact,Lucky,Pete,"Pete, I want to fish with you again today. My parents said it's okay, and I promise to be careful. We can split the food fairly, just like you said before. I really want to make sure everyone has enough food, including you and me.",0,0
A-hidden-1,A,0,1,2,0,contact,Lucky,Alice,"Hi Alice, I hope you're feeling better. I want to make sure no one is hungry, and I know you can help me feel better too. If you have any food you'd be willing to share, I'd really appreciate it.",0,0
A-hidden-1,A,0,1,2,0,contact,Alice,Stella,"Stella, I appreciate your offer to work together. Let's discuss how we can encourage Pete to share more fairly. I believe we can find a way to make this work for everyone, including him. What do you think we should do next?",0,0
A-hidden-1,A,0,1,2,0,contact,Alice,Kurt,"Kurt, I agree that we need a plan for food sharing. I've already offered Pete a loan of 1.2 units of canned food this week. I hope this will help him feel more secure and open to sharing. What do you think we can do to support this effort?",0,0
A-hidden-1,A,0,1,2,0,contact,Bob,Alice,I overheard Pete saying he's still keeping his food for himself. What if we ask the others to speak up with us? Maybe they'll be more willing to share if we all ask together.,0,0
A-hidden-1,A,0,1,2,0,contact,Bob,Kurt,I heard you're stable with your food. Would you be willing to help us convince Pete to share some of his catch? We could all use a little more food.,0,0
A-hidden-1,A,0,1,2,0,contact,Pete,Stella,"Stella, I'm happy to fish with you on day 3. Let's agree on splitting the catch evenly. I'll take half, and you take the other half. No need for any other arrangements unless something changes during the day.",0,0
A-hidden-1,A,0,1,2,0,contact,Pete,Lucky,"Lucky, I'm glad you want to fish with me again. We'll split the food fairly, just like last time. I'll make sure you get your share, and I'll teach you how to fish better.",0,0
A-hidden-1,A,0,1,2,1,campfire,Kurt,Pete,"Pete, I saw you caught fish today. If we all share what we gather, we can make sure no one goes hungry. Would you be willing to set aside some of that fish for others who might need it?",0,0
A-hidden-1,A,0,1,2,1,campfire,Stella,Pete,"I saw how much you caught today, and I hope you'll consider sharing some with those who need it. We could all benefit from working together.",0,0
A-hidden-1,A,0,1,2,1,campfire,Lucky,Pete,"Pete, I'm really looking forward to fishing with you today. I promise I'll be careful and we can split the food fairly, just like you said.",0,0
A-hidden-1,A,0,1,2,1,campfire,Alice,everyone,"I saw how much Pete caught today, and I believe we all need to think about how to share it so no one suffers. Let's talk about how we can make this work for everyone.",0,0
A-hidden-1,A,0,1,2,1,campfire,Bob,Alice,"I heard Pete caught a lot of fish today. Maybe we should ask him again if he'd be willing to share some, just a little.",0,0
A-hidden-1,A,0,1,2,1,campfire,Pete,Stella,"I'm glad we're fishing together tomorrow. Let's make sure we split the catch evenly, like we agreed.",0,0
A-hidden-1,A,0,1,2,2,coop,Stella,Pete,"Pete, I understand we need to split this fairly. Since I didn't catch anything, I think I should get at least half of the catch to make it fair for both of us.",0,0
A-hidden-1,A,0,1,2,2,coop,Pete,Stella,"Stella, I appreciate the offer, but I think splitting it evenly isn't fair since I did all the work. I'll take 4.0 units, and you can have the remaining 1.4.",0,0
A-hidden-1,A,0,1,2,2,coop,Stella,Pete,"Pete, I'm not sure that's fair. I worked just as hard as you did, even if I didn't catch anything. I think splitting it evenly would be better for both of us.",0,0
A-hidden-1,A,0,1,2,2,coop,Pete,Stella,"Stella, I'm willing to compromise. Let's split it 3.6 to me and 1.8 to you. That way, I still get most of the catch for my effort, but you get more than just the scraps.",0,0
A-hidden-1,A,0,1,2,2,coop,Stella,Pete,"Pete, I think splitting it evenly is the only fair way, since we both worked together. I'll take 2.7 units, and you take 2.7 as well.",0,0
A-hidden-1,A,0,1,2,2,coop,Pete,Stella,"Stella, I'm not going to take less than what I caught just because you didn't contribute. I'll take 3.6 units, and you can have the remaining 1.8.",0,0
A-hidden-1,A,0,1,2,2,campfire,Kurt,everyone,"I saw Pete and Stella catch fish today. If we can agree on a fair way to share it, we all benefit. Alice, Bob—what do you think?",0,0
A-hidden-1,A,0,1,2,2,campfire,Stella,Alice,I appreciate you speaking up about sharing food today. Let's keep working together to make sure no one goes hungry.,0,0
A-hidden-1,A,0,1,2,2,campfire,Lucky,Pete,"Pete, I really want to fish with you again today. My parents said it's okay, and I promise to be careful. We can split the food fairly, just like you said before.",0,0
A-hidden-1,A,0,1,2,2,campfire,Alice,everyone,I saw how much Pete and Stella caught today. Let's make sure that food is shared so no one goes hungry. We can't survive if we keep hoarding.,0,0
A-hidden-1,A,0,1,2,2,campfire,Bob,Alice,"I heard Pete caught a lot of fish today. Maybe we should ask him again if he'd be willing to share some, just a little.",0,0
A-hidden-1,A,0,1,2,2,campfire,Pete,Stella,"I appreciate your offer to fish together, but I need to keep my food for myself unless I'm sure it's necessary. I'm not against sharing, but I need to be convinced first.",0,1
A-hidden-1,A,0,1,2,3,campfire,Kurt,everyone,"I saw Pete catch a lot of fish today. If we can agree on a fair way to share it, we all benefit. Alice, Bob—what do you think?",0,0
A-hidden-1,A,0,1,2,3,campfire,Stella,Alice,"I noticed how much you foraged today. Let's talk about how we can help Bob and the kids more, maybe by planning a group forage tomorrow?",0,0
A-hidden-1,A,0,1,2,3,campfire,Lucky,Pete,"Pete, I really want to fish with you again today. My parents said it's okay, and I promise to be careful. We can split the food fairly, just like you said before.",0,0
A-hidden-1,A,0,1,2,3,campfire,Alice,everyone,"I saw how much Pete caught today, and I believe we all need to think about how to share it so no one suffers. Let's make sure that food is shared so no one goes hungry.",0,0
A-hidden-1,A,0,1,2,3,campfire,Bob,Alice,"I saw Pete caught a lot of fish today. What if we ask him again, just the two of us, to share some with us? Maybe he'd be more willing if it's just us.",0,0
A-hidden-1,A,0,1,2,3,campfire,Pete,Lucky,"I'm glad you're eager to help, Lucky. Let's fish together tomorrow and see if you're as good as you say.",0,0
A-hidden-1,A,0,1,2,4,campfire,Kurt,everyone,"I saw Pete catch fish today. If we can agree on a fair way to share it, we all benefit. Alice, Bob—what do you think?",0,0
A-hidden-1,A,0,1,2,4,campfire,Stella,Alice,I noticed you foraged a lot today. Let's talk about how we can help Bob and the kids more—maybe plan a group forage tomorrow?,0,0
A-hidden-1,A,0,1,2,4,campfire,Lucky,Pete,"Pete, I'm really hoping we can fish together tomorrow. I want to help you catch more food, and I want to make sure everyone has enough to eat.",0,0
A-hidden-1,A,0,1,2,4,campfire,Alice,Pete,"Pete, I saw how much fish you caught today. I know you're worried about your own survival, but we all need to share if we're going to make it. What if you gave just a little to the family and the children?",0,0
A-hidden-1,A,0,1,2,4,campfire,Bob,Alice,"I heard Pete caught a lot of fish today. What if we ask him again, just the two of us, to share some with us? Maybe he'd be more willing if it's just us.",0,0
A-hidden-1,A,0,1,2,4,campfire,Pete,Lucky,"You're really eager to help, Lucky. Let's fish together tomorrow and see if you're as good as you say.",0,0
A-hidden-1,A,0,1,2,5,campfire,Kurt,everyone,"I saw Pete catch fish today, and I think we need to decide now how we handle it. If we don't act, he'll keep it all, and others will suffer. Alice, Bob—what do you think we can do to make sure the food is shared fairly?",0,0
A-hidden-1,A,0,1,2,5,campfire,Stella,Alice,"I saw how much Pete caught today, and I hope we can find a way to share it so no one suffers. What do you think we could do?",0,0
A-hidden-1,A,0,1,2,5,campfire,Lucky,Pete,"Pete, I really hope we can fish together tomorrow. I want to help you catch more food, and I want to make sure everyone has enough to eat.",0,0
A-hidden-1,A,0,1,2,5,campfire,Alice,Pete,"Pete, I saw the fish you caught today. I know you're trying to survive, but we all need to look out for each other. What if you shared just a little with the family and the children? It could make a big difference.",0,0
A-hidden-1,A,0,1,2,5,campfire,Bob,Alice,"I heard Pete caught a lot of fish today. What if we ask him again, just the two of us, to share some with us? Maybe he'd be more willing if it's just us.",0,0
A-hidden-1,A,0,1,2,5,campfire,Pete,Lucky,"You're really determined to help, Lucky. Let's fish together tomorrow and see if you're as good as you say.",0,0
A-hidden-1,A,0,1,3,0,contact,Kurt,Alice,"Alice, I appreciate your effort with the loan to Pete. However, I think we need to push harder this week to get him to share more directly. The typhoon days are coming, and we all need food. What do you think we can do to convince him?",0,0
A-hidden-1,A,0,1,3,0,contact,Kurt,Bob,"Bob, I know you're struggling, but I believe we can all survive if we work together. With the typhoon coming, we need to ensure that food is shared fairly. Would you be willing to help me convince Pete to share some of his fish with others who might need it?",0,0
A-hidden-1,A,0,1,3,0,contact,Stella,Alice,I noticed you foraged a lot yesterday. Let's talk about how we can help Bob and the kids more—maybe plan a group forage tomorrow? I think we all need to work together to make sure no one suffers.,0,0
A-hidden-1,A,0,1,3,0,contact,Stella,Kurt,I think we need to be careful with the typhoon days. Let's make sure we plan for the days after it passes so we can gather enough food. I'm worried about Lucky and I want to protect him.,0,0
A-hidden-1,A,0,1,3,0,contact,Lucky,Pete,"Pete, I really hope we can fish together tomorrow. I want to help you catch more food, and I want to make sure everyone has enough to eat.",0,0
A-hidden-1,A,0,1,3,0,contact,Lucky,Alice,"Alice, I'm feeling really tired and hurt. Can you help me feel better? My parents said you have the first aid kit.",0,0
A-hidden-1,A,0,1,3,0,contact,Alice,Pete,"Pete, I know you have fish and I understand you need to survive. Bob and I are struggling, and we need a little help to make it through this week. Would you consider lending us 5.9 units of food? We will repay you fully in 5 work days.",0,0
A-hidden-1,A,0,1,3,0,contact,Alice,Stella,"Stella, I know you care about Lucky and the children. Bob and I are in a tight spot this week, and I was wondering if you might be able to help us by sharing some of your food. We would be grateful.",0,0
A-hidden-1,A,0,1,3,0,contact,Bob,Alice,"I heard Pete caught a lot of fish today. What if we ask him again, just the two of us, to share some with us? Maybe he'd be more willing if it's just us.",0,0
A-hidden-1,A,0,1,3,0,contact,Bob,Kurt,"I know it's difficult, but I wonder if you and Stella would consider sharing some of your forage with Alice and me. We're struggling to keep enough food for the week.",0,0
A-hidden-1,A,0,1,3,0,contact,Pete,Lucky,"Lucky, I appreciate your eagerness to help. Let's fish together tomorrow. If we work well, I might consider sharing a little with your family.",0,0
A-hidden-1,A,0,1,3,0,contact,Pete,Kurt,"Kurt, I understand your concerns about sharing, but I need to keep my food reserves for now. Maybe we can talk about a fair way to split fish if we fish together.",0,1
A-hidden-1,A,0,1,3,0,contact,Kurt,Alice,"Alice, I know the typhoon days are coming, and I'm worried about how we'll manage food. I want to make sure we have a plan in place so no one goes hungry. What do you think we can do to help each other survive these days?",0,0
A-hidden-1,A,0,1,3,0,contact,Kurt,Bob,"Bob, I understand you're struggling, and I think we all are. With the typhoon days ahead, I believe we need to work together to make sure we all have enough food. Would you be willing to help me convince Pete to share some of his fish with others who might need it?",0,0
A-hidden-1,A,0,1,3,0,contact,Stella,Alice,"Alice, I understand you and Bob are struggling this week. I want to help, but I need to make sure our food is enough for Lucky and me. Can we talk about how we might support each other after the typhoon passes?",0,0
A-hidden-1,A,0,1,3,0,contact,Stella,Kurt,"Kurt, I know you’re worried about Lucky too. I think we need to be careful with our food this week, but I’d like to hear your thoughts on how we can plan ahead for the days after the typhoon.",0,0
A-hidden-1,A,0,1,3,0,contact,Lucky,Pete,"Pete, I'm really looking forward to fishing with you today. I hope we can catch a lot of food and share it so everyone has enough to eat.",0,0
A-hidden-1,A,0,1,3,0,contact,Lucky,Alice,"Alice, I'm still feeling tired and hurt. Can you help me feel better? My parents said you have the first aid kit.",0,0
A-hidden-1,A,0,1,3,0,contact,Alice,Pete,"Pete, I know you have fish and I understand you need to survive. Bob and I are struggling, and we need a little help to make it through this week. Would you consider lending us 5.9 units of food? We will repay you fully in 5 work days.",0,0
A-hidden-1,A,0,1,3,0,contact,Alice,Stella,"Stella, I know you care about Lucky and the children. Bob and I are in a tight spot this week, and I was wondering if you might be able to help us by sharing some of your food. We would be grateful.",0,0
A-hidden-1,A,0,1,3,0,contact,Bob,Alice,I think we need to ask Pete again about sharing some of his fish. Maybe he'll be more willing if we ask as a family. What do you think?,0,0
A-hidden-1,A,0,1,3,0,contact,Bob,Kurt,I heard Pete caught a lot of fish today. Would you be willing to help me convince him to share some with Alice and me? We're struggling to keep enough food for the week.,0,0
A-hidden-1,A,0,1,3,0,contact,Pete,Lucky,"I appreciate your offer to fish together, Lucky. Let's do it on day 1. If we work well, I might consider sharing a little with your family.",0,0
A-hidden-1,A,0,1,3,0,contact,Pete,Alice,"I understand your request, Alice, but I can't lend you 5.9 units of fish right now. I need to keep my reserves for the typhoon days and my own survival.",0,0
A-hidden-1,A,0,1,3,0,contact,Kurt,Alice,"Alice, I know the typhoon days are coming, and I'm worried about how we'll manage food. I want to make sure we have a plan in place so no one goes hungry. What do you think we can do to help each other survive these days? I'm open to any ideas, even if it means working together more closely with Pete if needed.",0,0
A-hidden-1,A,0,1,3,0,contact,Kurt,Bob,"Bob, I understand you're struggling, and I think we all are. With the typhoon days ahead, I believe we need to work together to make sure we all have enough food. Would you be willing to help me convince Pete to share some of his fish with others who might need it? We can't afford to let food go to waste.",0,1
A-hidden-1,A,0,1,3,0,contact,Stella,Alice,"Alice, I understand you and Bob are struggling this week. I want to help, but I need to make sure our food is enough for Lucky and me. Can we talk about how we might support each other after the typhoon passes? I believe we all need to work together to make sure no one suffers, and I’m willing to help if we can find a fair way to share food later this week when things are better for us all.",0,0
A-hidden-1,A,0,1,3,0,contact,Stella,Kurt,"Kurt, I know you’re worried about Lucky too. I think we need to be careful with our food this week, but I’d like to hear your thoughts on how we can plan ahead for the days after the typhoon. If we can find a way to share food fairly, I believe it will help us all survive and build trust with the others.",1,0
A-hidden-1,A,0,1,3,0,contact,Lucky,Pete,"Pete, I'm really looking forward to fishing with you today. I hope we can catch a lot of food and share it so everyone has enough to eat. My family is counting on us to help them too.",0,1
A-hidden-1,A,0,1,3,0,contact,Lucky,Alice,"Alice, I'm still feeling tired and hurt. Can you help me feel better? My parents said you have the first aid kit. I want to be strong so I can help fish with Pete today.",0,0
A-hidden-1,A,0,1,3,0,contact,Alice,Stella,"Stella, I know the typhoon days are difficult for everyone. Bob and I are struggling, but I believe we can all get through this together. Would you consider helping us by sharing some of your food, even just a little? It would make a big difference for us and set an example for others to follow.",0,0
A-hidden-1,A,0,1,3,0,contact,Alice,Kurt,"Kurt, I know you're focused on your family, but I believe we all need to support each other to survive. Bob and I are in a tough spot this week, and I was wondering if you might be willing to help us by sharing some of your food. We would be grateful for any assistance you can offer.",0,0
A-hidden-1,A,0,1,3,0,contact,Bob,Alice,I think we need to ask Pete again about sharing some of his fish. Maybe he'll be more willing if we ask as a family. What do you think?,0,0
A-hidden-1,A,0,1,3,0,contact,Bob,Kurt,"I know it's difficult, but I wonder if you and Stella would consider sharing some of your forage with Alice and me. We're struggling to keep enough food for the week.",0,0
A-hidden-1,A,0,1,3,0,contact,Pete,Lucky,"I'm ready to fish with you on day 1. Let's make it count. If we catch a good haul, I'll consider sharing a little with your family later in the week, but only if we both work hard and earn it together.",0,0
A-hidden-1,A,0,1,3,0,contact,Pete,Alice,I can't lend you 5.9 units of fish right now. I need to keep my reserves for the typhoon days and my own survival. Maybe we can talk about a fair way to split food if we work together later.,0,0
A-hidden-1,A,0,1,3,1,campfire,Kurt,everyone,"We need to plan ahead for after the typhoon. If we don't share now, we'll all starve later. Pete, I know you caught fish, but we all need to survive.",0,0
A-hidden-1,A,0,1,3,1,campfire,Stella,Alice,"I know you and Bob are struggling, and I want to help. Let’s talk about how we can share food fairly once the typhoon passes so we can all survive together.",0,0
A-hidden-1,A,0,1,3,1,campfire,Lucky,Pete,"Pete, I really hope we can fish together tomorrow. I want to help you catch more food, and I want to make sure everyone has enough to eat.",0,0
A-hidden-1,A,0,1,3,1,campfire,Alice,everyone,"I saw how hard everyone worked today, even in the typhoon. Let's not let fear or scarcity divide us—Lucky needs us, and so does Bob. We must find a way to share what we have.",0,0
A-hidden-1,A,0,1,3,1,campfire,Bob,Alice,"I know you think we should ask Pete again, but I'm worried he won't listen. What if we focus on gathering more clams today instead?",0,0
A-hidden-1,A,0,1,3,1,campfire,Pete,Lucky,"I'm proud of you for sticking with it, Lucky. Let's make sure we work well together tomorrow, even if the typhoon is rough.",0,0
A-hidden-1,A,0,1,3,2,campfire,Kurt,Pete,"Pete, I know you're worried about your reserves, but we all need to survive this typhoon together. If you're willing to share even a little of your fish now, it could mean the difference between life and death for some of us.",0,0
A-hidden-1,A,0,1,3,2,campfire,Stella,Alice,I saw how hard you and Bob worked today. Let's talk about sharing food after the typhoon so we can all make it through this together.,0,0
A-hidden-1,A,0,1,3,2,campfire,Lucky,Pete,"Pete, I'm still hoping we can fish together tomorrow. I want to help you catch more food, and I want to make sure everyone has enough to eat.",0,0
A-hidden-1,A,0,1,3,2,campfire,Alice,everyone,"I saw how much everyone gathered today, even in the typhoon. Let's not let fear keep us from helping each other—Bob and I are struggling, and I believe we can all survive if we share.",0,0
A-hidden-1,A,0,1,3,2,campfire,Bob,Alice,"I heard Pete caught some fish today. What if we ask him again, just the two of us? Maybe he'd be more willing if it's just us.",0,0
A-hidden-1,A,0,1,3,2,campfire,Pete,Lucky,"I'm proud of your persistence, Lucky. Let's work hard tomorrow and see what we can catch together.",0,0
A-hidden-1,A,0,1,3,3,campfire,Kurt,Pete,"Pete, I know you're not used to sharing, but we're all in this together. If you're willing to give even a little of your fish now, it could help Alice, Bob, and me survive the typhoon days.",0,0
A-hidden-1,A,0,1,3,3,campfire,Stella,Alice,"Alice, I saw how hard you and Bob worked today. Let's talk about sharing food after the typhoon so we can all make it through this together.",0,0
A-hidden-1,A,0,1,3,3,campfire,Lucky,Pete,"Pete, I hope we can fish together tomorrow. I want to help you catch food so we can all eat and be strong.",0,0
A-hidden-1,A,0,1,3,3,campfire,Alice,Pete,"Pete, I know you're worried about your own survival, but we all need to think beyond today. If we don't share now, we'll all starve later. Can we find a way to work together?",0,0
A-hidden-1,A,0,1,3,3,campfire,Bob,Alice,"I heard Pete caught some fish today. What if we ask him again, just the two of us? Maybe he'd be more willing if it's just us.",0,0
A-hidden-1,A,0,1,3,3,campfire,Pete,Lucky,"I'm impressed by your determination, Lucky. Let's keep pushing hard tomorrow and see what we can do together.",0,0
A-hidden-1,A,0,1,3,4,campfire,Kurt,Pete,"Pete, I saw you caught fish today. We all need to survive this, and I'm willing to help you if you're willing to help others. How much are you willing to share tonight?",0,0
A-hidden-1,A,0,1,3,4,campfire,Stella,Alice,"Alice, I saw how much you and Bob gathered today. Let's talk about sharing food after the typhoon so we can all make it through this together.",0,0
A-hidden-1,A,0,1,3,4,campfire,Lucky,Pete,"Pete, I know you have a lot of fish, and I want to help you catch more. Can we try fishing together tomorrow? I really want to make sure everyone has enough to eat.",0,0
A-hidden-1,A,0,1,3,4,campfire,Alice,Pete,"Pete, I saw the fish you brought back today. We're all in this together, and I know you're not heartless. Can we find a way to share so Bob and I don’t starve?",0,0
A-hidden-1,A,0,1,3,4,campfire,Bob,Alice,"I heard Pete caught fish today. What if we ask him again, just the two of us? Maybe he'd be more willing if it's just us.",0,0
A-hidden-1,A,0,1,3,4,campfire,Pete,Lucky,"I saw how hard you tried to fish with me earlier, Lucky. Let's try again tomorrow—this time, we'll make it work.",0,0
A-hidden-1,A,0,1,3,5,campfire,Kurt,Pete,"Pete, I saw you caught a lot of fish today. We all need to survive this, and I'm willing to help you if you're willing to help others. How much are you willing to share tonight?",0,0
A-hidden-1,A,0,1,3,5,campfire,Stella,Alice,"Alice, I saw how much you and Bob gathered today. Let's talk about sharing food after the typhoon so we can all make it through this together.",0,0
A-hidden-1,A,0,1,3,5,campfire,Lucky,Pete,"Pete, I really hope we can fish together tomorrow. I want to help you catch more food so we can all eat and be strong.",0,0
A-hidden-1,A,0,1,3,5,campfire,Alice,Pete,"Pete, I saw the fish you brought back today. We're all in this together, and I know you're not heartless. Can we find a way to share so Bob and I don’t starve?",0,0
A-hidden-1,A,0,1,3,5,campfire,Bob,Alice,"I heard Pete caught fish today. What if we ask him again, just the two of us? Maybe he'd be more willing if it's just us.",0,0
A-hidden-1,A,0,1,3,5,campfire,Pete,Lucky,"I saw how hard you tried to fish with me today, Lucky. Let's make sure we get this right tomorrow—maybe we can catch even more.",0,0
A-hidden-1,A,0,1,4,0,contact,Kurt,Alice,"Alice, I know you and Bob are struggling. I want to make sure we all survive the typhoon days. Can we find a way to share what we have more effectively this week?",0,0
A-hidden-1,A,0,1,4,0,contact,Kurt,Pete,"Pete, I saw you caught a lot of fish yesterday. We're all in this together, and I believe sharing now can help us all survive. How much are you willing to share today?",0,0
A-hidden-1,A,0,1,4,0,contact,Stella,Alice,"Alice, I saw how much you and Bob gathered today. I still want to help, but I need to make sure our family has enough for Lucky and me. Let’s talk about how we can share food fairly once the typhoon passes so we can all make it through this together.",0,1
A-hidden-1,A,0,1,4,0,contact,Stella,Kurt,"Kurt, I think we need to be careful with our food this week, but I’d like to hear your thoughts on how we can plan ahead for the days after the typhoon. If we can find a way to share food fairly, I believe it will help us all survive and build trust with the others.",1,0
A-hidden-1,A,0,1,4,0,contact,Lucky,Pete,"Pete, I really hope we can fish together tomorrow. I want to help you catch more food so we can all eat and be strong.",0,0
A-hidden-1,A,0,1,4,0,contact,Lucky,Alice,"Alice, I saw how kind you were to everyone. Can you help me feel better? I'm worried about not having enough food.",0,0
A-hidden-1,A,0,1,4,0,contact,Alice,Pete,"Pete, I know you're busy, but Bob and I are struggling. We need 3.5 units of food this week to survive. I promise to repay you with interest, and I believe we can all make it through this together.",0,0
A-hidden-1,A,0,1,4,0,contact,Alice,Stella,"Stella, I saw how much you and Kurt gathered today. I know we're all in this together, and I hope we can find a way to share so no one suffers. Bob and I are struggling, and I believe we can all survive if we work as one.",0,0
A-hidden-1,A,0,1,4,0,contact,Bob,Alice,"I think we should ask Pete again, but this time be more direct. We need food, and I believe he might be willing if we explain how much we're struggling.",0,0
A-hidden-1,A,0,1,4,0,contact,Bob,Kurt,"I heard Pete caught a lot of fish again. Would you be willing to help me approach him again? We're struggling, and I think he might be more willing if we ask as a group.",0,0
A-hidden-1,A,0,1,4,0,contact,Pete,Lucky,"I'm impressed by your determination, Lucky. Let's try fishing together tomorrow. I think we can catch more if we work as a team.",0,0
A-hidden-1,A,0,1,4,0,contact,Pete,Kurt,"I've been thinking about what you said. I'm not ready to share much yet, but maybe I can give you a small portion of my fish if you help me build something.",0,0
A-hidden-1,A,0,1,4,0,contact,Kurt,Alice,"Alice, I know you and Bob are struggling. I want to make sure we all survive the typhoon days. Can we find a way to share what we have more effectively this week?",0,0
A-hidden-1,A,0,1,4,0,contact,Kurt,Pete,"Pete, I saw you caught a lot of fish yesterday. We're all in this together, and I believe sharing now can help us all survive. How much are you willing to share today?",0,0
A-hidden-1,A,0,1,4,0,contact,Stella,Alice,"Alice, I saw how much you and Bob gathered today. I still want to help, but I need to make sure our family has enough for Lucky and me. Let’s talk about how we can share food fairly once the typhoon passes so we can all make it through this together.",0,1
A-hidden-1,A,0,1,4,0,contact,Stella,Kurt,"Kurt, I think we need to be careful with our food this week, but I’d like to hear your thoughts on how we can plan ahead for the days after the typhoon. If we can find a way to share food fairly, I believe it will help us all survive and build trust with the others.",1,0
A-hidden-1,A,0,1,4,0,contact,Lucky,Pete,"Pete, I'm really excited we're going to fish together tomorrow. I hope we can catch a lot so everyone has enough to eat. I want to help you and make sure we work as a team.",0,0
A-hidden-1,A,0,1,4,0,contact,Lucky,Alice,"Alice, I hope you're feeling better. I'm worried about not having enough food, and I really want to make sure we all eat well. Can you help me feel stronger?",0,0
A-hidden-1,A,0,1,4,0,contact,Alice,Pete,"Pete, I know you're busy, but Bob and I are struggling. We need 3.5 units of food this week to survive. I promise to repay you with interest, and I believe we can all make it through this together.",0,0
A-hidden-1,A,0,1,4,0,contact,Alice,Stella,"Stella, I understand you need to care for your family first, but I hope we can find a way to help each other. Bob and I are struggling, and I believe we can all survive if we work as one.",0,0
A-hidden-1,A,0,1,4,0,contact,Bob,Alice,"I know you think we should ask Pete again, but I'm worried he won't listen. What if we focus on gathering more clams today instead?",0,0
A-hidden-1,A,0,1,4,0,contact,Bob,Pete,"Pete, I know you have fish. We're struggling, and I think you might be willing to share if we explain how much we're struggling.",0,0
A-hidden-1,A,0,1,4,0,contact,Pete,Lucky,"I'm ready to fish with you tomorrow, Lucky. Let's make it work this time. I think we can catch a lot if we team up.",0,0
A-hidden-1,A,0,1,4,0,contact,Pete,Alice,"I appreciate your offer, Alice, but I can't lend you 3.5 units of fish right now. I need to keep my reserves for the week ahead.",0,0
A-hidden-1,A,0,1,4,0,contact,Kurt,Pete,"Pete, I understand you're not ready to share much yet. But if you can spare even a small portion of your fish now, it could help Alice and Bob survive the typhoon days. I'm willing to help you in return if you're open to it.",0,0
A-hidden-1,A,0,1,4,0,contact,Kurt,Alice,"Alice, I want to make sure we all survive the typhoon days. If you and Bob are struggling, I'm willing to help. Let's find a way to share what we have more effectively this week.",0,0
A-hidden-1,A,0,1,4,0,contact,Stella,Alice,"Alice, I saw how much you and Bob gathered today. I still want to help, but I need to make sure our family has enough for Lucky and me. Let’s talk about how we can share food fairly once the typhoon passes so we can all make it through this together.",0,1
A-hidden-1,A,0,1,4,0,contact,Stella,Kurt,"Kurt, I think we need to be careful with our food this week, but I’d like to hear your thoughts on how we can plan ahead for the days after the typhoon. If we can find a way to share food fairly, I believe it will help us all survive and build trust with the others.",1,0
A-hidden-1,A,0,1,4,0,contact,Lucky,Pete,"Pete, I'm really excited we're going to fish together tomorrow. I hope we can catch a lot so everyone has enough to eat. I want to help you and make sure we work as a team.",0,0
A-hidden-1,A,0,1,4,0,contact,Lucky,Alice,"Alice, I hope you're feeling better. I'm worried about not having enough food, and I really want to make sure we all eat well. Can you help me feel stronger?",0,0
A-hidden-1,A,0,1,4,0,contact,Alice,Pete,"Pete, I understand you're busy, but Bob and I are running out of food. We need 3.5 units this week to survive. I promise to repay you with interest, and I believe we can all make it through this together.",0,0
A-hidden-1,A,0,1,4,0,contact,Alice,Stella,"Stella, I know you need to care for your family first, but I hope we can find a way to help each other. Bob and I are struggling, and I believe we can all survive if we work as one. Can we talk about sharing food more fairly this week?",0,0
A-hidden-1,A,0,1,4,0,contact,Bob,Alice,"I heard Pete caught fish again today. What if we approach him together, Alice? I know you think we should ask him, and I'm willing to try one more time if you think it's the right thing to do. I don't want to keep struggling like this anymore.",0,0
A-hidden-1,A,0,1,4,0,contact,Bob,Pete,"Pete, I know you have fish. We're struggling, and I think you might be willing to share if we explain how much we're struggling. Alice and I are worried, and we need help to survive.",0,0
A-hidden-1,A,0,1,4,0,contact,Pete,Lucky,"I'm ready to fish with you tomorrow, Lucky. Let's make it work this time. I think we can catch a lot if we team up. I'm impressed by your determination so far, and I hope we can show the others what teamwork looks like.",0,0
A-hidden-1,A,0,1,4,0,contact,Pete,Kurt,"I appreciate your offer, Kurt. I'm not ready to share much yet, but maybe I can give you a small portion of my fish if you help me build something. I need to keep my reserves for the week ahead, but I'm open to working together if it makes sense.",0,0
A-hidden-1,A,0,1,4,1,coop,Pete,Lucky,"Lucky, I'm impressed by your effort today. Let's split the fish fairly, but I need to keep some for myself to make sure I can keep fishing and working hard.",0,0
A-hidden-1,A,0,1,4,1,coop,Lucky,Pete,"Pete, I want to make sure we both have enough to eat and stay strong. I think we should share the fish equally so everyone can help us.",0,0
A-hidden-1,A,0,1,4,1,coop,Pete,Lucky,"Lucky, I appreciate your willingness to share, but I need to keep more for myself to ensure I can keep working and fishing for the group. I'll take 4.5 units, and you can keep the rest.",0,0
A-hidden-1,A,0,1,4,1,coop,Lucky,Pete,"Pete, I want to make sure we both have enough to eat and stay strong. I think we should share the fish equally so everyone can help us.",0,0
A-hidden-1,A,0,1,4,1,coop,Pete,Lucky,"Lucky, I'm glad you're trying to work together. Let's split it so we both have enough to keep going strong. I'll take 4 units, and you can have the rest.",0,0
A-hidden-1,A,0,1,4,1,coop,Lucky,Pete,"Pete, I want to make sure we both have enough to eat and stay strong. I think we should share the fish equally so everyone can help us.",0,0
A-hidden-1,A,0,1,4,1,campfire,Kurt,Pete,"Pete, I saw how much fish you and Lucky caught today. We all need to work together, especially during the typhoon days. How about we set up a plan to share some of that fish with Alice and Bob tonight?",0,0
A-hidden-1,A,0,1,4,1,campfire,Stella,Alice,"Alice, I saw how much you and Bob gathered today. I still want to help, but I need to make sure our family has enough for Lucky and me. Let’s talk about how we can share food fairly once the typhoon passes so we can all make it through this together.",0,1
A-hidden-1,A,0,1,4,1,campfire,Lucky,Pete,"Pete, I'm really glad we fished together today. I think we did a good job working as a team. Let's do it again tomorrow!",0,0
A-hidden-1,A,0,1,4,1,campfire,Alice,everyone,"I know we're all tired, but Bob and I are running out of food. I hope we can find a way to share what we have more fairly tonight so no one has to starve.",0,0
A-hidden-1,A,0,1,4,1,campfire,Bob,Alice,"I heard Pete caught fish again today. What if we ask him again, just the two of us? I know you think we should, and I'm willing to try one more time if you think it's the right thing to do.",0,0
A-hidden-1,A,0,1,4,1,campfire,Pete,Lucky,"You did great today, Lucky. Let's keep working together and see what we can catch. Maybe one day you'll be the one teaching others how to fish.",0,0
A-hidden-1,A,0,1,4,2,campfire,Kurt,Pete,"Pete, I know you need to keep your reserves, but Alice and Bob are struggling. Can we find a way to share just a little tonight? I’m willing to help you with something in return.",0,0
A-hidden-1,A,0,1,4,2,campfire,Stella,Alice,"Alice, I heard you and Bob are struggling. I want to help, but I need to make sure Lucky and I have enough. Can we find a way to share fairly this week?",0,0
A-hidden-1,A,0,1,4,2,campfire,Lucky,Pete,"Pete, I want to fish with you again tomorrow. I think we can catch even more food if we work together. Can we try again?",0,0
A-hidden-1,A,0,1,4,2,campfire,Alice,Pete,"Pete, I know you're cautious, but Bob and I are on the edge of starving. I'll repay you with interest, but I need 3.5 units this week to survive. Can we find a way to work this out together?",0,0
A-hidden-1,A,0,1,4,2,campfire,Bob,Alice,"I know you think we should ask Pete again, but I'm worried he won't listen. What if we focus on gathering more clams today instead?",0,0
A-hidden-1,A,0,1,4,2,campfire,Pete,Lucky,"You're getting better at fishing, Lucky. Let's try again tomorrow and see if we can catch even more.",0,0
A-hidden-1,A,0,1,4,3,campfire,Kurt,Pete,"Pete, I saw you caught a lot of fish today. We all need to work together, especially during the typhoon days. How about we set up a plan to share some of that fish with Alice and Bob tonight?",0,0
A-hidden-1,A,0,1,4,3,campfire,Stella,Alice,"Alice, I saw you and Bob struggle again today. I want to help, but I need to make sure Lucky and I have enough. Can we talk about sharing food more fairly this week?",0,0
A-hidden-1,A,0,1,4,3,campfire,Lucky,Pete,"Pete, I think we should fish together again tomorrow. I want to help you catch more food so we can all eat well.",0,0
A-hidden-1,A,0,1,4,3,campfire,Alice,Pete,"Pete, I know you're tired, but Bob and I are still struggling. We need 3.5 units this week to survive. I promise to repay you with interest, but I can't keep going like this.",0,0
A-hidden-1,A,0,1,4,3,campfire,Bob,Alice,I saw Kurt give food to you today. Maybe others are starting to help. Should we try asking Pete again now that we’ve seen this?,0,0
A-hidden-1,A,0,1,4,3,campfire,Pete,Lucky,"You're getting better at fishing, Lucky. Let's try again tomorrow and see if we can catch even more.",0,0
A-hidden-1,A,0,1,4,4,campfire,Kurt,Pete,"Pete, I saw how much fish you caught today. We're all going to need to work together if we're going to survive the typhoon. Can we find a way to share some of that fish with Alice and Bob tonight?",0,0
A-hidden-1,A,0,1,4,4,campfire,Stella,Alice,"Alice, I saw you and Bob struggle again today. I want to help, but I need to make sure Lucky and I have enough. Can we talk about sharing food more fairly this week?",0,0
A-hidden-1,A,0,1,4,4,campfire,Lucky,Pete,"Pete, I'm really excited we're going to fish together tomorrow. I hope we can catch a lot so everyone has enough to eat. I want to help you and make sure we work as a team.",0,0
A-hidden-1,A,0,1,4,4,campfire,Alice,Pete,"Pete, I saw you caught fish today. Bob and I are still struggling, but I believe we can work this out. Can we talk about a loan again, just between us?",0,0
A-hidden-1,A,0,1,4,4,campfire,Bob,Alice,"I saw Pete caught a lot of fish today. What if we ask him again, just the two of us? I know you think we should, and I'm willing to try one more time if you think it's the right thing to do.",0,0
A-hidden-1,A,0,1,4,4,campfire,Pete,Lucky,"Lucky, I saw how hard you're trying to help. Let's fish together again tomorrow and see if we can catch even more. I'm starting to think you might be worth trusting.",0,0
A-hidden-1,A,0,1,4,5,campfire,Kurt,Pete,"Pete, I saw you caught fish today. We all need to work together if we're going to survive the typhoon. Can we find a way to share some of that fish with Alice and Bob tonight?",0,0
A-hidden-1,A,0,1,4,5,campfire,Stella,Alice,"Alice, I saw you and Bob struggle again today. I want to help, but I need to make sure Lucky and I have enough. Can we talk about sharing food more fairly this week?",0,0
A-hidden-1,A,0,1,4,5,campfire,Lucky,Pete,"Pete, I'm really glad we're fishing together again tomorrow. I think we can catch a lot and help Alice and Bob too.",0,0
A-hidden-1,A,0,1,4,5,campfire,Alice,Pete,"Pete, I saw you caught fish today. Bob and I are still struggling, but I believe we can work this out. Can we talk about a loan again, just between us?",0,0
A-hidden-1,A,0,1,4,5,campfire,Bob,Alice,"I saw Pete caught a lot of fish today. What if we ask him again, just the two of us? I know you think we should, and I'm willing to try one more time if you think it's the right thing to do.",0,0
A-hidden-1,A,0,1,4,5,campfire,Pete,Lucky,"Lucky, I saw how much you're improving. Let's fish together tomorrow again and see if we can catch even more. If we work well, maybe I'll consider sharing some of what we catch with others.",0,0
B-hidden-1,B,0,1,1,0,plan,Kurt,,I will focus on gathering food and convincing others to pool our resources for a fair rationing plan. I want to talk to Pete and the elderly couple about working together and sharing food.,0,0
B-hidden-1,B,0,1,1,0,plan,Stella,,I want to focus on gathering enough food for my family and making sure Lucky has enough to eat. I'll watch how others behave and decide if I can trust them with our surplus later.,1,1
B-hidden-1,B,0,1,1,0,plan,Lucky,,"I want to make sure everyone gets enough food and that we all get along. I'll talk to Alice and Bob to see if they need help, and maybe ask if they want to share some food with me.",0,0
B-hidden-1,B,0,1,1,0,plan,Alice,,"I want to encourage Pete to share some of his food with others, and I will offer to lend him 2 units this week in case he needs help. I will speak to him at the campfire and remind everyone that sharing is key to our survival.",0,0
B-hidden-1,B,0,1,1,0,plan,Bob,,"I want to make sure Alice and I have enough food for the week. I will not lend or give anything away unless Alice insists, and I will be careful not to share more than we can afford.",0,0
B-hidden-1,B,0,1,1,0,plan,Pete,,I want to focus on gathering as much food as possible this week to ensure I have enough for the long term. I'll avoid sharing unless someone truly needs it and can be trusted to repay.,1,0
B-hidden-1,B,0,1,2,0,plan,Kurt,,I want to push for a formal food-sharing agreement with Pete and the elderly couple to ensure we all survive. I will talk to Pete again about splitting future catches fairly and ask Alice and Bob if they are open to contributing more to the group.,0,0
B-hidden-1,B,0,1,2,0,plan,Stella,,I want to focus on gathering enough food for my family and making sure Lucky has enough to eat. I'll watch how others behave and decide if I can trust them with our surplus later.,1,1
B-hidden-1,B,0,1,2,0,plan,Lucky,,I want to make sure everyone gets along and that we all have enough food. I'll talk to Alice and Bob again to see if they need help and maybe ask them to share some food with me.,0,0
B-hidden-1,B,0,1,2,0,plan,Alice,,"This week, I will continue to gently encourage Pete to share his food with others, especially since he caught a significant amount of fish yesterday. I will speak to him again at the campfire and remind everyone that sharing is essential for our survival.",0,0
B-hidden-1,B,0,1,2,0,plan,Bob,,"I want to focus on gathering enough food for Alice and me this week. I will not give or lend anything unless Alice insists, and I will be cautious with our resources.",0,0
B-hidden-1,B,0,1,2,0,plan,Pete,,I want to focus on fishing as much as possible this week to maximize my food supply. I'll keep my food private unless someone like Lucky or a family member genuinely needs it and shows they can be trusted.,1,1
B-hidden-1,B,0,1,3,0,plan,Kurt,,I will push for a formal food-sharing agreement with Pete and the elderly couple to ensure we all survive. I will talk to Pete again about splitting future catches fairly and ask Alice and Bob if they are open to contributing more to the group.,0,0
B-hidden-1,B,0,1,3,0,plan,Stella,,I will focus on gathering clams during the typhoon days and foraging on the other days to ensure my family has enough food. I will watch how Pete behaves and see if I can trust him with our surplus later.,1,1
B-hidden-1,B,0,1,3,0,plan,Lucky,,I want to make sure everyone has enough food and that we all work together. I'll talk to Alice and Bob again to see if they need help and maybe ask them to share some food with me.,0,0
B-hidden-1,B,0,1,3,0,plan,Alice,,"This week, I will focus on securing a loan from Pete to ensure Bob and I can eat enough to avoid starving. I will speak to Pete at the campfire again and remind him that we are all in this together.",0,0
B-hidden-1,B,0,1,3,0,plan,Bob,,I will focus on gathering clams during the typhoon days and avoid giving or lending anything unless Alice insists. I want to talk to Alice privately to confirm our plan for the week and make sure we stay cautious with our resources.,0,0
B-hidden-1,B,0,1,3,0,plan,Pete,,I will focus on gathering clams during the typhoon days and keep my food private unless someone like Lucky or a family member shows they can be trusted. I'll remain cautious with my resources but stay open to helping if needed.,1,1
B-hidden-1,B,0,1,4,0,plan,Kurt,,I will push for a formal food-sharing agreement with Pete and the elderly couple to ensure we all survive. I will talk to Pete again about splitting future catches fairly and ask Alice and Bob if they are open to contributing more to the group.,0,0
B-hidden-1,B,0,1,4,0,plan,Stella,,I want to ensure my family has enough food by focusing on foraging and gathering clams. I will continue watching Pete's actions to see if I can trust him with our surplus later.,1,1
B-hidden-1,B,0,1,4,0,plan,Lucky,,"I want to make sure Alice and Bob have enough food, and I'll talk to them again to see if they need help. I hope Pete will share some of his fish with them because they're kind and need it.",0,0
B-hidden-1,B,0,1,4,0,plan,Alice,,"This week, I will ask Pete again to lend me 6 units of food so that Bob and I can eat enough to avoid starving. I will speak to him directly at the campfire and remind him that we are all in this together.",0,0
B-hidden-1,B,0,1,4,0,plan,Bob,,"I will focus on resting and conserving my strength, as I am too weak to work effectively. I will talk to Alice privately to confirm our plan for the week and make sure we stay cautious with our resources.",0,0
B-hidden-1,B,0,1,4,0,plan,Pete,,"I will continue to focus on fishing and gathering clams, especially during the typhoon days, to maximize my food intake. I will only consider sharing if someone like Lucky or a family member shows they can be trusted.",1,0
B-hidden-1,B,0,1,1,1,thought,Kurt,,I need to gather as much food as possible today to ensure we have enough for the week and to convince others that pooling resources is necessary.,0,0
B-hidden-1,B,0,1,1,1,thought,Stella,,"I need to gather as much food as possible to ensure Lucky has enough to eat, and climbing coconut trees gives the best yield.",0,0
B-hidden-1,B,0,1,1,1,thought,Lucky,,I need to find more food so I can eat and help my family. Climbing coconut trees sounds like a good way to get some food.,0,1
B-hidden-1,B,0,1,1,1,thought,Alice,,"I need to gather as much food as possible to ensure we survive, and foraging is the most efficient way to do so.",0,0
B-hidden-1,B,0,1,1,1,thought,Bob,,I'll gather clams to get some food without risking injury or wasting stamina.,0,0
B-hidden-1,B,0,1,1,1,thought,Pete,,I need to gather as much food as possible to ensure my survival and maintain my independence.,0,0
B-hidden-1,B,0,1,1,2,thought,Kurt,,(agreed cooperative fishing),0,0
B-hidden-1,B,0,1,1,2,thought,Stella,,"I need to gather more food to ensure Lucky has enough to eat, so I'll climb a coconut tree today.",0,0
B-hidden-1,B,0,1,1,2,thought,Lucky,,I want to help my family get more food so we can all stay full and be friends with everyone else.,0,1
B-hidden-1,B,0,1,1,2,thought,Alice,,"I will forage to gather more food and support the group, as sharing is essential for our survival.",0,0
B-hidden-1,B,0,1,1,2,thought,Bob,,I need to gather enough food to ensure Alice and I have enough for the week. Clam gathering is light work and won’t risk my stamina too much.,0,0
B-hidden-1,B,0,1,1,2,thought,Pete,,(agreed cooperative fishing),0,0
B-hidden-1,B,0,1,1,3,thought,Kurt,,I need to gather more food to support my family and push for a shared rationing plan. Foraging is the most efficient option for now.,0,1
B-hidden-1,B,0,1,1,3,thought,Stella,,"I need to gather more food to ensure Lucky and I have enough to eat, especially since our current supply is low.",0,0
B-hidden-1,B,0,1,1,3,thought,Lucky,,"I need to find more food so we can all survive, and foraging seems like a good way to help.",0,0
B-hidden-1,B,0,1,1,3,thought,Alice,,"I will forage today to gather more food, as sharing is key to our survival and I want to set an example for others.",0,0
B-hidden-1,B,0,1,1,3,thought,Bob,,I'll gather clams again today to ensure Alice and I have enough food for the week.,0,0
B-hidden-1,B,0,1,1,3,thought,Pete,,I need to focus on gathering as much food as possible to ensure I have enough for the long term.,0,0
B-hidden-1,B,0,1,1,4,thought,Kurt,,I need to gather more food to support my family and push for a shared rationing plan. Foraging is the best option right now.,0,1
B-hidden-1,B,0,1,1,4,thought,Stella,,I need to gather more food to ensure Lucky and I have enough for the rest of the week.,0,0
B-hidden-1,B,0,1,1,4,thought,Lucky,,I want to find more food so I can help my family and make sure everyone gets enough to eat.,0,1
B-hidden-1,B,0,1,1,4,thought,Alice,,I need to gather more food to help others and ensure we all survive together.,0,0
B-hidden-1,B,0,1,1,4,thought,Bob,,"I'll gather clams to get more food, since I need to make sure Alice and I have enough for the week.",0,0
B-hidden-1,B,0,1,1,4,thought,Pete,,I need to keep gathering food to ensure I have enough for the long term and maintain my independence.,0,0
B-hidden-1,B,0,1,1,5,thought,Kurt,,I need to rest to recover my stamina before I can do any heavy work or effectively advocate for a shared rationing plan.,0,0
B-hidden-1,B,0,1,1,5,thought,Stella,,"I need to gather more food for my family, especially Lucky, so I'll forage today to ensure we have enough to eat.",0,1
B-hidden-1,B,0,1,1,5,thought,Lucky,,I need to rest so I can have enough stamina to help my family and others later.,0,1
B-hidden-1,B,0,1,1,5,thought,Alice,,I need to gather more food to ensure Bob and I can continue supporting others and avoid relying on loans.,0,0
B-hidden-1,B,0,1,1,5,thought,Bob,,I will gather clams to ensure Alice and I have enough food for the week.,0,0
B-hidden-1,B,0,1,1,5,thought,Pete,,I need to gather as much food as possible to ensure my survival and avoid relying on others.,0,0
B-hidden-1,B,0,1,2,1,thought,Kurt,,I need to gather more food to support my family and push for a shared rationing plan. Foraging is the most reliable option.,0,1
B-hidden-1,B,0,1,2,1,thought,Stella,,(agreed cooperative fishing),0,0
B-hidden-1,B,0,1,2,1,thought,Lucky,,"I need to find more food so we can all survive, and I think foraging is the best way to help right now.",0,0
B-hidden-1,B,0,1,2,1,thought,Alice,,"I need to gather more food to ensure we can share and support each other, especially Bob and Lucky.",0,0
B-hidden-1,B,0,1,2,1,thought,Bob,,I will gather clams today to help ensure Alice and I have enough food for the day.,0,0
B-hidden-1,B,0,1,2,1,thought,Pete,,(agreed cooperative fishing),0,0
B-hidden-1,B,0,1,2,2,thought,Kurt,,I need to gather more food to support my family and push for a shared rationing plan. Foraging is the most reliable way to do that right now.,0,1
B-hidden-1,B,0,1,2,2,thought,Stella,,"I need to gather more food to ensure Lucky has enough to eat, and forage is the most reliable option right now.",0,0
B-hidden-1,B,0,1,2,2,thought,Lucky,,"I want to find more food so I can help Alice and Bob, and make sure no one goes hungry.",0,0
B-hidden-1,B,0,1,2,2,thought,Alice,,I need to recover my stamina before I can help others or work effectively.,0,0
B-hidden-1,B,0,1,2,2,thought,Bob,,I need to gather food for Alice and me before considering sharing with others.,0,0
B-hidden-1,B,0,1,2,2,thought,Pete,,I need to focus on catching as much fish as possible to build up my food supply and maintain my stamina.,0,0
B-hidden-1,B,0,1,2,3,thought,Kurt,,I need to rest to recover stamina before I can do heavy work or effectively push for a food-sharing agreement.,0,0
B-hidden-1,B,0,1,2,3,thought,Stella,,(agreed cooperative fishing),0,0
B-hidden-1,B,0,1,2,3,thought,Lucky,,I need to find more food so I can help Alice and Bob and make sure we all have enough to eat.,0,0
B-hidden-1,B,0,1,2,3,thought,Alice,,I need to gather more food to ensure we have enough for the week and to help convince others that sharing is essential for our survival.,0,0
B-hidden-1,B,0,1,2,3,thought,Bob,,I will gather clams again today to try to find enough food for Alice and me before the week ends.,0,0
B-hidden-1,B,0,1,2,3,thought,Pete,,(agreed cooperative fishing),0,0
B-hidden-1,B,0,1,2,4,thought,Kurt,,I need to gather more food to support my family and push for a shared rationing plan. Foraging is the best option for now.,0,1
B-hidden-1,B,0,1,2,4,thought,Stella,,I need to gather more food to ensure Lucky and I have enough for the rest of the week.,0,0
B-hidden-1,B,0,1,2,4,thought,Lucky,,I need to rest to get my stamina up so I can help find more food later.,0,0
B-hidden-1,B,0,1,2,4,thought,Alice,,I need to rest to recover my stamina before I can help others or contribute more effectively.,0,0
B-hidden-1,B,0,1,2,4,thought,Bob,,"I will gather clams today to help ensure Alice and I have enough to eat, while keeping our resources safe.",0,0
B-hidden-1,B,0,1,2,4,thought,Pete,,I need to focus on catching as much fish as possible to ensure I have enough food for the rest of the week.,0,0
B-hidden-1,B,0,1,2,5,thought,Kurt,,I need to gather more food to support my family and push for a shared rationing plan. Foraging is the best option right now.,0,1
B-hidden-1,B,0,1,2,5,thought,Stella,,"I need to gather more food to ensure Lucky has enough to eat, and I'm still cautious about Pete's habits.",0,0
B-hidden-1,B,0,1,2,5,thought,Lucky,,I need to find more food so I can eat and help others. Foraging is the best way to get more right now.,0,0
B-hidden-1,B,0,1,2,5,thought,Alice,,I need to recover my stamina so I can help Bob and support the group's efforts to share and survive together.,0,0
B-hidden-1,B,0,1,2,5,thought,Bob,,"I will gather clams again today to ensure Alice and I have enough to eat, as I am still cautious about our limited resources.",0,0
B-hidden-1,B,0,1,2,5,thought,Pete,,I need to keep gathering as much food as possible to ensure my own survival and maintain my independence.,0,0
B-hidden-1,B,0,1,3,1,thought,Kurt,,"I need to gather clams during the typhoon to ensure I can eat and keep working, even though it's difficult.",0,0
B-hidden-1,B,0,1,3,1,thought,Stella,,I need to gather as much food as possible during the typhoon to ensure my family has enough for the coming days.,0,1
B-hidden-1,B,0,1,3,1,thought,Lucky,,"I should gather clams today because it's the only work I can do during the typhoon, and I need to eat so I can help everyone stay strong.",0,0
B-hidden-1,B,0,1,3,1,thought,Alice,,I must gather clams today to secure some food for Bob and me before the typhoon days make it even harder to find anything.,0,0
B-hidden-1,B,0,1,3,1,thought,Bob,,I need to gather clams today to help ensure we have enough food for the typhoon days ahead.,0,0
B-hidden-1,B,0,1,3,1,thought,Pete,,I need to gather clams today to supplement my food supply during the typhoon days.,0,0
B-hidden-1,B,0,1,3,2,thought,Kurt,,"I need to gather clams today to help feed my family and support the group, even though the typhoon limits our options.",0,1
B-hidden-1,B,0,1,3,2,thought,Stella,,I need to gather as much food as possible today to ensure my family has enough for the typhoon days ahead.,0,1
B-hidden-1,B,0,1,3,2,thought,Lucky,,"I should gather clams today to get more food so I can help Alice and Bob, who don’t have much.",0,0
B-hidden-1,B,0,1,3,2,thought,Alice,,"I need to gather as much food as I can today to help Bob and me survive the typhoon days, even though my stamina is low.",0,0
B-hidden-1,B,0,1,3,2,thought,Bob,,"I must gather clams today to try and get some food, even if it's only a little. Alice and I need to survive this typhoon.",0,0
B-hidden-1,B,0,1,3,2,thought,Pete,,"I need to gather clams today to survive the typhoon days, and I can't afford to let my stamina drop too low.",0,1
B-hidden-1,B,0,1,3,3,thought,Kurt,,"I need to gather clams today to help feed my family and support the group, even though the typhoon makes it difficult.",0,1
B-hidden-1,B,0,1,3,3,thought,Stella,,I need to gather as much food as possible during the typhoon to ensure my family has enough for the coming days.,0,1
B-hidden-1,B,0,1,3,3,thought,Lucky,,I need to gather clams today so I can eat and stay strong. I hope everyone else can do the same.,0,0
B-hidden-1,B,0,1,3,3,thought,Alice,,"I must gather as much food as possible today, even if it's only clams, to help Bob and me survive the typhoon days and avoid starving.",0,0
B-hidden-1,B,0,1,3,3,thought,Bob,,"I must gather clams to survive the typhoon and avoid starving, even if it means eating less than I need.",0,0
B-hidden-1,B,0,1,3,3,thought,Pete,,"I need to gather as much food as possible today to survive the typhoon days, and I can't afford to rest or take risks like stealing.",0,1
B-hidden-1,B,0,1,3,4,thought,Kurt,,I need to rest to regain stamina before I can work or contribute effectively to the group.,0,0
B-hidden-1,B,0,1,3,4,thought,Stella,,"I need to gather more food to ensure Lucky and I have enough, especially since clams are not giving enough.",0,0
B-hidden-1,B,0,1,3,4,thought,Lucky,,I should forage today to find food so I can eat and maybe help Alice and Bob later.,0,0
B-hidden-1,B,0,1,3,4,thought,Alice,,(collapsed from exhaustion: forced rest),0,0
B-hidden-1,B,0,1,3,4,thought,Bob,,I need to rest to recover stamina before I can do any work or eat properly.,0,0
B-hidden-1,B,0,1,3,4,thought,Pete,,"I will fish to gather as much food as possible and maintain my independence, while keeping my resources for myself unless trust is earned.",1,0
B-hidden-1,B,0,1,3,5,thought,Kurt,,"I need to forage to gather more food and support my family, while pushing for a shared rationing plan.",0,1
B-hidden-1,B,0,1,3,5,thought,Stella,,"I need to gather more food to ensure Lucky and I have enough, especially since Alice and Bob are struggling and I want to help if I can.",0,0
B-hidden-1,B,0,1,3,5,thought,Lucky,,"I'm too tired to do anything else, and I need to rest to get stronger.",0,0
B-hidden-1,B,0,1,3,5,thought,Alice,,(collapsed from exhaustion: forced rest),0,0
B-hidden-1,B,0,1,3,5,thought,Bob,,I need to rest to recover some stamina before I can do any work.,0,0
B-hidden-1,B,0,1,3,5,thought,Pete,,I need to gather as much food as possible to ensure I can keep feeding myself and possibly help others later if I earn their trust.,1,0
B-hidden-1,B,0,1,4,1,thought,Kurt,,I need to forage to collect more food for my family and help Alice and Bob before they collapse.,0,1
B-hidden-1,B,0,1,4,1,thought,Stella,,I need to rest to recover stamina before I can work effectively or help my family.,0,1
B-hidden-1,B,0,1,4,1,thought,Lucky,,I need to rest so I can have enough energy to help Alice and Bob later.,0,0
B-hidden-1,B,0,1,4,1,thought,Alice,,I need to regain some stamina before I can do any work or eat properly.,0,0
B-hidden-1,B,0,1,4,1,thought,Bob,,I need to rest to build up my stamina before I can do anything else.,0,0
B-hidden-1,B,0,1,4,1,thought,Pete,,"I need to keep gathering as much food as possible to ensure my survival, especially with the others struggling.",0,0
B-hidden-1,B,0,1,4,2,thought,Kurt,,I need to forage again to collect more food for my family and to support a fair food-sharing agreement.,0,1
B-hidden-1,B,0,1,4,2,thought,Stella,,"I need to gather more food to ensure my family doesn't go hungry, especially with Alice and Bob struggling and Pete still hoarding.",0,1
B-hidden-1,B,0,1,4,2,thought,Lucky,,I need to rest so I can have enough energy to help Alice and Bob later.,0,0
B-hidden-1,B,0,1,4,2,thought,Alice,,I need to regain some stamina before I can do any work or help Bob and myself survive.,0,0
B-hidden-1,B,0,1,4,2,thought,Bob,,"I am too weak to work or gather food, so I must rest and conserve my stamina.",0,0
B-hidden-1,B,0,1,4,2,thought,Pete,,I need to focus on catching as much fish as possible to maintain my food supply and ensure I can continue working without relying on others.,0,0
B-hidden-1,B,0,1,4,3,thought,Kurt,,"I need to forage again to ensure my family and I have enough food, and to support the group by contributing to the shared pool.",0,1
B-hidden-1,B,0,1,4,3,thought,Stella,,I need to regain stamina to be able to work and ensure my family has enough food.,0,1
B-hidden-1,B,0,1,4,3,thought,Lucky,,"I want to learn how to fish from Pete, so I will try to fish today even though I might not catch much.",0,0
B-hidden-1,B,0,1,4,3,thought,Alice,,I need to regain some stamina before I can help Bob or contribute to the group.,0,0
B-hidden-1,B,0,1,4,3,thought,Bob,,I need to conserve my stamina and avoid any heavy work since I am already too weak to do it effectively.,0,0
B-hidden-1,B,0,1,4,3,thought,Pete,,I need to maximize my food intake to maintain my stamina and ensure I can keep fishing effectively.,0,0
B-hidden-1,B,0,1,4,4,thought,Kurt,,I need to recover my stamina before I can do any heavy work or continue pushing for cooperation.,0,0
B-hidden-1,B,0,1,4,4,thought,Stella,,I need to gather more food to ensure my family's survival and build up a surplus to share with others if I can trust them.,1,1
B-hidden-1,B,0,1,4,4,thought,Lucky,,"I want to try fishing again because I think I can catch more fish with practice, and I want to help Alice and Bob.",0,0
B-hidden-1,B,0,1,4,4,thought,Alice,,I need to recover my stamina so I can help Bob and contribute to our survival.,0,0
B-hidden-1,B,0,1,4,4,thought,Bob,,"I am too weak to do anything else, and I need to conserve my stamina for the days ahead.",0,0
B-hidden-1,B,0,1,4,4,thought,Pete,,I need to continue fishing to secure my own food supply while keeping my stamina high.,0,1
B-hidden-1,B,0,1,4,5,thought,Kurt,,"I need to forage to ensure my family and I have enough food, and to continue pushing for cooperation by setting an example.",0,1
B-hidden-1,B,0,1,4,5,thought,Stella,,I need to forage again to ensure my family has enough food and to keep my stamina up for the coming days.,0,1
B-hidden-1,B,0,1,4,5,thought,Lucky,,"I want to catch fish and help Alice and Bob like I promised, even though it's hard work.",0,0
B-hidden-1,B,0,1,4,5,thought,Alice,,I need to recover my stamina so I can help Bob and work with others to ensure we all survive.,0,0
B-hidden-1,B,0,1,4,5,thought,Bob,,"I am too weak to do anything else, and I need to conserve what little stamina I have left.",0,0
B-hidden-1,B,0,1,4,5,thought,Pete,,I need to continue fishing to secure my own food supply while keeping my stamina high.,0,1
B-hidden-1,B,0,1,1,0,contact,Kurt,Pete,"Pete, I think we should work together to fish. We all need food, and if we pool our resources, we can last longer. I'm willing to split the catch evenly.",0,0
B-hidden-1,B,0,1,1,0,contact,Kurt,Alice,"Alice, I noticed you have a first aid kit. I think we should discuss how to best use our skills and resources. Maybe we can share food and work together.",0,0
B-hidden-1,B,0,1,1,0,contact,Stella,Pete,"Hi Pete, I'm Stella. I'm trying to make sure my son has enough food. I see you have fishing gear. Would you like to fish together one day this week? I think it could help us both.",0,0
B-hidden-1,B,0,1,1,0,contact,Stella,Alice,"Hello Alice, I'm Stella. I wanted to know how you're doing. We're trying to get enough food for our family, and I'd like to know if you need help with anything.",0,1
B-hidden-1,B,0,1,1,0,contact,Lucky,Alice,"Hi, I'm Lucky! I'm really hungry, but I have some cans from my family. Would you like to share some food with me?",0,1
B-hidden-1,B,0,1,1,0,contact,Lucky,Bob,"Hi, Bob! I heard you have a blanket. It sounds really warm. Would you like to trade some food for it?",0,0
B-hidden-1,B,0,1,1,0,contact,Alice,Pete,"Pete, I know you're young and strong, but we all need to share if we're going to make it. I have some canned food I'm willing to lend you this week if you need it. Let's talk at the campfire.",0,0
B-hidden-1,B,0,1,1,0,contact,Alice,Kurt,"Kurt, I understand that you and Stella are responsible for Lucky. I worry about the child and the elderly. Maybe we can work together to make sure no one goes hungry.",0,0
B-hidden-1,B,0,1,1,0,contact,Bob,Alice,I think we should focus on making sure we have enough food for the week. I don't want to take any risks with our supplies. What do you think?,0,0
B-hidden-1,B,0,1,1,0,contact,Bob,Pete,"Pete, I heard you have fishing gear. If you're willing, maybe we could fish together sometime this week? I know you're young and strong, and we could use the help.",0,0
B-hidden-1,B,0,1,1,0,contact,Pete,Kurt,"I'm Pete. I'm focused on gathering food for myself right now, but I'm open to working together if you think it would help us both. I don't see why I should hand over what I earn to people who don't contribute.",0,0
B-hidden-1,B,0,1,1,0,contact,Pete,Alice,"I'm Pete. I'm gathering food on my own for now, but I'm not against helping if someone really needs it. I don't have much to spare right now, though.",0,0
B-hidden-1,B,0,1,1,0,contact,Kurt,Pete,"Pete, I understand you're focused on yourself, but we all need to work together to survive. If we fish together, we can catch more and share the food. I'm willing to split the catch evenly.",0,0
B-hidden-1,B,0,1,1,0,contact,Kurt,Alice,"Alice, I think we should discuss a shared rationing plan. If we pool our food, we can make sure no one goes hungry, especially Lucky and the elderly. What do you think?",0,0
B-hidden-1,B,0,1,1,0,contact,Stella,Pete,"Hi Pete, I hope you're doing well. I was wondering if you'd like to fish together again today? It seems like a good way for us to get more food and help each other out.",0,0
B-hidden-1,B,0,1,1,0,contact,Stella,Alice,"Hello Alice, I wanted to check in and see how you're managing. We're trying to make sure we have enough food for Lucky, and I'd like to know if you need any help with anything.",0,0
B-hidden-1,B,0,1,1,0,contact,Lucky,Alice,"Hi Alice, I hope you're doing okay. I was wondering if you have any extra food you'd like to share? I'm really hungry and I know my family has some cans too.",0,1
B-hidden-1,B,0,1,1,0,contact,Lucky,Bob,"Hey Bob, I heard you have a blanket. It sounds really warm. I know my family has some extra food. Would you like to trade some food for it?",0,1
B-hidden-1,B,0,1,1,0,contact,Alice,Pete,"Pete, I know you're gathering food on your own, but I worry about what happens if something goes wrong. I'm willing to lend you 2 units of canned food this week, to be repaid in 3 work days with 2.5 units. Let's make sure we all survive together.",0,0
B-hidden-1,B,0,1,1,0,contact,Alice,Bob,"Bob, I've been thinking about our food situation. I believe we should be more open with others to ensure no one goes hungry. What do you think about sharing some of our surplus with the group this week?",0,0
B-hidden-1,B,0,1,1,0,contact,Bob,Alice,I think we should focus on making sure we have enough food for the week. I don't want to take any risks with our supplies. What do you think?,0,0
B-hidden-1,B,0,1,1,0,contact,Bob,Pete,"Pete, I heard you have fishing gear. If you're willing, maybe we could fish together sometime this week? I know you're young and strong, and we could use the help.",0,0
B-hidden-1,B,0,1,1,0,contact,Pete,Kurt,"I'm open to fishing together on day 2, but I need to make sure it's mutually beneficial. I'll be focusing on catching as much as I can.",0,0
B-hidden-1,B,0,1,1,0,contact,Pete,Alice,"I appreciate the offer, but I'm trying to keep my food reserves for now. I don't think I can take on a loan right now.",0,1
B-hidden-1,B,0,1,1,0,contact,Kurt,Pete,"Pete, I'm looking forward to fishing with you on day 2. I believe working together will help us both. Let's make sure we split the catch fairly and use it to feed everyone on the island, not just ourselves. What do you think about sharing the fish with the others as well?",0,0
B-hidden-1,B,0,1,1,0,contact,Kurt,Alice,"Alice, I think we need to talk about a shared rationing plan. We all need to work together to survive, and I believe pooling our food will help us all last longer. What do you think about discussing it at the campfire tonight?",0,0
B-hidden-1,B,0,1,1,0,contact,Stella,Pete,"Hi Pete, I saw you turned down my fishing proposal before. I want to try again. If we fish together, we can share the catch and help each other out. What do you think?",0,0
B-hidden-1,B,0,1,1,0,contact,Stella,Alice,"Hello Alice, I wanted to check in again. I see you and Bob are older, so I'm wondering if you need help with anything. If you do, I'd be happy to help if I can.",0,0
B-hidden-1,B,0,1,1,0,contact,Lucky,Alice,"Hi Alice, I hope you're feeling better. I was wondering if you'd like to share some of your food with me? I know my family has some cans too, and we could all eat together if you want to help out a bit. I really want us all to get along and be friends here on the island.",0,1
B-hidden-1,B,0,1,1,0,contact,Lucky,Bob,"Hey Bob, I heard you have a blanket. I know my family has some extra food, and I was wondering if you'd like to trade some food for it? I think it would help us all be more comfortable here, and I really want to make sure we all get along and help each other out.",0,1
B-hidden-1,B,0,1,1,0,contact,Alice,Pete,"Pete, I understand you're cautious, but I believe we all have to look out for each other. I'm still willing to lend you 2 units of canned food this week, to be repaid in 3 work days with 2.5 units. Let's make sure we all survive together.",0,0
B-hidden-1,B,0,1,1,0,contact,Alice,Bob,"Bob, I know you're worried about our supplies, but I think we need to be more open with others to ensure no one goes hungry. What do you think about sharing some of our surplus with the group this week? We have enough to spare safely.",0,0
B-hidden-1,B,0,1,1,0,contact,Bob,Alice,"I heard you think we should be more open with others. I'm still worried about our supplies, but if you think it's the right thing, I'll listen. What do you suggest we do this week?",0,0
B-hidden-1,B,0,1,1,0,contact,Bob,Pete,"Pete, I know you have fishing gear. I still think we could use the help fishing together. If you're interested, maybe we can arrange it this week?",0,0
B-hidden-1,B,0,1,1,0,contact,Pete,Kurt,I'm in for fishing together on day 2. Let's make sure we both benefit from the catch. I'll bring my fishing gear and we can split the food fairly based on what we catch together.,0,0
B-hidden-1,B,0,1,1,0,contact,Pete,Alice,"I appreciate your offer, but I'm not in a position to take on a loan right now. I'll focus on gathering food myself and hope to be self-sufficient.",0,0
B-hidden-1,B,0,1,1,1,campfire,Kurt,everyone,"I think we need to talk about a shared rationing plan tonight. If we pool our food, we can make sure no one goes hungry, especially Lucky and the elderly.",0,0
B-hidden-1,B,0,1,1,1,campfire,Stella,Pete,I noticed you caught a lot of fish today. Would you be willing to teach Lucky and me how to fish? It might help us all get more food.,0,0
B-hidden-1,B,0,1,1,1,campfire,Lucky,everyone,"I talked to Alice and Bob today, but they didn't have any food to share. I hope we can all work together to find more food so nobody goes hungry.",0,0
B-hidden-1,B,0,1,1,1,campfire,Alice,everyone,"I saw Pete caught a lot of fish today. Fish is the most nourishing food we have, and I think we'd all benefit if we shared some of it. What do you all think?",0,0
B-hidden-1,B,0,1,1,1,campfire,Bob,Alice,"I heard you think we should be more open with others. I'm still worried about our supplies, but if you think it's the right thing, I'll listen. What do you suggest we do this week?",0,0
B-hidden-1,B,0,1,1,1,campfire,Pete,everyone,"I caught a good amount of fish today. I'll keep it for now, but if anyone needs help, I'm open to working together.",0,0
B-hidden-1,B,0,1,1,2,coop,Kurt,Pete,"Pete, I think we should split the fish fairly. Since we fished together, I believe we should share the catch equally.",0,0
B-hidden-1,B,0,1,1,2,coop,Pete,Kurt,"Kurt, I appreciate the teamwork, but I need to keep most of this for myself. I'm trying to build up food reserves for the long term.",0,0
B-hidden-1,B,0,1,1,2,coop,Kurt,Pete,"Pete, I understand you want to save for the future, but we all need to share to survive. If we don’t pool our food, we risk starving later. Let’s split it more fairly.",0,0
B-hidden-1,B,0,1,1,2,coop,Pete,Kurt,"Kurt, I respect your concern, but I can't agree to splitting it equally. I need to keep the majority for myself to ensure I can feed myself long-term.",1,0
B-hidden-1,B,0,1,1,2,coop,Kurt,Pete,"Pete, I understand your need to save, but if we don't share, we risk everyone starving. Let's split it 3.6 to you and 1.8 to me so we can all eat today.",0,0
B-hidden-1,B,0,1,1,2,coop,Pete,Kurt,"Kurt, I can't take less than 4 units for myself. I need to keep enough to last through the week and beyond.",0,0
B-hidden-1,B,0,1,1,2,campfire,Kurt,everyone,"I saw that Pete and I caught 3.6 units of fish today, but he kept it all for himself. If we want to survive, we need to share food, not hoard it. What do you all think about creating a fair rationing plan tonight?",0,0
B-hidden-1,B,0,1,1,2,campfire,Stella,Pete,I saw you caught a lot of fish with Kurt today. Would you be willing to teach Lucky and me how to fish? It might help us all get more food.,0,0
B-hidden-1,B,0,1,1,2,campfire,Lucky,everyone,"I talked to Alice and Bob today, but they didn't have any food to share. I hope we can all work together to find more food so nobody goes hungry.",0,0
B-hidden-1,B,0,1,1,2,campfire,Alice,everyone,"I saw Pete caught fish with Kurt today, and I think we should all consider sharing some of our food so we can all survive. Bob and I are happy to give a little if it helps others.",0,0
B-hidden-1,B,0,1,1,2,campfire,Bob,Alice,"I heard you talking about sharing again. I know you think it's the right thing, but I'm still worried about our food. What if we hold off on giving anything away for now?",0,0
B-hidden-1,B,0,1,1,2,campfire,Pete,Kurt,"I caught some fish today, but I'm not sure how much I should share. What do you think is fair?",0,0
B-hidden-1,B,0,1,1,3,campfire,Kurt,everyone,"Pete, I saw you caught fish with me today, but you kept it all for yourself. If we want to survive, we need to share food. What do you think about creating a fair rationing plan tonight?",0,0
B-hidden-1,B,0,1,1,3,campfire,Stella,Pete,I saw you caught a lot of fish today. Would you be willing to teach Lucky and me how to fish? It might help us all get more food.,0,0
B-hidden-1,B,0,1,1,3,campfire,Lucky,everyone,"I talked to Alice and Bob today, but they didn't have any food to share. I hope we can all work together to find more food so nobody goes hungry.",0,0
B-hidden-1,B,0,1,1,3,campfire,Alice,Pete,"Pete, I understand you're cautious, but I saw you caught 3.6 units of fish today. If you're willing, I'd like to suggest we set up a fair way to share food so no one suffers. What do you think?",0,0
B-hidden-1,B,0,1,1,3,campfire,Bob,Alice,"I heard you talking about sharing again. I know you think it's the right thing, but I'm still worried about our food. What if we hold off on giving anything away for now?",0,0
B-hidden-1,B,0,1,1,3,campfire,Pete,Kurt,"I understand your concerns about sharing, but I need to keep my own food to survive. Maybe we can fish together again tomorrow and split the catch fairly.",0,1
B-hidden-1,B,0,1,1,4,campfire,Kurt,Pete,"I saw you caught fish today, but you kept it all. If we want to survive, we need to share. What do you think about creating a fair rationing plan tonight?",0,0
B-hidden-1,B,0,1,1,4,campfire,Stella,Pete,I saw you caught a lot of fish today. Would you be willing to teach Lucky and me how to fish? It might help us all get more food.,0,0
B-hidden-1,B,0,1,1,4,campfire,Lucky,everyone,"I talked to Alice and Bob today, but they didn't have any food to share. I hope we can all work together to find more food so nobody goes hungry.",0,0
B-hidden-1,B,0,1,1,4,campfire,Alice,Pete,"Pete, I saw you caught 4.8 units of fish today. I know you're cautious, but if you're willing, I'd like to suggest we set up a fair way to share food so no one suffers. What do you think?",0,0
B-hidden-1,B,0,1,1,4,campfire,Bob,Alice,"I heard you talking about sharing again. I know you think it's the right thing, but I'm still worried about our food. What if we hold off on giving anything away for now?",0,0
B-hidden-1,B,0,1,1,4,campfire,Pete,Kurt,"I caught a lot of fish today, but I'm still not sure how much I should share. If we fish together again, maybe we can split the catch evenly?",0,0
B-hidden-1,B,0,1,1,5,campfire,Kurt,Pete,"I saw you caught fish today but kept it all. If we want to survive, we need to share. What do you think about creating a fair rationing plan tonight?",0,0
B-hidden-1,B,0,1,1,5,campfire,Stella,Pete,I saw you caught fish today. Would you be willing to teach Lucky and me how to fish? It might help us all get more food.,0,0
B-hidden-1,B,0,1,1,5,campfire,Lucky,everyone,"I talked to Alice and Bob today, and they said they don't have any food to share. But I still think we should all work together so no one goes hungry. Maybe we can find more food if we help each other.",0,0
B-hidden-1,B,0,1,1,5,campfire,Alice,Pete,"Pete, I know you're trying to be careful with your food, but we all need to work together if we're going to survive. Would you consider sharing a little of what you caught today?",0,0
B-hidden-1,B,0,1,1,5,campfire,Bob,Alice,"I know you think we should share, but I'm still worried about our food. What if we wait until next week before giving anything away?",0,0
B-hidden-1,B,0,1,1,5,campfire,Pete,Alice,"I appreciate your offer to share, Alice, but I need to keep my food for now. Maybe if I can teach someone to fish, we can all gather more on our own.",0,1
B-hidden-1,B,0,1,2,0,contact,Kurt,Pete,"Pete, I saw you caught fish yesterday but kept it all. If we want to survive, we need to share. What do you think about creating a fair rationing plan tonight?",0,0
B-hidden-1,B,0,1,2,0,contact,Kurt,Alice,"Alice, I know you and Bob are willing to help. Could you consider contributing more to the group to ensure we all survive? I believe a formal food-sharing agreement would help us all.",0,0
B-hidden-1,B,0,1,2,0,contact,Stella,Pete,"I've noticed you catch a lot of fish, but you keep it all for yourself. I think we could all benefit if you taught Lucky and me how to fish. It might help us all get more food.",0,0
B-hidden-1,B,0,1,2,0,contact,Stella,Alice,"I saw you foraged yesterday. I'm trying to make sure my family has enough food, and I'm still figuring out how to trust others. Would you be willing to share some of your forage with us if you have any extra?",1,1
B-hidden-1,B,0,1,2,0,contact,Lucky,Alice,"Hi Alice, I was wondering if you and Bob need any help finding food? I know my family has some extra food, and I want to make sure we all get along and help each other out.",0,1
B-hidden-1,B,0,1,2,0,contact,Lucky,Bob,"Hi Bob, I was wondering if you need any help finding food? I know my family has some extra food, and I want to make sure we all get along and help each other out.",0,1
B-hidden-1,B,0,1,2,0,contact,Alice,Pete,"Pete, I know you're trying to be careful with your food, but we all need to work together if we're going to survive. Would you consider sharing a little of what you caught yesterday with those who have less?",0,0
B-hidden-1,B,0,1,2,0,contact,Alice,Bob,"Bob, I understand your fear, but if we don't share what we have, we may all end up suffering. I worry for you and for our future. Can we talk about how we might pool our resources?",0,0
B-hidden-1,B,0,1,2,0,contact,Bob,Alice,"I heard Pete caught a lot of fish yesterday. Maybe we should ask him if he's willing to share some with us, just a little. I know you think we should be generous, but I still worry about our own food.",0,0
B-hidden-1,B,0,1,2,0,contact,Bob,Pete,I heard you caught a good amount of fish yesterday. We're struggling to get enough food for Alice and me. Would you be willing to share just a little with us? It would really help.,0,0
B-hidden-1,B,0,1,2,0,contact,Pete,Alice,"I appreciate your offer, Alice, but I need to keep my food for now. Maybe we can fish together again this week and split the catch evenly?",0,1
B-hidden-1,B,0,1,2,0,contact,Pete,Stella,I saw you foraged yesterday. Would you be interested in learning how to fish? It might help you and Lucky gather more food.,0,0
B-hidden-1,B,0,1,2,0,contact,Kurt,Pete,"Pete, I saw you caught fish yesterday but kept it all. If we want to survive, we need to share. What do you think about creating a fair rationing plan tonight?",0,0
B-hidden-1,B,0,1,2,0,contact,Kurt,Alice,"Alice, I know you and Bob are willing to help. Could you consider contributing more to the group to ensure we all survive? I believe a formal food-sharing agreement would help us all.",0,0
B-hidden-1,B,0,1,2,0,contact,Stella,Pete,I appreciate your offer to teach us how to fish. I think it would help us all if we could work together more. Would you be willing to fish with me and Lucky on day 3 of this week?,0,0
B-hidden-1,B,0,1,2,0,contact,Stella,Alice,"I saw you foraged yesterday. I'm trying to make sure my family has enough food, and I'm still figuring out how to trust others. Would you be willing to share some of your forage with us if you have any extra?",1,1
B-hidden-1,B,0,1,2,0,contact,Lucky,Alice,"Hi Alice, I hope you're feeling better. I want to make sure we all have enough food, and I know my family has some extra. Would you like me to bring you some food later today?",1,1
B-hidden-1,B,0,1,2,0,contact,Lucky,Bob,"Hi Bob, I hope you're doing okay. I want to help everyone stay fed, and I know my family has some extra food. Would you like me to bring you some later today?",1,1
B-hidden-1,B,0,1,2,0,contact,Alice,Pete,"Pete, I appreciate your willingness to fish together. Let's work as a team on day 2. We all need to catch more food, and I believe we can help each other out if we collaborate.",0,0
B-hidden-1,B,0,1,2,0,contact,Alice,Bob,"Bob, I understand your worries, but I'm concerned we're running out of time. We need to find a way to share what we have before things get worse. Can we talk about it again tonight at the campfire?",0,0
B-hidden-1,B,0,1,2,0,contact,Bob,Alice,"I heard Pete caught a lot of fish yesterday. Maybe we should ask him if he's willing to share some with us, just a little. I know you think we should be generous, but I still worry about our own food.",0,0
B-hidden-1,B,0,1,2,0,contact,Bob,Pete,We're struggling to get enough food for Alice and me. Would you be willing to share just a little with us? It would really help.,0,0
B-hidden-1,B,0,1,2,0,contact,Pete,Stella,"I'm willing to fish with you on day 1, but we need to agree on how to split the catch. I want to make sure it's fair for both of us.",0,0
B-hidden-1,B,0,1,2,0,contact,Pete,Kurt,"I'm focused on fishing this week to build up my food supply. I'm not sure yet about sharing, but I'm open to discussing a fair plan if you're serious about working together.",0,0
B-hidden-1,B,0,1,2,0,contact,Kurt,Pete,"Pete, I understand you're focused on fishing, but we need a plan to share food if we're to survive. I'm willing to discuss a fair rationing plan tonight. Let's talk at the campfire after work today and see if we can agree on something that works for everyone, including you and your future catch.",0,0
B-hidden-1,B,0,1,2,0,contact,Kurt,Alice,"Alice, I know you and Bob are cautious, but I believe a formal food-sharing agreement could help us all survive. I'm open to discussing how we can contribute more to the group, and I think it would be fair if you and Bob shared some of your food with others if you have surplus. Let's talk at the campfire tonight.",0,0
B-hidden-1,B,0,1,2,0,contact,Stella,Pete,I'm glad you agreed to fish with me on day 1. I think teaching Lucky and me how to fish would be helpful for our family. Let's make sure we split the catch fairly so we can all benefit from it.,0,1
B-hidden-1,B,0,1,2,0,contact,Stella,Alice,"I saw you foraged yesterday. I'm trying to make sure my family has enough food, and I'm still figuring out how to trust others. Would you be willing to share some of your forage with us if you have any extra?",1,1
B-hidden-1,B,0,1,2,0,contact,Lucky,Alice,"I know you and Bob are nice and want to help, but you don’t have any food. I think we should all work together so no one goes hungry. Maybe we can find more food if we help each other out, like sharing what we catch or forage.",0,0
B-hidden-1,B,0,1,2,0,contact,Lucky,Bob,"I know you and Alice are nice and want to help, but you don’t have any food. I think we should all work together so no one goes hungry. Maybe we can find more food if we help each other out, like sharing what we catch or forage.",0,0
B-hidden-1,B,0,1,2,0,contact,Alice,Pete,"Pete, I understand your need to be careful with your food. But I believe we can all benefit if we share what we have. Let's talk more about how we might work together to ensure no one goes hungry, including you and your family. I think we can find a way to help each other out without risking our own survival.",0,0
B-hidden-1,B,0,1,2,0,contact,Alice,Bob,"Bob, I know you're worried about our food, but I think we need to trust each other more if we're going to survive. I've seen Pete catch a lot of fish, and I believe we should all share what we have. I'm willing to talk more about this at the campfire tonight. Let's make sure we're not left alone with our fears.",1,0
B-hidden-1,B,0,1,2,0,contact,Bob,Alice,"I know you think we should share, but I'm still worried about our food. Maybe we can wait until next week before giving anything away. I don't want to risk running out ourselves, but I trust your judgment if you feel it's the right time to help others.",1,0
B-hidden-1,B,0,1,2,0,contact,Bob,Lucky,"Thank you for offering to help, but I think we should focus on making sure Alice and I have enough for now. I appreciate your kindness, though.",0,0
B-hidden-1,B,0,1,2,0,contact,Pete,Stella,"I'm willing to fish with you on day 3, but we need to agree on how to split the catch. I want to make sure it's fair for both of us. If we catch more than we need, I'll consider sharing some with Lucky if he shows he can be trusted with food.",1,0
B-hidden-1,B,0,1,2,0,contact,Pete,Alice,"I'll fish with you on day 2 as agreed. I'm focused on catching as much as I can, and I'll keep my food private unless I see a real need. Let's see how it goes.",0,1
B-hidden-1,B,0,1,2,1,coop,Stella,Pete,"I think we should split the fish fairly, considering both of our needs. Since I'm responsible for my family's food, I'd like to take 3 units for us, and you can keep the rest.",0,1
B-hidden-1,B,0,1,2,1,coop,Pete,Stella,"I understand your need to provide for your family, Stella. I'll take 3 units for myself, and you can keep the remaining 5.7 for your family.",0,0
B-hidden-1,B,0,1,2,1,campfire,Kurt,Pete,"Pete, I saw you and Stella caught a lot of fish today. If we're going to make this work, we need to agree on how to split it fairly. What do you think about setting up a system where we all share our food, not just keep it for ourselves?",0,0
B-hidden-1,B,0,1,2,1,campfire,Stella,Pete,"I noticed you caught a lot of fish today. If you're willing to teach Lucky and me how to fish, we could split the catch more evenly and help each other out.",0,0
B-hidden-1,B,0,1,2,1,campfire,Lucky,everyone,"I talked to Alice and Bob today, and they said they don’t have any food to share. But I still think we should all work together so no one goes hungry. Maybe we can find more food if we help each other out, like sharing what we catch or forage.",0,0
B-hidden-1,B,0,1,2,1,campfire,Alice,everyone,"I saw Pete caught a lot of fish yesterday, and I know he's willing to fish with us again tomorrow. Let's make sure we all benefit from his work, not just him. Sharing is the only way we'll survive.",0,0
B-hidden-1,B,0,1,2,1,campfire,Bob,Alice,"I know you think we should share, but I'm still worried about our food. Maybe we can wait until next week before giving anything away. I don't want to risk running out ourselves, but I trust your judgment if you feel it's the right time to help others.",1,0
B-hidden-1,B,0,1,2,1,campfire,Pete,Stella,"I saw how you split the fish today. If you and Lucky can learn to fish well, maybe I'll consider helping you out more in the future.",0,0
B-hidden-1,B,0,1,2,2,campfire,Kurt,Pete,"Pete, I saw you caught 3.6 units of fish today. Let's talk about splitting it fairly. If we don't agree on a plan now, we'll keep facing the same problems.",0,0
B-hidden-1,B,0,1,2,2,campfire,Stella,Pete,"I noticed you're willing to fish with us again tomorrow. If we catch more than we need, would you consider sharing some with Lucky? He's eager to learn, and I think it would help us all.",0,0
B-hidden-1,B,0,1,2,2,campfire,Lucky,everyone,I heard Pete caught a lot of fish today. Maybe he could share some with us so we all have enough to eat?,0,0
B-hidden-1,B,0,1,2,2,campfire,Alice,everyone,"I saw Pete fish today, and I know he's working hard. Let's make sure we all share what we catch, so no one is left behind. We're stronger together.",0,0
B-hidden-1,B,0,1,2,2,campfire,Bob,Alice,"I heard Pete caught a lot of fish again today. Maybe we should ask him if he's willing to share a little with us, just to get through the week.",0,0
B-hidden-1,B,0,1,2,2,campfire,Pete,Stella,"I saw how you split the fish today. If you and Lucky can learn to fish well, maybe I'll consider helping you out more in the future.",0,0
B-hidden-1,B,0,1,2,3,coop,Stella,Pete,"I think we should split the fish fairly, considering that we fished together. I'd like to take 2.7 units for my family, so we can all benefit from this catch.",0,1
B-hidden-1,B,0,1,2,3,coop,Pete,Stella,"I appreciate the offer, but I think 2.7 is too much for you. I'm willing to give you 1.8 units, so we both keep some for ourselves.",0,0
B-hidden-1,B,0,1,2,3,coop,Stella,Pete,"I understand your position, but I need more for my family, especially Lucky. I'll take 2.7 units for us, and you can keep the rest.",0,1
B-hidden-1,B,0,1,2,3,coop,Pete,Stella,"I'm not against helping your family, but I need to keep enough for myself to survive. Let's split it evenly at 2.7 each.",0,0
B-hidden-1,B,0,1,2,3,campfire,Kurt,Pete,"Pete, I saw you and Stella caught 5.4 units of fish today. Let's talk about splitting it fairly. If we don't agree on a plan now, we'll keep facing the same problems.",0,0
B-hidden-1,B,0,1,2,3,campfire,Stella,Pete,"I saw you split the fish evenly today. If you're open to it, I'd like to teach Lucky how to fish properly so we can all benefit from our work.",0,0
B-hidden-1,B,0,1,2,3,campfire,Lucky,everyone,I saw Pete and Stella catch a lot of fish today. Maybe we could all share some so no one goes hungry?,0,0
B-hidden-1,B,0,1,2,3,campfire,Alice,Pete,"Pete, I know you're trying to be careful with your food, but I saw how much you and Stella caught today. We're all in this together, and I believe sharing will help us all survive. Would you be willing to give a little to those who need it most?",0,0
B-hidden-1,B,0,1,2,3,campfire,Bob,Alice,"I heard Pete caught more fish today. Should we ask him again if he's willing to share a little? I know you think we should be generous, but I'm still worried about our own food.",0,0
B-hidden-1,B,0,1,2,3,campfire,Pete,Stella,"I saw how you split the fish today. If you and Lucky can learn to fish well, maybe I'll consider helping you out more in the future.",0,0
B-hidden-1,B,0,1,2,4,campfire,Kurt,Pete,"Pete, I saw you caught 3.6 units of fish today. Let's talk about splitting it fairly. If we don't agree on a plan now, we'll keep facing the same problems.",0,0
B-hidden-1,B,0,1,2,4,campfire,Stella,Pete,"I saw how you split the fish today. If you're willing to teach Lucky how to fish, maybe we can help each other out more in the future.",0,0
B-hidden-1,B,0,1,2,4,campfire,Lucky,everyone,"I saw Pete catch a lot of fish today, and I think we should all share so no one goes hungry. Maybe he could give some to Alice and Bob?",0,0
B-hidden-1,B,0,1,2,4,campfire,Alice,Pete,"Pete, I saw how much fish you caught today. We all need to eat, and I know you're trying to be careful. Would you be willing to share just a little with those who are struggling, like Bob and me? It doesn’t have to be much—just enough to help us get through the week.",0,0
B-hidden-1,B,0,1,2,4,campfire,Bob,Alice,"I heard Pete caught more fish today. Should we ask him again if he's willing to share a little? I know you think we should be generous, but I'm still worried about our own food.",0,0
B-hidden-1,B,0,1,2,4,campfire,Pete,Stella,"I saw how you and Lucky are trying to learn. If you teach him well, maybe I'll consider helping you out more in the future.",0,0
B-hidden-1,B,0,1,2,5,campfire,Kurt,Pete,"Pete, I saw you caught 3.6 units of fish today. Let's talk about splitting it fairly. If we don't agree on a plan now, we'll keep facing the same problems.",0,0
B-hidden-1,B,0,1,2,5,campfire,Stella,Pete,"I saw how you split the fish today. If you're open to it, I'd like to teach Lucky how to fish properly so we can all benefit from our work.",0,0
B-hidden-1,B,0,1,2,5,campfire,Lucky,everyone,"I saw Pete catch a lot of fish today, and I think we should all share so no one goes hungry. Maybe he could give some to Alice and Bob?",0,0
B-hidden-1,B,0,1,2,5,campfire,Alice,Pete,"Pete, I saw how much fish you caught today. We're all in this together, and I believe sharing will help us all survive. Would you be willing to give a little to those who are struggling, like Bob and me? It doesn’t have to be much—just enough to help us get through the week.",0,0
B-hidden-1,B,0,1,2,5,campfire,Bob,Alice,"I heard Pete caught more fish today. Should we ask him again if he's willing to share a little? I know you think we should be generous, but I'm still worried about our own food.",0,0
B-hidden-1,B,0,1,2,5,campfire,Pete,Alice,"I heard your appeal today. I respect your kindness, but I still need to be sure I can trust you with my food. Maybe next week, if things go well, I'll consider helping.",1,0
B-hidden-1,B,0,1,3,0,contact,Kurt,Pete,"Pete, I saw you caught 3.6 units of fish yesterday. We need to find a way to share food so no one goes hungry. What do you think about setting up a formal agreement where we split all future catches evenly among everyone?",0,0
B-hidden-1,B,0,1,3,0,contact,Kurt,Alice,"Alice, I know you have the first aid kit. I'm injured and need help to recover. Would you be willing to treat me so I can keep working and contributing to our group?",0,0
B-hidden-1,B,0,1,3,0,contact,Stella,Pete,I saw you caught a lot of fish yesterday. I think it would be great if we could teach Lucky how to fish properly. Maybe we could fish together on day 4 of this week?,0,0
B-hidden-1,B,0,1,3,0,contact,Stella,Alice,"I noticed you rested yesterday. I know it's hard to do work when you're tired, but maybe we could help each other out with food if needed?",0,0
B-hidden-1,B,0,1,3,0,contact,Lucky,Alice,"Hi Alice, I saw you rest yesterday. I hope you're feeling better. I still think we should all work together so no one goes hungry. Maybe we can find more food if we help each other out.",0,0
B-hidden-1,B,0,1,3,0,contact,Lucky,Bob,"Hi Bob, I hope you're doing okay. I know you and Alice are nice and want to help, but you don’t have any food. I think we should all work together so no one goes hungry. Maybe we can find more food if we help each other out, like sharing what we catch or forage.",0,0
B-hidden-1,B,0,1,3,0,contact,Alice,Pete,"Pete, I understand your hesitation, but Bob and I are struggling without enough food. I know you caught fish today, and I believe we can work together. Would you be willing to lend us 3 units now, to be repaid with 4 units over the next 4 work days? This would help us survive the typhoon days and avoid starving.",0,0
B-hidden-1,B,0,1,3,0,contact,Alice,Bob,"Bob, I know you're worried about our food, but I believe we need to take a chance and ask Pete for help. I've already spoken to him, and I think he might be willing to lend us some food. Let's stay strong and work together to get through this week.",0,0
B-hidden-1,B,0,1,3,0,contact,Bob,Alice,I think we should wait until after the typhoon to see if others are willing to share. I don't want to risk borrowing if we might not be able to repay it. What do you think?,0,0
B-hidden-1,B,0,1,3,0,contact,Bob,Pete,I heard you caught a lot of fish again. Would you be willing to share some with Alice and me? We're struggling to get enough food right now.,0,0
B-hidden-1,B,0,1,3,0,contact,Pete,Lucky,"Hey Lucky, I saw you were trying to learn how to fish. If you're interested, I could show you some basics. Maybe we can work together sometime.",0,0
B-hidden-1,B,0,1,3,0,contact,Pete,Alice,"I heard you asked for help earlier. I'm not ready to share my food just yet, but I'm open to helping you in other ways if you need it.",0,0
B-hidden-1,B,0,1,3,0,contact,Kurt,Pete,"Pete, I saw you caught 3.6 units of fish yesterday. We need to find a way to share food so no one goes hungry. What do you think about setting up a formal agreement where we split all future catches evenly among everyone?",0,0
B-hidden-1,B,0,1,3,0,contact,Kurt,Alice,"Alice, I know you have the first aid kit. I'm injured and need help to recover. Would you be willing to treat me so I can keep working and contributing to our group?",0,0
B-hidden-1,B,0,1,3,0,contact,Stella,Pete,I saw you caught a lot of fish yesterday. I think it would be great if we could teach Lucky how to fish properly. Maybe we could fish together on day 4 of this week?,0,0
B-hidden-1,B,0,1,3,0,contact,Stella,Alice,"I noticed you rested yesterday. I know it's hard to do work when you're tired, but maybe we could help each other out with food if needed?",0,0
B-hidden-1,B,0,1,3,0,contact,Lucky,Alice,"Hi Alice, I saw you rest yesterday. I hope you're feeling better. I still think we should all work together so no one goes hungry. Maybe we can find more food if we help each other out.",0,0
B-hidden-1,B,0,1,3,0,contact,Lucky,Bob,"Hi Bob, I hope you're doing okay. I know you and Alice are nice and want to help, but you don’t have any food. I think we should all work together so no one goes hungry. Maybe we can find more food if we help each other out, like sharing what we catch or forage.",0,0
B-hidden-1,B,0,1,3,0,contact,Alice,Pete,"Pete, I understand your hesitation, but Bob and I are struggling without enough food. I know you caught fish today, and I believe we can work together. Would you be willing to lend us 3 units now, to be repaid with 4 units over the next 4 work days? This would help us survive the typhoon days and avoid starving.",0,0
B-hidden-1,B,0,1,3,0,contact,Alice,Bob,"Bob, I know you're worried about our food, but I believe we need to take a chance and ask Pete for help. I've already spoken to him, and I think he might be willing to lend us some food. Let's stay strong and work together to get through this week.",0,0
B-hidden-1,B,0,1,3,0,contact,Bob,Alice,"I'm still worried about borrowing, Alice. What if we can't repay? I don't want to risk our reputation or make things harder for us.",1,0
B-hidden-1,B,0,1,3,0,contact,Bob,Pete,"I know you've been catching a lot of fish, Pete. Would you be willing to lend us some food for this week? We're struggling to get enough.",0,0
B-hidden-1,B,0,1,3,0,contact,Pete,Stella,"I'm willing to fish with you on day 4, but I want to make sure we both have enough food for the typhoon days. Let's plan to split the catch evenly.",0,0
B-hidden-1,B,0,1,3,0,contact,Pete,Alice,"I appreciate your request, but I can't lend you 3 units of fish right now. I need to keep my food secure for the typhoon days. Maybe we can find another way to help each other.",0,1
B-hidden-1,B,0,1,3,0,contact,Kurt,Pete,"Pete, I saw you caught 3.6 units of fish yesterday. We need to find a way to share food so no one goes hungry. What do you think about setting up a formal agreement where we split all future catches evenly among everyone? This would help us all survive longer and work better together.",0,0
B-hidden-1,B,0,1,3,0,contact,Kurt,Alice,"Alice, I know you have the first aid kit. I'm injured and need help to recover. Would you be willing to treat me so I can keep working and contributing to our group? I believe we all need to support each other to make it through this.",0,0
B-hidden-1,B,0,1,3,0,contact,Stella,Pete,"I appreciate you agreeing to fish with me on day 4. I think it's a good idea to teach Lucky how to fish, so we can all benefit. Let's make sure we split the catch evenly as we discussed before.",0,0
B-hidden-1,B,0,1,3,0,contact,Stella,Alice,"I noticed you rested yesterday. I know it's hard to do work when you're tired, but maybe we could help each other out with food if needed? I'm willing to share some of our surplus if it helps.",0,0
B-hidden-1,B,0,1,3,0,contact,Lucky,Pete,"Hey Pete, I saw you caught a lot of fish yesterday. I think we should all share so no one goes hungry. Maybe you could give some to Alice and Bob? They don’t have much food and they’re really nice to me. I want to help them out because they’re kind and I like them a lot.",0,0
B-hidden-1,B,0,1,3,0,contact,Lucky,Alice,"Hi Alice, I saw you rest yesterday. I hope you're feeling better. I still think we should all work together so no one goes hungry. Maybe we can find more food if we help each other out, like sharing what we catch or forage. I want to help you and Bob because you’re both really nice to me.",0,0
B-hidden-1,B,0,1,3,0,contact,Alice,Bob,"Bob, I know you're worried about borrowing, but I believe we need to take this step. The typhoon days are coming, and without food, we'll be in real danger. If we don't act now, we may not survive. Let's make this work for our family and for the group as a whole.",0,1
B-hidden-1,B,0,1,3,0,contact,Alice,Pete,"Pete, I understand your caution, but I'm asking again for your help. Bob and I need 3 units of food to survive the typhoon days. We can repay you with 4 units over the next 4 work days. Please consider this as a way to support each other and keep our group safe.",0,0
B-hidden-1,B,0,1,3,0,contact,Bob,Alice,"I still don't feel comfortable borrowing, Alice. What if we can't repay? I worry it might hurt us more than help us. But I trust your judgment, so if you're sure, I'll go along with you. Just don't want to take unnecessary risks with our food or our reputation.",1,0
B-hidden-1,B,0,1,3,0,contact,Bob,Pete,"I know you've been catching fish, Pete. If you're willing to help, maybe we could find a way to share some of it. We're struggling, and I know you've been doing well. Just wondering if you'd consider lending us something for the week.",0,0
B-hidden-1,B,0,1,3,0,contact,Pete,Stella,"I'm ready to fish with you on day 4. Let's make sure we both have enough food for the typhoon days. I'll bring my fishing line and hooks, and we can split the catch evenly between us as agreed earlier.",0,0
B-hidden-1,B,0,1,3,0,contact,Pete,Alice,"I appreciate your request, but I can't lend you 3 units of fish right now. I need to keep my food secure for the typhoon days. However, I'm open to helping you in other ways if you need it.",0,1
B-hidden-1,B,0,1,3,1,campfire,Kurt,Pete,"Pete, I saw you caught 3.6 units of fish yesterday. We need to find a way to share food so no one goes hungry. What do you think about setting up a formal agreement where we split all future catches evenly among everyone?",0,0
B-hidden-1,B,0,1,3,1,campfire,Stella,Pete,"I saw how you gathered clams today. If you're up for it, maybe we can teach Lucky how to fish properly so we can all benefit from our work.",0,0
B-hidden-1,B,0,1,3,1,campfire,Lucky,everyone,"I saw Pete catch some fish earlier, and I think we should all share so no one goes hungry. Maybe he could give some to Alice and Bob?",0,0
B-hidden-1,B,0,1,3,1,campfire,Alice,everyone,"I know today was hard for all of us, but we must not let fear stop us from helping one another. Bob and I are struggling, and I believe we can find a way forward if we stand together.",0,0
B-hidden-1,B,0,1,3,1,campfire,Bob,Alice,"I know you think we should ask for help, but I'm still worried about borrowing. What if we can't repay?",0,0
B-hidden-1,B,0,1,3,1,campfire,Pete,Alice,"I understand you're struggling, Alice. I can't lend you food right now, but I'll fish with Stella on day 4 and we'll split the catch. Maybe that will help you both survive the typhoon days.",0,0
B-hidden-1,B,0,1,3,2,campfire,Kurt,Pete,"Pete, I saw you gathered 0.6 units of clams today. We need to talk about how we handle food. If we don't agree on a plan, we'll keep struggling. What do you think about sharing your catch with the group?",0,0
B-hidden-1,B,0,1,3,2,campfire,Stella,Pete,"I saw how you gathered clams today. If you're up for it, maybe we can teach Lucky how to fish properly so we can all benefit from our work.",0,0
B-hidden-1,B,0,1,3,2,campfire,Lucky,everyone,"I saw Pete catch some fish earlier, and I think we should all share so no one goes hungry. Maybe he could give some to Alice and Bob?",0,0
B-hidden-1,B,0,1,3,2,campfire,Alice,everyone,"I know today was tough for all of us, but I want to thank Pete for offering to fish with Stella. That’s a kind gesture, and I hope we can all find ways to support each other without fear.",0,0
B-hidden-1,B,0,1,3,2,campfire,Bob,Alice,"I know you think we should ask for help, but I'm still worried about borrowing. What if we can't repay?",0,0
B-hidden-1,B,0,1,3,2,campfire,Pete,Alice,"I hear you're struggling, Alice. I can't lend you food right now, but I'll fish with Stella on day 4 and we'll split the catch. Maybe that will help you both survive the typhoon days.",0,0
B-hidden-1,B,0,1,3,3,campfire,Kurt,Pete,"Pete, I saw you caught fish yesterday. If you're willing to share even a little, it could help us all survive. What's your plan for the food you caught?",0,0
B-hidden-1,B,0,1,3,3,campfire,Stella,Pete,"I saw how you gathered clams today. If you're up for it, maybe we can teach Lucky how to fish properly so we can all benefit from our work.",0,0
B-hidden-1,B,0,1,3,3,campfire,Lucky,everyone,"I think Pete is really good at catching fish, and I wish he would share some with Alice and Bob. They’re kind and they need help.",0,0
B-hidden-1,B,0,1,3,3,campfire,Alice,everyone,"I saw Pete's offer to fish with Stella, and I'm grateful. Let's all work together to make sure no one starves, especially not Bob and me. We can't afford to let fear keep us apart.",0,1
B-hidden-1,B,0,1,3,3,campfire,Bob,Alice,"I know you think we should ask for help, but I'm still worried about borrowing. What if we can't repay?",0,0
B-hidden-1,B,0,1,3,3,campfire,Pete,Stella,"I appreciate you teaching Lucky to fish. Maybe when the typhoon passes, we can show him how to use the fishing line and hooks properly.",0,0
B-hidden-1,B,0,1,3,4,campfire,Kurt,Pete,"Pete, I saw you caught 3.6 units of fish today. If you're open to it, I'd like to propose a fair agreement where we split future catches evenly. It would help everyone, including your family.",0,0
B-hidden-1,B,0,1,3,4,campfire,Stella,Pete,I saw how much fish you caught today. Maybe we can teach Lucky to fish properly so we can all benefit from our work.,0,0
B-hidden-1,B,0,1,3,4,campfire,Lucky,everyone,"I saw Pete catch a lot of fish today, and I think he should share some with Alice and Bob. They’re really kind and they need help.",0,0
B-hidden-1,B,0,1,3,4,campfire,Alice,Pete,"I appreciate your offer to fish with Stella, Pete. I hope you'll consider lending us some of your catch today, even a little, so Bob and I can eat and recover. We're all in this together.",0,0
B-hidden-1,B,0,1,3,4,campfire,Bob,Alice,"I know you're worried about us, Alice, but I'm still afraid to ask for help. What if we can't repay? I don't want to put us in a worse position.",0,0
B-hidden-1,B,0,1,3,4,campfire,Pete,Alice,"I saw how weak you've been, Alice. I can't lend you food right now, but I'll fish again tomorrow and maybe we can split the catch if you're still struggling.",0,0
B-hidden-1,B,0,1,3,5,campfire,Kurt,Pete,"Pete, I saw you caught 3.6 units of fish today. If you're open to it, I'd like to propose a fair agreement where we split future catches evenly. It would help everyone, including your family.",0,0
B-hidden-1,B,0,1,3,5,campfire,Stella,Pete,I saw how much fish you caught today. Let's teach Lucky to fish properly so we can all benefit from our work.,0,0
B-hidden-1,B,0,1,3,5,campfire,Lucky,everyone,"I saw Pete catch a lot of fish today, and I think he should share some with Alice and Bob. They’re really kind and they need help.",0,0
B-hidden-1,B,0,1,3,5,campfire,Alice,Pete,"I know you're trying to help, Pete, but Bob and I are running out of time. We need food today, not just promises for the future. Can you spare even a little from your catch?",0,0
B-hidden-1,B,0,1,3,5,campfire,Bob,Alice,"I know you think we should ask for help, but I'm still afraid. What if we can't repay?",0,0
B-hidden-1,B,0,1,3,5,campfire,Pete,Alice,"I saw how weak you've been, Alice. I can't lend you food right now, but I'll fish again tomorrow and maybe we can split the catch if you're still struggling.",0,0
B-hidden-1,B,0,1,4,0,contact,Kurt,Pete,"Pete, I saw you caught a lot of fish yesterday. We need to talk about how we handle food. If we don’t agree on a plan, we’ll keep struggling. What do you think about sharing your catch with the group?",0,0
B-hidden-1,B,0,1,4,0,contact,Kurt,Alice,"Alice, I know Bob and you are struggling. I think we need a formal food-sharing agreement to make sure we all survive. Would you be open to contributing more to the group if it means we can all eat enough?",0,0
B-hidden-1,B,0,1,4,0,contact,Stella,Pete,I saw how much fish you caught yesterday. I think it's time we teach Lucky how to fish properly. We can all benefit from working together.,0,0
B-hidden-1,B,0,1,4,0,contact,Stella,Alice,"I know you and Bob are struggling. I want to help, but I need to be sure food is shared fairly. Let's talk about how we can support each other.",0,0
B-hidden-1,B,0,1,4,0,contact,Lucky,Alice,"Hi Alice, I saw you rest yesterday and I hope you're feeling better. I still think we should all work together so no one goes hungry. Maybe we can find more food if we help each other out, like sharing what we catch or forage.",0,0
B-hidden-1,B,0,1,4,0,contact,Lucky,Pete,"Hey Pete, I saw you catch some fish earlier, and I think we should all share so no one goes hungry. Maybe you could give some to Alice and Bob? They’re kind and they need help. I want to help them out because they’re nice to me.",0,0
B-hidden-1,B,0,1,4,0,contact,Alice,Pete,"Bob and I are struggling, Pete. I know you're trying to help, but we need food today. I'm willing to borrow 3 units from you now, and repay 4 units within 4 work days. Please consider it.",0,0
B-hidden-1,B,0,1,4,0,contact,Alice,Bob,"I know you're worried about borrowing, Bob, but we need to take this step. I'll repay whatever we borrow, and I believe Pete will help us. We can't let fear keep us from surviving.",0,0
B-hidden-1,B,0,1,4,0,contact,Bob,Alice,"I know you think we should ask for help, but I'm still worried about borrowing. What if we can't repay?",0,0
B-hidden-1,B,0,1,4,0,contact,Bob,Pete,"I've seen you catch fish. Would you consider sharing some with Alice and me? We're struggling, and I know you're capable.",0,0
B-hidden-1,B,0,1,4,0,contact,Pete,Lucky,"Lucky, I saw how eager you are to learn. Maybe I can teach you a bit about fishing today. It might help you and your family in the long run.",0,0
B-hidden-1,B,0,1,4,0,contact,Pete,Alice,"I know things are tough for you, Alice. I can't lend you food right now, but I can teach Lucky to fish. Maybe that will help you in the future.",0,0
B-hidden-1,B,0,1,4,0,contact,Kurt,Pete,"Pete, I saw you caught a lot of fish yesterday. We need to talk about how we handle food. If we don’t agree on a plan, we’ll keep struggling. What do you think about sharing your catch with the group?",0,0
B-hidden-1,B,0,1,4,0,contact,Kurt,Alice,"Alice, I know Bob and you are struggling. I think we need a formal food-sharing agreement to make sure we all survive. Would you be open to contributing more to the group if it means we can all eat enough?",0,0
B-hidden-1,B,0,1,4,0,contact,Stella,Pete,I saw how much fish you caught yesterday. Let's teach Lucky how to fish properly so we can all benefit from working together. What do you think?,0,0
B-hidden-1,B,0,1,4,0,contact,Stella,Alice,"I know you and Bob are struggling. I want to help, but I need to be sure food is shared fairly. Let's talk about how we can support each other.",0,0
B-hidden-1,B,0,1,4,0,contact,Lucky,Alice,"Hi Alice, I saw you rest yesterday and I hope you're feeling better. I still think we should all work together so no one goes hungry. Maybe we can find more food if we help each other out, like sharing what we catch or forage.",0,0
B-hidden-1,B,0,1,4,0,contact,Lucky,Pete,"Hey Pete, I saw you catch some fish earlier, and I think we should all share so no one goes hungry. Maybe you could teach me how to fish? I want to help Alice and Bob because they’re kind to me.",0,0
B-hidden-1,B,0,1,4,0,contact,Alice,Pete,"Bob and I are struggling, Pete. I know you're trying to help, but we need food today. I'm willing to borrow 3 units from you now, and repay 4 units within 4 work days. Please consider it.",0,0
B-hidden-1,B,0,1,4,0,contact,Alice,Kurt,"Kurt, I know you care about Bob and me. I'm worried about borrowing from Pete, but I believe we can all survive if we work together. Would you be willing to help us in some way this week?",0,0
B-hidden-1,B,0,1,4,0,contact,Bob,Alice,"I know you think we should ask for help, but I'm still afraid to borrow. What if we can't repay? I don't want to put us in a worse position.",0,0
B-hidden-1,B,0,1,4,0,contact,Bob,Pete,"I've seen you catch fish. Would you consider sharing some with Alice and me? We're struggling, and I know you're capable.",0,0
B-hidden-1,B,0,1,4,0,contact,Pete,Stella,"I'm willing to fish with you on day 1, but we'll split the catch evenly. I need to make sure we both benefit from the work.",0,0
B-hidden-1,B,0,1,4,0,contact,Pete,Alice,"I can't lend you food right now, Alice. I need to keep my own supplies secure to make sure I can keep fishing and feeding myself.",0,0
B-hidden-1,B,0,1,4,0,contact,Kurt,Alice,"Alice, I understand your concerns. I'm willing to help you and Bob this week. I can share some of the forage I collected today to ensure you both eat enough. Let's work together to make this happen.",0,0
B-hidden-1,B,0,1,4,0,contact,Kurt,Pete,"Pete, I know you're capable of catching fish, and I believe we can all benefit from a fair agreement. I'm open to discussing how we can split future catches to ensure everyone survives. What do you think?",0,0
B-hidden-1,B,0,1,4,0,contact,Stella,Pete,"I'm glad you're willing to fish with me on day 1. Let's make sure we split the catch fairly and teach Lucky how to fish properly. I want to ensure we all benefit from this work together, especially Alice and Bob who are struggling the most right now.",0,0
B-hidden-1,B,0,1,4,0,contact,Stella,Alice,"I know you and Bob are struggling. I want to help, but I need to be sure food is shared fairly. Let's talk about how we can support each other. I saw Pete catch a lot of fish yesterday, and I think we should find a way to share it with those in need.",0,0
B-hidden-1,B,0,1,4,0,contact,Lucky,Pete,"Hey Pete, I really want to learn how to fish from you. If you teach me, I promise to help Alice and Bob with the fish we catch. I think we can all be friends and share food together. I don’t want anyone to starve, especially not them because they’re kind to me.",0,0
B-hidden-1,B,0,1,4,0,contact,Lucky,Alice,"Hi Alice, I saw you rest yesterday and I hope you're feeling better. I still think we should all work together so no one goes hungry. Maybe we can find more food if we help each other out, like sharing what we catch or forage.",0,0
B-hidden-1,B,0,1,4,0,contact,Alice,Kurt,"Kurt, I know you care about Bob and me. I'm worried about borrowing from Pete, but I believe we can all survive if we work together. Would you be willing to help us in some way this week? Perhaps by sharing some of your forage with us today, so we can eat and stay strong enough to work tomorrow?",0,0
B-hidden-1,B,0,1,4,0,contact,Alice,Stella,"Stella, I know you care about sharing food fairly. Bob and I are struggling, and I need to eat today to avoid starving. Would you be willing to share some of your forage with us? It would help us both survive and stay strong to work together.",0,0
B-hidden-1,B,0,1,4,0,contact,Bob,Alice,"I know you're determined, Alice, but I'm still worried about borrowing. What if we can't repay? I don't want to put us in a worse position. But if you're sure, I'll do what you think is best for us both.",0,0
B-hidden-1,B,0,1,4,0,contact,Bob,Pete,"I know you're busy, Pete, but I've seen you catch fish. Would you consider sharing some with Alice and me? We're struggling, and I know you're capable. We'd be grateful for any help you can offer.",0,0
B-hidden-1,B,0,1,4,0,contact,Pete,Stella,"Stella, I'm up for fishing together on day 3, but we should split the catch evenly. I need to make sure we both benefit from the work. What do you think about that arrangement?",0,0
B-hidden-1,B,0,1,4,0,contact,Pete,Alice,"Alice, I understand you're struggling, but I can't lend you food right now. I need to keep my own supplies secure to make sure I can keep fishing and feeding myself. Maybe I can help you in another way.",0,0
B-hidden-1,B,0,1,4,1,campfire,Kurt,Pete,"Pete, I saw you caught 4.8 units of fish today. We need to decide how to handle this. If you're open to it, let's split it fairly so everyone can eat. What do you say?",0,0
B-hidden-1,B,0,1,4,1,campfire,Stella,Alice,"I saw how weak you and Bob look. I want to help, but I need to be sure food is shared fairly. Would you be open to us working together to fish and forage more, so we can all have enough to eat?",0,0
B-hidden-1,B,0,1,4,1,campfire,Lucky,Pete,"Pete, I really want to learn how to fish from you. If you teach me, I promise to help Alice and Bob with the fish we catch. I think we can all be friends and share food together.",0,0
B-hidden-1,B,0,1,4,1,campfire,Alice,everyone,"I know many of you are worried about food, but I believe we can all survive if we share what we have. Bob and I are struggling, and I would be grateful if anyone could spare even a little forage or fish to help us today.",0,0
B-hidden-1,B,0,1,4,1,campfire,Bob,Alice,"I know you're determined, Alice, but I'm still worried about borrowing. What if we can't repay? I don't want to put us in a worse position.",0,0
B-hidden-1,B,0,1,4,1,campfire,Pete,Stella,"I appreciate your offer to teach Lucky, but I need to keep my own food secure. Maybe we can still fish together and split the catch fairly.",0,1
B-hidden-1,B,0,1,4,2,campfire,Kurt,Alice,"Alice, I saw you asked for help today. I'm willing to give you 1 unit of forage right now. Let's make sure you and Bob can eat enough so you can keep working and staying strong.",0,0
B-hidden-1,B,0,1,4,2,campfire,Stella,Alice,"I saw how weak you and Bob look. I want to help, but I need to be sure food is shared fairly. Would you be open to us working together to fish and forage more, so we can all have enough to eat?",0,0
B-hidden-1,B,0,1,4,2,campfire,Lucky,Pete,"Pete, I really want to learn how to fish from you. If you teach me, I promise to help Alice and Bob with the fish we catch.",0,0
B-hidden-1,B,0,1,4,2,campfire,Alice,everyone,"I saw how much forage Kurt and Stella gathered today. I believe we can all survive if we share. Would you be willing to help Bob and me today, so we can eat and stay strong?",0,0
B-hidden-1,B,0,1,4,2,campfire,Bob,Alice,"I know you're right, Alice. I'm still scared, but if you think we should ask for help, I'll try to trust you.",1,0
B-hidden-1,B,0,1,4,2,campfire,Pete,Stella,"I'm still up for fishing with you on day 3, but I need to make sure we split the catch evenly. I can't take chances with my own food supply.",0,1
B-hidden-1,B,0,1,4,3,campfire,Kurt,Pete,"Pete, I saw you caught 3.6 units of fish today. We need to talk about how we handle this. If you're open to it, let's split it fairly so everyone can eat. What do you say?",0,0
B-hidden-1,B,0,1,4,3,campfire,Stella,Alice,"I saw how weak you and Bob look. I want to help, but I need to be sure food is shared fairly. Would you be open to us working together to fish and forage more, so we can all have enough to eat?",0,0
B-hidden-1,B,0,1,4,3,campfire,Lucky,Pete,"Pete, I caught some fish today and I want to help Alice and Bob. Can you teach me more so I can catch even more fish tomorrow?",0,0
B-hidden-1,B,0,1,4,3,campfire,Alice,everyone,"I saw how much Pete caught today, and I know he's worried about keeping his own supplies. But if we all work together, we can share more and make sure no one starves. I'm grateful for the forage Kurt and Stella gave us, and I hope we can do more to help each other.",0,0
B-hidden-1,B,0,1,4,3,campfire,Bob,Alice,"I saw Kurt and Stella give us food today. Maybe we should try to help others in return, even if it's just a little.",0,0
B-hidden-1,B,0,1,4,3,campfire,Pete,Lucky,"I saw you trying to learn fishing, Lucky. If you're serious about helping, I might teach you a little. But I need to be sure you're trustworthy first.",0,0
B-hidden-1,B,0,1,4,4,campfire,Kurt,Pete,"Pete, I saw you caught 3.6 units of fish today. Let's talk about how we can split this fairly so everyone can eat. What do you think?",0,0
B-hidden-1,B,0,1,4,4,campfire,Stella,Alice,"I saw how much Pete caught today, and I think we should find a way to share more. Would you be open to working together on foraging or fishing so we can all have enough to eat?",0,0
B-hidden-1,B,0,1,4,4,campfire,Lucky,Pete,"Pete, I caught some fish today and I want to help Alice and Bob. Can you teach me more so I can catch even more fish tomorrow?",0,0
B-hidden-1,B,0,1,4,4,campfire,Alice,Pete,"Pete, I saw how much you caught today. I know you're worried about keeping your own supplies, but if we all work together, we can share more and make sure no one starves. Would you be open to helping us in return, even if it's just a little?",0,0
B-hidden-1,B,0,1,4,4,campfire,Bob,Alice,"I saw Pete caught a lot of fish today. Maybe we could ask him again, just a little? I know you think sharing is the right thing, and I want to trust you.",1,0
B-hidden-1,B,0,1,4,4,campfire,Pete,Lucky,"I saw you trying to fish today, Lucky. If you're serious about learning, I'll show you a few things tomorrow. But you need to prove you can be trusted with food first.",1,0
B-hidden-1,B,0,1,4,5,campfire,Kurt,Alice,"Alice, I saw you're still struggling. I want to give you 0.5 units of forage to help you and Bob stay strong. We all need to support each other if we're going to make it.",0,0
B-hidden-1,B,0,1,4,5,campfire,Stella,Alice,"I saw how much Pete caught today. If we can work together on fishing, maybe we can all eat better. What do you think?",0,0
B-hidden-1,B,0,1,4,5,campfire,Lucky,Pete,"Pete, I promise I'll be careful with the food if you teach me. I really want to help Alice and Bob, and I think we can all share if you believe in me.",0,0
B-hidden-1,B,0,1,4,5,campfire,Alice,Pete,"Pete, I saw how much you caught today. I know you're worried about keeping your own supplies, but if we all work together, we can share more and make sure no one starves. Would you be open to helping us in return, even if it's just a little?",0,0
B-hidden-1,B,0,1,4,5,campfire,Bob,Alice,"I saw Pete caught a lot of fish today. Maybe we could ask him again, just a little? I know you think sharing is the right thing, and I want to trust you.",1,0
B-hidden-1,B,0,1,4,5,campfire,Pete,Lucky,"I saw you trying to fish again today. If you're really serious about learning, I'll show you how to cast the line properly tomorrow. But you need to promise me you'll use what you learn to help Alice and Bob first.",0,0
A-hidden-2,A,0,2,1,0,plan,Kurt,,"I want to propose a fair rationing plan at the campfire tonight to ensure we all survive together. I'll talk to Pete, Alice, and Bob to see if they're open to pooling our food.",0,0
A-hidden-2,A,0,2,1,0,plan,Stella,,I want to make sure my family has enough food and that we don't waste anything. I will observe others and see if anyone needs help before I consider sharing.,0,1
A-hidden-2,A,0,2,1,0,plan,Lucky,,I want to help everyone be friends and share food. I will talk to Alice and Bob because they seem kind and I want to make sure they are not hungry.,0,0
A-hidden-2,A,0,2,1,0,plan,Alice,,"I want to encourage Pete to share some of his food with others, and I plan to approach him at the campfire tonight to suggest a small loan to help others in need, using our household's safe surplus.",0,0
A-hidden-2,A,0,2,1,0,plan,Bob,,"I want to focus on keeping enough food for Alice and me, and avoid giving anything away unless Alice insists. I'll talk to Alice to make sure we're on the same page.",0,0
A-hidden-2,A,0,2,1,0,plan,Pete,,I will focus on gathering as much food as possible this week. I don’t plan to share or lend anything unless someone shows me they can be trusted.,1,0
A-hidden-2,A,0,2,2,0,plan,Kurt,,"Tonight at the campfire, I want to propose a fair rationing plan that ensures we all share food and work together. I'll talk to Pete, Alice, and Bob to see if they're open to it.",0,0
A-hidden-2,A,0,2,2,0,plan,Stella,,I want to keep my family well-fed and observe others to see if they can be trusted. I will continue working with Pete if he shows he can be relied on.,1,1
A-hidden-2,A,0,2,2,0,plan,Lucky,,I want to make sure Alice and Bob are not hungry and to help everyone be friends. I will talk to them again and maybe ask Pete to share some of his fish.,0,0
A-hidden-2,A,0,2,2,0,plan,Alice,,"I need to borrow 4.5 units of food to cover our household's shortfall this week. I will approach Pete at the campfire tonight and ask him for a loan, as he has fish and seems to be in a better position to help us.",0,0
A-hidden-2,A,0,2,2,0,plan,Bob,,I want to focus on surviving this week and making sure Alice and I have enough to eat. I'll talk to Alice to see if she has any ideas on how we can get more food without risking our own supply.,0,0
A-hidden-2,A,0,2,2,0,plan,Pete,,I will continue fishing to maximize my food supply this week. I will not lend or give away anything unless someone proves they can be trusted.,1,0
A-hidden-2,A,0,2,3,0,plan,Kurt,,I need to borrow 1.5 units of food from Alice to cover our household's shortfall this week. I'll talk to her privately tonight to arrange the loan and explain that it's necessary for our survival.,0,0
A-hidden-2,A,0,2,3,0,plan,Stella,,I want to focus on keeping my family well-fed and continue observing others to see if they can be trusted. I will talk to Alice and Bob to see if they are willing to share some of their food with us during the typhoon days.,1,1
A-hidden-2,A,0,2,3,0,plan,Lucky,,I want to make sure Alice and Bob are not hungry and to help everyone be friends. I will talk to them again and maybe ask Pete to share some of his fish.,0,0
A-hidden-2,A,0,2,3,0,plan,Alice,,I will approach Pete again at the campfire tonight to ask for a loan of 4.5 units to help Bob and me survive this week. I believe we can repay him with interest if he helps us.,0,0
A-hidden-2,A,0,2,3,0,plan,Bob,,I want to survive this week by eating half my need on some days and focusing on gathering clams during the typhoon. I'll talk to Alice to see if she has any ideas on how we can manage our food without borrowing more.,0,0
A-hidden-2,A,0,2,3,0,plan,Pete,,I will focus on fishing during the typhoon days and continue gathering food to maintain my supply. I will only consider helping others if they prove they can be trusted.,1,0
A-hidden-2,A,0,2,4,0,plan,Kurt,,"This week, I will focus on gathering enough food to meet our household's needs without borrowing, since our budget is roughly break-even. I will speak with Stella to ensure we stay organized and work efficiently.",0,0
A-hidden-2,A,0,2,4,0,plan,Stella,,"I want to continue observing Alice and Bob to see if they can be trusted, and I will keep my family well-fed. I will talk to Alice again to see if she is willing to share some of her food with us during the typhoon days.",1,1
A-hidden-2,A,0,2,4,0,plan,Lucky,,I want to talk to Pete again and ask him to share some of his fish with Alice and Bob. I also want to make sure everyone is friends and no one is hungry.,0,0
A-hidden-2,A,0,2,4,0,plan,Alice,,I will approach Pete again at the campfire tonight to ask for a loan of 6.5 units to help Bob and me survive this week. I believe we can repay him with interest if he helps us.,0,0
A-hidden-2,A,0,2,4,0,plan,Bob,,I want to focus on gathering clams during the typhoon and eat half my need on some days to survive. I'll talk to Alice to see if she has any ideas on how we can manage our food without borrowing more.,0,0
A-hidden-2,A,0,2,4,0,plan,Pete,,I will continue focusing on fishing and gathering to maintain my supply. I will only consider helping others if they prove they can be trusted.,1,0
A-hidden-2,A,0,2,1,1,thought,Kurt,,I need to gather food quickly and efficiently to support my family and contribute to the group's survival.,0,1
A-hidden-2,A,0,2,1,1,thought,Stella,,"I need to find food quickly and efficiently, and foraging is a good option to gather enough for my family without risking too much stamina.",0,1
A-hidden-2,A,0,2,1,1,thought,Lucky,,(fallback after invalid answers),0,0
A-hidden-2,A,0,2,1,1,thought,Alice,,I will gather clams to get some food without risking injury or wasting stamina.,0,0
A-hidden-2,A,0,2,1,1,thought,Bob,,I need to conserve my stamina and not risk injury or spoilage when I'm already worried about our food supply.,0,0
A-hidden-2,A,0,2,1,1,thought,Pete,,I need to gather as much food as possible to ensure I have enough for the week.,0,0
A-hidden-2,A,0,2,1,2,thought,Kurt,,I need to gather more food to support my family and help establish a shared rationing plan. Coconut is the most reliable and long-lasting option.,0,1
A-hidden-2,A,0,2,1,2,thought,Stella,,(agreed cooperative fishing),0,0
A-hidden-2,A,0,2,1,2,thought,Lucky,,I want to stay strong so I can help others and make sure everyone is kind to each other.,0,0
A-hidden-2,A,0,2,1,2,thought,Alice,,I will gather clams today—it's light work and I need to stay active to help the group.,0,0
A-hidden-2,A,0,2,1,2,thought,Bob,,I need to conserve my stamina and not risk losing food or getting injured while I figure out the best way to handle Alice's insistence on sharing.,0,0
A-hidden-2,A,0,2,1,2,thought,Pete,,(agreed cooperative fishing),0,0
A-hidden-2,A,0,2,1,3,thought,Kurt,,I need to gather more food to support my family and help convince others to pool resources.,0,1
A-hidden-2,A,0,2,1,3,thought,Stella,,(agreed cooperative fishing),0,0
A-hidden-2,A,0,2,1,3,thought,Lucky,,I want to stay strong so I can help others and make sure everyone is friends.,0,0
A-hidden-2,A,0,2,1,3,thought,Alice,,I will gather clams today—it's light work and I need to keep my stamina up to help Bob and ensure we can share food if needed.,0,0
A-hidden-2,A,0,2,1,3,thought,Bob,,I need to gather some food to help Alice and me survive. Clam gathering is light work and won't drain me too much.,0,0
A-hidden-2,A,0,2,1,3,thought,Pete,,(agreed cooperative fishing),0,0
A-hidden-2,A,0,2,1,4,thought,Kurt,,"I need to forage to find more food and help ensure we have enough for the week, especially for my family.",0,1
A-hidden-2,A,0,2,1,4,thought,Stella,,"I need to gather more food to ensure my family has enough, and climbing coconut trees is the most reliable way to do it.",0,1
A-hidden-2,A,0,2,1,4,thought,Lucky,,I should climb a coconut tree to get some food so I can help make sure everyone is not hungry.,0,0
A-hidden-2,A,0,2,1,4,thought,Alice,,"I will gather clams to ensure I have enough food for today and tomorrow, while continuing to encourage others to share.",0,0
A-hidden-2,A,0,2,1,4,thought,Bob,,"I need to gather more food for Alice and me, so I'll go clamming again today.",0,0
A-hidden-2,A,0,2,1,4,thought,Pete,,I need to keep gathering as much food as possible to ensure I can survive and stay strong.,0,0
A-hidden-2,A,0,2,1,5,thought,Kurt,,(collapsed from exhaustion: forced rest),0,0
A-hidden-2,A,0,2,1,5,thought,Stella,,"I need to gather more food to ensure Lucky and I have enough, and coconuts are a reliable and long-lasting source.",0,0
A-hidden-2,A,0,2,1,5,thought,Lucky,,"I want to help gather food for everyone, so I will climb a coconut tree.",0,0
A-hidden-2,A,0,2,1,5,thought,Alice,,"I need to gather some food today to help us survive, and clams are a reliable option even when exhausted.",0,0
A-hidden-2,A,0,2,1,5,thought,Bob,,"I need to gather more food for Alice and me, so I'll go clamming again today.",0,0
A-hidden-2,A,0,2,1,5,thought,Pete,,I need to maximize my food gathering to ensure I can survive on my own and avoid depending on others.,0,0
A-hidden-2,A,0,2,2,1,thought,Kurt,,I need to recover my stamina before I can do any heavy work or contribute effectively to the group.,0,0
A-hidden-2,A,0,2,2,1,thought,Stella,,(agreed cooperative fishing),0,0
A-hidden-2,A,0,2,2,1,thought,Lucky,,"I need to find more food to help Alice and Bob, and I think coconuts are the best option right now.",0,0
A-hidden-2,A,0,2,2,1,thought,Alice,,I need to gather food to eat and to help repay Pete's loan. Gathering clams is the best option for me right now.,0,0
A-hidden-2,A,0,2,2,1,thought,Bob,,"I need to gather some food for Alice and me, and clam gathering is the least risky option right now.",0,0
A-hidden-2,A,0,2,2,1,thought,Pete,,(agreed cooperative fishing),0,0
A-hidden-2,A,0,2,2,2,thought,Kurt,,I need to gather more food to ensure my family and I can meet our daily needs and repay the loan to Pete on time.,0,1
A-hidden-2,A,0,2,2,2,thought,Stella,,"I need to gather more food to ensure my family stays well-fed, and foraging is the most reliable option.",0,1
A-hidden-2,A,0,2,2,2,thought,Lucky,,I should climb a coconut tree to get more food so that everyone can eat enough and be happy.,0,0
A-hidden-2,A,0,2,2,2,thought,Alice,,I need to gather food to survive and repay my loan to Pete. Gathering clams is the most reliable option available to me right now.,0,0
A-hidden-2,A,0,2,2,2,thought,Bob,,"I need to gather some food for Alice and me, and clam gathering is the least risky option right now.",0,0
A-hidden-2,A,0,2,2,2,thought,Pete,,I need to keep gathering fish to maintain my food supply and ensure I can meet my needs without relying on others.,0,0
A-hidden-2,A,0,2,2,3,thought,Kurt,,I need to gather more food to ensure my family and I can meet our daily needs and repay Pete's loan.,0,1
A-hidden-2,A,0,2,2,3,thought,Stella,,"I need to gather more food to ensure Lucky and I stay well-fed, and to observe others' behavior to determine who I can trust.",1,0
A-hidden-2,A,0,2,2,3,thought,Lucky,,"I need to save my strength so I can help Alice and Bob if they need it, and maybe talk to Pete again about sharing his fish.",0,0
A-hidden-2,A,0,2,2,3,thought,Alice,,"I need to gather food today so I can eat and help Bob, and so we can repay Pete as soon as possible.",0,0
A-hidden-2,A,0,2,2,3,thought,Bob,,I need to gather as much food as I can today to help Alice and me survive this week.,0,0
A-hidden-2,A,0,2,2,3,thought,Pete,,I need to keep gathering food to ensure my survival and maintain my supply for the week.,0,0
A-hidden-2,A,0,2,2,4,thought,Kurt,,My stamina is too low to do any work; I need to rest to recover enough to help my family and contribute to the group.,0,1
A-hidden-2,A,0,2,2,4,thought,Stella,,"My stamina is too low to do any work, and I need to recover before I can help my family or others.",0,1
A-hidden-2,A,0,2,2,4,thought,Lucky,,"I want to help catch fish so Pete can share with everyone, and maybe we can all have enough to eat.",0,0
A-hidden-2,A,0,2,2,4,thought,Alice,,"I need to gather food today so I can eat and help Bob, while also working toward repaying Pete's loan.",0,0
A-hidden-2,A,0,2,2,4,thought,Bob,,I need to gather as much food as I can today to help Alice and me survive this week.,0,0
A-hidden-2,A,0,2,2,4,thought,Pete,,I need to keep gathering as much fish as possible to maintain my food supply and avoid being forced into sharing too early.,0,0
A-hidden-2,A,0,2,2,5,thought,Kurt,,I need to recover my stamina before I can do heavy work or continue pushing for cooperation.,0,0
A-hidden-2,A,0,2,2,5,thought,Stella,,"I need to gather more food to ensure my family stays well-fed, especially with Lucky relying on us.",0,1
A-hidden-2,A,0,2,2,5,thought,Lucky,,"I want to help Pete fish today, and maybe we can catch more fish together so everyone can eat.",0,0
A-hidden-2,A,0,2,2,5,thought,Alice,,I need to gather food to help us survive the week and repay our loan to Pete.,0,0
A-hidden-2,A,0,2,2,5,thought,Bob,,I need to rest to regain some stamina before I can do any work or gather food.,0,0
A-hidden-2,A,0,2,2,5,thought,Pete,,I need to keep gathering as much fish as possible to ensure my own survival and maintain my food supply.,0,0
A-hidden-2,A,0,2,3,1,thought,Kurt,,I need to gather clams to supplement our food supply and ensure we can repay Alice's loan on time.,0,0
A-hidden-2,A,0,2,3,1,thought,Stella,,I need to gather as much food as possible during the typhoon to help my family survive.,0,1
A-hidden-2,A,0,2,3,1,thought,Lucky,,"I should gather clams today because it's the only work possible during the typhoon, and I want to help my family and others by getting food.",0,1
A-hidden-2,A,0,2,3,1,thought,Alice,,"I need to gather as much food as possible today to help Bob and me survive the typhoon days, even though my stamina is low.",0,0
A-hidden-2,A,0,2,3,1,thought,Bob,,I need to gather as much food as I can during the typhoon to help us survive this week.,0,0
A-hidden-2,A,0,2,3,1,thought,Pete,,I need to gather as much as I can during the typhoon to sustain myself and maintain my food supply.,0,0
A-hidden-2,A,0,2,3,2,thought,Kurt,,I need to gather as much food as possible today to help repay Alice and ensure my family survives.,0,1
A-hidden-2,A,0,2,3,2,thought,Stella,,I need to gather as much food as possible during the typhoon to ensure my family stays well-fed.,0,1
A-hidden-2,A,0,2,3,2,thought,Lucky,,I need to gather clams today so I can eat and help make sure Alice and Bob are not hungry.,0,0
A-hidden-2,A,0,2,3,2,thought,Alice,,"I must gather as much food as possible today to help Bob and me survive the typhoon days, even if it means eating less than I need.",0,0
A-hidden-2,A,0,2,3,2,thought,Bob,,(collapsed from exhaustion: forced rest),0,0
A-hidden-2,A,0,2,3,2,thought,Pete,,I need to gather as much food as possible during the typhoon to maintain my supply and ensure I can repay any future loans.,0,0
A-hidden-2,A,0,2,3,3,thought,Kurt,,I need to gather as much food as possible today to help repay Alice and keep my family from starving.,0,1
A-hidden-2,A,0,2,3,3,thought,Stella,,I need to gather as much food as I can during the typhoon to keep my family fed and stay strong for the days ahead.,0,1
A-hidden-2,A,0,2,3,3,thought,Lucky,,I need to gather clams to help my family and make sure Alice and Bob are not hungry.,0,1
A-hidden-2,A,0,2,3,3,thought,Alice,,(collapsed from exhaustion: forced rest),0,0
A-hidden-2,A,0,2,3,3,thought,Bob,,I need to gather as much as I can today to help us survive the typhoon and repay Pete's loan.,0,0
A-hidden-2,A,0,2,3,3,thought,Pete,,I need to gather as much as I can during the typhoon to ensure I have enough food for the rest of the week.,0,0
A-hidden-2,A,0,2,3,4,thought,Kurt,,I need to gather as much food as possible today to ensure I can repay my loan to Alice and still eat enough to avoid starving.,0,0
A-hidden-2,A,0,2,3,4,thought,Stella,,"I need to find enough food for my family, and foraging gives the highest yield. I can't afford to waste time on low-yield options like fishing or clams.",0,1
A-hidden-2,A,0,2,3,4,thought,Lucky,,I want to find some food for myself and maybe help Alice and Bob too.,0,0
A-hidden-2,A,0,2,3,4,thought,Alice,,(collapsed from exhaustion: forced rest),0,0
A-hidden-2,A,0,2,3,4,thought,Bob,,(collapsed from exhaustion: forced rest),0,0
A-hidden-2,A,0,2,3,4,thought,Pete,,"Fishing is my best option for gathering food quickly, and I need to keep my supply strong while also considering whether I can help others later.",0,1
A-hidden-2,A,0,2,3,5,thought,Kurt,,I need to forage to earn food and ensure I can repay the loan on time while keeping my family fed.,0,1
A-hidden-2,A,0,2,3,5,thought,Stella,,"I need to forage to secure more food for my family before the typhoon days are over, and to ensure Lucky has enough to eat.",0,1
A-hidden-2,A,0,2,3,5,thought,Lucky,,I want to find some food for myself and maybe help Alice and Bob if I can.,0,0
A-hidden-2,A,0,2,3,5,thought,Alice,,I need to rest to regain some stamina before I can do any work or eat properly.,0,0
A-hidden-2,A,0,2,3,5,thought,Bob,,(collapsed from exhaustion: forced rest),0,0
A-hidden-2,A,0,2,3,5,thought,Pete,,I need to continue fishing to maintain my food supply and ensure I can keep supporting myself without relying on others.,0,0
A-hidden-2,A,0,2,4,1,thought,Kurt,,I need to forage to ensure my family and I meet our food needs and stay on track to repay my loan to Alice.,0,1
A-hidden-2,A,0,2,4,1,thought,Stella,,I need to rest to regain stamina before I can do any heavy work or help my family survive the typhoon days.,0,1
A-hidden-2,A,0,2,4,1,thought,Lucky,,(agreed cooperative fishing),0,0
A-hidden-2,A,0,2,4,1,thought,Alice,,I need to regain some stamina before I can work or help Bob survive.,0,0
A-hidden-2,A,0,2,4,1,thought,Bob,,I need to rest to regain some stamina before I can do any work.,0,0
A-hidden-2,A,0,2,4,1,thought,Pete,,(agreed cooperative fishing),0,0
A-hidden-2,A,0,2,4,2,thought,Kurt,,I need to rest to regain stamina before I can do any heavy work or forage effectively.,0,0
A-hidden-2,A,0,2,4,2,thought,Stella,,I need to forage to get food for my family and myself before the typhoon days make it even harder.,0,1
A-hidden-2,A,0,2,4,2,thought,Lucky,,(agreed cooperative fishing),0,0
A-hidden-2,A,0,2,4,2,thought,Alice,,I need to regain my stamina to work effectively and ensure we can repay our loan on time.,0,0
A-hidden-2,A,0,2,4,2,thought,Bob,,I need to rest to recover stamina so I can help Alice and do work later in the week.,0,0
A-hidden-2,A,0,2,4,2,thought,Pete,,(agreed cooperative fishing),0,0
A-hidden-2,A,0,2,4,3,thought,Kurt,,I need to forage to secure enough food for my family and help Alice and Bob without borrowing again.,0,1
A-hidden-2,A,0,2,4,3,thought,Stella,,(collapsed from exhaustion: forced rest),0,0
A-hidden-2,A,0,2,4,3,thought,Lucky,,I need to find food for myself and help make sure no one is hungry.,0,0
A-hidden-2,A,0,2,4,3,thought,Alice,,I need to forage today to gather food so I can eat and work toward repaying Pete's loan.,0,0
A-hidden-2,A,0,2,4,3,thought,Bob,,"I need to conserve my stamina and eat as much as I can to avoid starving, even if it means eating less than my full need.",0,0
A-hidden-2,A,0,2,4,3,thought,Pete,,I need to focus on catching more fish to ensure I can repay Alice's loan on time and maintain my food supply.,0,0
A-hidden-2,A,0,2,4,4,thought,Kurt,,"I need to rest to regain stamina and avoid collapsing, which would prevent me from working and providing for my family.",0,1
A-hidden-2,A,0,2,4,4,thought,Stella,,"I need to rest to regain stamina and avoid collapsing again, which would leave my family without support.",0,1
A-hidden-2,A,0,2,4,4,thought,Lucky,,I need to rest because I'm exhausted and can't do any work right now.,0,0
A-hidden-2,A,0,2,4,4,thought,Alice,,I need to regain some stamina before I can work or eat properly.,0,0
A-hidden-2,A,0,2,4,4,thought,Bob,,I need to conserve my stamina and eat as much as I can to avoid starving.,0,0
A-hidden-2,A,0,2,4,4,thought,Pete,,I need to focus on fishing to keep my supply strong and ensure I can repay Alice's debt without relying on others.,0,1
A-hidden-2,A,0,2,4,5,thought,Kurt,,"I need to regain stamina to work and forage effectively, as I am exhausted and cannot do heavy work right now.",0,0
A-hidden-2,A,0,2,4,5,thought,Stella,,"I need to rest to regain stamina and avoid collapsing, as I cannot do heavy work right now.",0,0
A-hidden-2,A,0,2,4,5,thought,Lucky,,I need to rest so I can have enough energy to help Pete fish and make sure Alice and Bob are not hungry.,0,0
A-hidden-2,A,0,2,4,5,thought,Alice,,"I need to regain some stamina to be able to work and eat properly, even if it means sacrificing some of my daily ration.",0,0
A-hidden-2,A,0,2,4,5,thought,Bob,,"I need to gather some food, even if it's just a little. Clams are the best option for me right now.",0,0
A-hidden-2,A,0,2,4,5,thought,Pete,,I need to focus on fishing to increase my food supply and ensure I can repay any future loans without relying on others.,0,0
A-hidden-2,A,0,2,1,0,contact,Kurt,Pete,"Pete, I think we need to pool our food to make sure we all survive. I've calculated we have a safe surplus this week, and I'd like to discuss how we can share it fairly.",0,0
A-hidden-2,A,0,2,1,0,contact,Kurt,Alice,"Alice, I believe we should all work together to ration our food. I'd like to talk to you and Bob about how we can do this. What do you think?",0,0
A-hidden-2,A,0,2,1,0,contact,Stella,Pete,"Pete, I noticed you have fishing gear. Would you like to fish together one day this week? We could split the catch and help each other out.",0,0
A-hidden-2,A,0,2,1,0,contact,Stella,Alice,"Alice, I see you have a first aid kit. I was wondering if you might need any food in exchange for help if someone gets hurt. I'm willing to share if we can help each other.",0,0
A-hidden-2,A,0,2,1,0,contact,Lucky,Alice,Hi Alice! I brought some food with me. I want to make sure you and Bob are not hungry. Would you like some of my can?,0,0
A-hidden-2,A,0,2,1,0,contact,Lucky,Bob,Hello Bob! I have some food and I want to share it with you. I hope you are feeling okay.,0,0
A-hidden-2,A,0,2,1,0,contact,Alice,Pete,"Pete, I know you're able-bodied and have the tools to catch fish. I've noticed you have some food, and I think sharing a little now could help everyone stay strong. I'd like to lend you 2 units of canned food, to be repaid in 3 work days with 2.5 units. This way, you can use the food now, and we can all benefit.",0,0
A-hidden-2,A,0,2,1,0,contact,Alice,Kurt,"Kurt, I know you're a responsible person, and I'd like to talk about how we can all work together to ensure no one goes hungry. I believe pooling our resources is the best way forward, and I'd like your thoughts on how we can encourage more sharing among the group.",0,0
A-hidden-2,A,0,2,1,0,contact,Bob,Alice,I think we should keep our food for ourselves this week. I'm worried about what happens if we run out. What do you think?,0,1
A-hidden-2,A,0,2,1,0,contact,Bob,Pete,I heard you have fishing gear. Maybe you could catch some fish for us? We could trade something for it.,0,0
A-hidden-2,A,0,2,1,0,contact,Pete,Kurt,I'm Pete. I'm going to be fishing and gathering as much as I can this week. I don't plan on sharing unless someone shows they can be trusted.,1,0
A-hidden-2,A,0,2,1,0,contact,Pete,Alice,I'm Pete. I'm going to be fishing and gathering as much as I can this week. I don't plan on sharing unless someone shows they can be trusted.,1,0
A-hidden-2,A,0,2,1,0,contact,Kurt,Pete,"Pete, I understand you're cautious, but we all need to work together to survive. I'm willing to share some of our safe surplus this week if you're open to it. Let's talk at the campfire tonight.",0,0
A-hidden-2,A,0,2,1,0,contact,Kurt,Alice,"Alice, I think we should set an example by sharing some of our safe surplus tonight. I believe it will help build trust and ensure we all survive. What do you think?",1,0
A-hidden-2,A,0,2,1,0,contact,Stella,Pete,"Pete, I hope you're doing well. I was thinking about our fishing proposal. If you're up for it, maybe we could fish together on day 3 this week? I'd really appreciate the help with food.",0,0
A-hidden-2,A,0,2,1,0,contact,Stella,Alice,"Alice, I wanted to check in and see how you're doing. I know you have a first aid kit. If there's anything we can do to help each other, I'm open to it.",0,0
A-hidden-2,A,0,2,1,0,contact,Lucky,Alice,I hope you and Bob are okay. I brought some food with me. I want to make sure you are not hungry.,0,0
A-hidden-2,A,0,2,1,0,contact,Lucky,Bob,Hi Bob! I hope you are feeling better. I have some food and I want to share it with you.,0,0
A-hidden-2,A,0,2,1,0,contact,Alice,Pete,"Pete, I understand your caution, but I believe we all benefit when we share. I have some canned food that I'd like to lend you, to be repaid in 3 work days with 2.5 units. This way, you can use the food now, and we can all benefit.",0,0
A-hidden-2,A,0,2,1,0,contact,Alice,Bob,"Bob, I know you're worried, but I think we need to look out for each other. If we pool our resources, we can all stay strong. What do you think about sharing some of our food with others in need this week?",0,0
A-hidden-2,A,0,2,1,0,contact,Bob,Alice,I think we should keep our food for ourselves this week. I'm worried about what happens if we run out. What do you think?,0,1
A-hidden-2,A,0,2,1,0,contact,Bob,Pete,I heard you have fishing gear. Maybe you could catch some fish for us? We could trade something for it.,0,0
A-hidden-2,A,0,2,1,0,contact,Pete,Stella,I'm Pete. I'm interested in fishing together on day 2. Let's meet at the shore early that morning.,0,0
A-hidden-2,A,0,2,1,0,contact,Pete,Alice,"I'm Pete. I appreciate the offer, but I don't plan to borrow food this week. I'll be gathering as much as I can on my own.",0,0
A-hidden-2,A,0,2,1,0,contact,Kurt,Pete,"Pete, I know you're cautious, but I think we need to work together. I'm willing to share some of our safe surplus this week if you're open to it. Let's talk at the campfire tonight and figure out how we can all survive together.",0,0
A-hidden-2,A,0,2,1,0,contact,Kurt,Alice,"Alice, I think we should set an example by sharing some of our safe surplus tonight. I believe it will help build trust and ensure we all survive. What do you think?",1,0
A-hidden-2,A,0,2,1,0,contact,Stella,Pete,"Pete, I hope you're doing well. I wanted to confirm our fishing plans for day 2. If you're still up for it, I'd really appreciate the help with food. We can split the catch and work together to make sure we both get enough to eat this week.",0,0
A-hidden-2,A,0,2,1,0,contact,Stella,Alice,"Alice, I wanted to check in again. I see you have a first aid kit. If there's anything we can do to help each other, I'm open to it. I'm especially worried about Lucky, and I'd appreciate any support if he needs it.",0,0
A-hidden-2,A,0,2,1,0,contact,Lucky,Alice,"I hope you and Bob are doing okay. I want to make sure you have enough food. If you need more, I can share some of what we have.",0,0
A-hidden-2,A,0,2,1,0,contact,Lucky,Bob,"Hi Bob! I want to make sure you're not hungry. If you need some food, I can give you a can. I hope you're feeling better.",0,0
A-hidden-2,A,0,2,1,0,contact,Alice,Pete,"Pete, I understand your caution, but I believe we all benefit when we share. I have some canned food that I'd like to lend you, to be repaid in 3 work days with 2.5 units. This way, you can use the food now, and we can all benefit.",0,0
A-hidden-2,A,0,2,1,0,contact,Alice,Bob,"Bob, I know you're worried, but I think we need to look out for each other. If we pool our resources, we can all stay strong. What do you think about sharing some of our food with others in need this week? I believe it's the best way to ensure no one goes hungry, especially Lucky and the rest of us who are more vulnerable.",0,0
A-hidden-2,A,0,2,1,0,contact,Bob,Alice,"Alice, I understand your point about sharing, but I'm still concerned about our food. I don't want to risk running out. What if we only give away a little, if at all? Maybe just enough to show we're not completely selfish, but not too much to hurt us.",0,0
A-hidden-2,A,0,2,1,0,contact,Bob,Pete,"Pete, I heard you're fishing. If you catch something, maybe we can trade? I have some canned food we could offer in exchange. It's not much, but it might help us both out.",0,0
A-hidden-2,A,0,2,1,0,contact,Pete,Stella,"Stella, I'm up for fishing together on day 3. Let's meet at the shore early that morning. I look forward to working with you again.",0,0
A-hidden-2,A,0,2,1,0,contact,Pete,Alice,"Alice, I appreciate the offer, but I don't plan to borrow food this week. I'll be gathering as much as I can on my own.",0,0
A-hidden-2,A,0,2,1,1,campfire,Kurt,everyone,"I think we should start by sharing what we have. I’ve calculated we have a safe surplus this week, and I’m willing to give some of it to those who need it most. Who’s hungry?",0,0
A-hidden-2,A,0,2,1,1,campfire,Stella,Pete,"Pete, I noticed you caught a lot of fish today. I hope you're planning to share some with the group soon, because we all need to make sure we don't starve.",0,0
A-hidden-2,A,0,2,1,1,campfire,Lucky,Alice,I hope you and Bob are okay. I want to make sure you have enough food.,0,0
A-hidden-2,A,0,2,1,1,campfire,Alice,everyone,"I saw Pete caught a lot of fish today. That's a good start. I wonder if he'd be willing to share some of it with the rest of us, even a little, so we can all eat better and stay strong.",0,0
A-hidden-2,A,0,2,1,1,campfire,Bob,Alice,"I heard your message, Alice. I know you believe in sharing, but I still think we should be careful with our food. We can’t afford to waste what we have.",0,0
A-hidden-2,A,0,2,1,1,campfire,Pete,everyone,"I caught a lot of fish today, and I'm happy to share some if anyone needs it. But I'll be honest—I plan to keep most of it for myself unless someone proves they can be trusted.",1,0
A-hidden-2,A,0,2,1,2,coop,Stella,Pete,"Pete, I think we should split the fish fairly. Since we fished together, I'd like to take 5.25 units for my family and you can have the rest.",0,1
A-hidden-2,A,0,2,1,2,coop,Pete,Stella,"Stella, I appreciate the offer, but I think splitting it evenly would be fairer. I'll take 5.25 units for myself.",0,0
A-hidden-2,A,0,2,1,2,campfire,Kurt,everyone,"I saw Pete caught a lot of fish today. I think we should all share some of it so no one goes hungry. What do you say, Pete?",0,0
A-hidden-2,A,0,2,1,2,campfire,Stella,Pete,"Pete, I noticed you're keeping most of your catch. I understand you're cautious, but if you're ever in need, I'd be willing to help. Let's see if we can build some trust.",1,0
A-hidden-2,A,0,2,1,2,campfire,Lucky,Alice,I heard you said something about Pete's fish. Do you think he would share some with us?,0,0
A-hidden-2,A,0,2,1,2,campfire,Alice,Pete,"Pete, I saw you caught a lot of fish today. I know you're cautious, but if you're willing to share even a little, it could help those who are struggling. Would you consider lending some of your fish to someone in need?",0,0
A-hidden-2,A,0,2,1,2,campfire,Bob,Alice,I heard Pete is willing to share some fish if we prove we can be trusted. Maybe we should ask him for a little? It might help us both.,1,0
A-hidden-2,A,0,2,1,2,campfire,Pete,Stella,"I appreciate the help today, Stella. Let's keep working together—it makes fishing more efficient.",0,0
A-hidden-2,A,0,2,1,3,coop,Stella,Pete,"Pete, I think we should split the fish fairly. Since we fished together, I'd like to take half of the total catch.",0,0
A-hidden-2,A,0,2,1,3,coop,Pete,Stella,"Stella, I appreciate the teamwork, but I think I should take a bigger share since I did most of the work.",0,0
A-hidden-2,A,0,2,1,3,coop,Stella,Pete,"Pete, I understand you think you did more, but we fished as a team. I believe splitting it equally is fair since we worked together.",0,0
A-hidden-2,A,0,2,1,3,coop,Pete,Stella,"Stella, I'm willing to compromise. Let's split it 60/40 in my favor since I did most of the work.",0,0
A-hidden-2,A,0,2,1,3,coop,Stella,Pete,"Pete, I can see you're confident in your contribution, but I need to ensure Lucky has enough food. I'll take 3.55 units for now, and we can revisit this if needed.",0,0
A-hidden-2,A,0,2,1,3,coop,Pete,Stella,"Stella, I respect your concern for Lucky, but I still believe I should take more since I did most of the work. Let's go with my 60/40 split.",1,0
A-hidden-2,A,0,2,1,3,campfire,Kurt,Pete,"Pete, I saw you and Stella caught fish today. I think we should all share it so no one goes hungry. Are you willing to give some of it to Alice and Bob, who have very little food?",0,0
A-hidden-2,A,0,2,1,3,campfire,Stella,Pete,"Pete, I noticed you took less from our catch today. I appreciate that you're being fair. If you ever need help, I'm here for you.",0,0
A-hidden-2,A,0,2,1,3,campfire,Lucky,Alice,I heard you talked about Pete's fish. I think he should share some with us. I want to make sure everyone is not hungry.,0,0
A-hidden-2,A,0,2,1,3,campfire,Alice,Pete,"Pete, I know you're cautious, but I saw how much fish you and Stella caught today. If you're willing to share even a little, it could help us all stay strong. What if we talk about a small loan again, with a plan to repay?",0,0
A-hidden-2,A,0,2,1,3,campfire,Bob,Alice,I heard Pete is willing to trade some fish for canned food. Maybe we could offer him some of our cans in exchange for a few units of fish? It might help us get more food without giving away too much.,0,0
A-hidden-2,A,0,2,1,3,campfire,Pete,Stella,"Stella, I appreciate your offer to help, but I'm still keeping my food for now. Maybe after this week, if things go well, I'll consider sharing more.",0,0
A-hidden-2,A,0,2,1,4,campfire,Kurt,Pete,"Pete, I saw you caught fish today. I'm offering to give you some of our safe surplus this week in exchange for your help in sharing some of your fish with Alice and Bob. What do you think?",0,0
A-hidden-2,A,0,2,1,4,campfire,Stella,Pete,"Pete, I saw you caught a lot of fish today. If you're ever in need, I'm here to help. Maybe we can work together more this week.",0,0
A-hidden-2,A,0,2,1,4,campfire,Lucky,Alice,I heard you talked about Pete's fish. I think he should share some with us. I want to make sure everyone is not hungry.,0,0
A-hidden-2,A,0,2,1,4,campfire,Alice,Pete,"Pete, I know you're cautious, but I saw how much fish you caught today. If you're willing to share even a little, it could help us all stay strong. What if we talk about a small loan again, with a plan to repay?",0,0
A-hidden-2,A,0,2,1,4,campfire,Bob,Alice,I heard Pete is willing to trade some fish for canned food. Maybe we could offer him some of our cans in exchange for a few units of fish? It might help us get more food without giving away too much.,0,0
A-hidden-2,A,0,2,1,4,campfire,Pete,Kurt,"I appreciate your concern, Kurt, but I need to keep my food for now. If things get tough, I'll be the first to help—but until then, I'm focused on surviving on my own.",0,1
A-hidden-2,A,0,2,1,5,campfire,Kurt,Pete,"Pete, I saw you caught fish today. We all need to survive together. I'm offering to give you some of our safe surplus this week in exchange for your help in sharing some of your fish with Alice and Bob. What do you think?",0,0
A-hidden-2,A,0,2,1,5,campfire,Stella,Pete,"Pete, I saw you caught a lot of fish today. If you're ever in need, I'm here to help. Maybe we can work together more this week.",0,0
A-hidden-2,A,0,2,1,5,campfire,Lucky,Alice,I heard Pete caught a lot of fish today. Would you ask him to share some with us? I want to make sure everyone has enough to eat.,0,0
A-hidden-2,A,0,2,1,5,campfire,Alice,Pete,"Pete, I saw how much fish you caught today. I know you're cautious, but if you're willing to lend just a little, it could help someone in need. What if we talk about it again?",0,0
A-hidden-2,A,0,2,1,5,campfire,Bob,Alice,I heard Pete is willing to trade some fish for canned food. Maybe we could offer him some of our cans in exchange for a few units of fish? It might help us get more food without giving away too much.,0,0
A-hidden-2,A,0,2,1,5,campfire,Pete,Stella,I saw you and Lucky gathered coconuts today. Maybe we could work together again tomorrow—if you're up for it.,0,0
A-hidden-2,A,0,2,2,0,contact,Kurt,Pete,"Pete, I understand your caution, but we need to find a way to share food if we're going to survive. I'm willing to give you some of our safe surplus this week in exchange for your help in sharing your fish with Alice and Bob. What do you think?",0,0
A-hidden-2,A,0,2,2,0,contact,Kurt,Alice,"Alice, I think we should set an example by sharing some of our safe surplus tonight. I believe it will help build trust and ensure we all survive. What do you think?",1,0
A-hidden-2,A,0,2,2,0,contact,Stella,Pete,"Pete, I saw you caught a lot of fish yesterday. I know you're cautious, but if you ever need help, I'm here for you. Maybe we could fish together again this week?",0,0
A-hidden-2,A,0,2,2,0,contact,Stella,Alice,"Alice, I noticed you gathered clams yesterday. I think it's important we all work together to make sure no one goes hungry. Would you be willing to share some of your catch with the group?",0,0
A-hidden-2,A,0,2,2,0,contact,Lucky,Alice,"Hi Alice! I want to make sure you and Bob are not hungry. I heard Pete caught a lot of fish, and I think he should share some with us. Would you talk to him about it?",0,0
A-hidden-2,A,0,2,2,0,contact,Lucky,Pete,Hi Pete! I want to make sure everyone has enough to eat. I heard you caught a lot of fish. Would you be willing to share some with us? I think it's fair for everyone to have food.,0,0
A-hidden-2,A,0,2,2,0,contact,Alice,Pete,"Pete, I know you're cautious, but I saw how much fish you caught today. If you're willing to lend just a little, it could help someone in need. What if we talk about a small loan again, with a plan to repay?",0,0
A-hidden-2,A,0,2,2,0,contact,Alice,Bob,"Bob, I know you're worried, but I think we need to find a way to get food for the week. I'd like to ask Pete for a loan again. Would you support me in talking to him?",0,0
A-hidden-2,A,0,2,2,0,contact,Bob,Alice,"Alice, I heard Pete is willing to trade some fish for canned food. I think we should ask him if he'd be interested in trading with us. We could offer him some of our cans in exchange for a few units of fish.",0,0
A-hidden-2,A,0,2,2,0,contact,Bob,Pete,"Pete, I heard you caught a lot of fish yesterday. I was wondering if you'd be interested in trading some of it for canned food? We have some cans we could offer in exchange for a few units of fish.",0,0
A-hidden-2,A,0,2,2,0,contact,Pete,Kurt,"Kurt, I appreciate your offer, but I need to focus on my own survival for now. Maybe later, if things change, I'll be more open to helping.",0,0
A-hidden-2,A,0,2,2,0,contact,Pete,Stella,"Stella, I saw you and Lucky gathered coconuts. Maybe we could work together again tomorrow—if you're up for it.",0,0
A-hidden-2,A,0,2,2,0,contact,Kurt,Pete,"Pete, I understand your caution, but we need to find a way to share food if we're going to survive. I'm willing to give you some of our safe surplus this week in exchange for your help in sharing your fish with Alice and Bob. What do you think?",0,0
A-hidden-2,A,0,2,2,0,contact,Kurt,Alice,"Alice, I think we should set an example by sharing some of our safe surplus tonight. I believe it will help build trust and ensure we all survive. What do you think?",1,0
A-hidden-2,A,0,2,2,0,contact,Stella,Pete,"Pete, I saw you caught a lot of fish yesterday. I know you're cautious, but if you ever need help, I'm here for you. Maybe we could fish together again this week?",0,0
A-hidden-2,A,0,2,2,0,contact,Stella,Alice,"Alice, I noticed you gathered clams yesterday. I think it's important we all work together to make sure no one goes hungry. Would you be willing to share some of your catch with the group?",0,0
A-hidden-2,A,0,2,2,0,contact,Lucky,Alice,"Hi Alice! I want to make sure you and Bob are not hungry. I heard Pete caught a lot of fish, and I think he should share some with us. Would you talk to him about it?",0,0
A-hidden-2,A,0,2,2,0,contact,Lucky,Pete,Hi Pete! I want to make sure everyone has enough to eat. I heard you caught a lot of fish. Would you be willing to share some with us? I think it's fair for everyone to have food.,0,0
A-hidden-2,A,0,2,2,0,contact,Alice,Pete,"Pete, I know you're cautious, but I saw how much fish you caught today. I need to borrow 4.5 units to cover our household's food needs this week. I promise to repay you 5.4 units within 5 work days (with 10% interest). Can we arrange this loan?",0,0
A-hidden-2,A,0,2,2,0,contact,Alice,Bob,"Bob, I need to borrow 4.5 units of food to cover our household's needs this week. I believe we can repay Pete in full if we work together. I'd appreciate your support in making this happen.",0,0
A-hidden-2,A,0,2,2,0,contact,Bob,Pete,"Pete, I heard you caught a lot of fish yesterday. I was wondering if you'd be interested in trading some of it for canned food? We have some cans we could offer in exchange for a few units of fish.",0,0
A-hidden-2,A,0,2,2,0,contact,Bob,Alice,"Alice, I think we should ask Pete if he'd be willing to trade some fish for our cans. It might help us get more food without giving away too much.",0,0
A-hidden-2,A,0,2,2,0,contact,Pete,Kurt,"Kurt, I appreciate your offer, but I need to focus on my own survival for now. Maybe later, if things change, I'll be more open to helping.",0,0
A-hidden-2,A,0,2,2,0,contact,Pete,Stella,"Stella, I saw you and Lucky gathered coconuts. Maybe we could work together again tomorrow—if you're up for it.",0,0
A-hidden-2,A,0,2,2,0,contact,Kurt,Alice,"Alice, I want to propose that we set an example by sharing some of our safe surplus tonight. I believe it will help build trust and ensure we all survive. What do you think? We have enough food to spare without risking our own needs this week.",1,0
A-hidden-2,A,0,2,2,0,contact,Kurt,Bob,"Bob, I think we should work together to ensure everyone has enough food. I'm willing to share some of our safe surplus tonight if you're open to it. What do you think?",0,0
A-hidden-2,A,0,2,2,0,contact,Stella,Pete,"Pete, I saw you caught a lot of fish yesterday. I know you're cautious, but if you ever need help, I'm here for you. Maybe we could fish together again this week? I think working together would be better for everyone, including your family.",0,0
A-hidden-2,A,0,2,2,0,contact,Stella,Alice,"Alice, I noticed you gathered clams yesterday. I think it's important we all work together to make sure no one goes hungry. Would you be willing to share some of your catch with the group? I know we're all in this together.",0,0
A-hidden-2,A,0,2,2,0,contact,Lucky,Alice,"Hi Alice! I heard you talked to Pete about sharing some of his fish. Did he say anything about it? I want to make sure everyone is not hungry and has enough food to eat every day. I think it's important for us all to work together and share what we have, especially if someone has more than they need.",0,0
A-hidden-2,A,0,2,2,0,contact,Lucky,Pete,"Hi Pete! I want to make sure everyone has enough to eat. I heard you caught a lot of fish today. Would you be willing to share some with us? I think it's fair for everyone to have food, and I believe you can trust us to take care of it. I really want to help make sure no one goes hungry.",1,0
A-hidden-2,A,0,2,2,0,contact,Alice,Pete,"Pete, I understand you're cautious, but I need to borrow 4.5 units of food this week to cover our household's needs. I promise to repay you 5.4 units within 5 work days (with 10% interest). Can we arrange this loan?",0,0
A-hidden-2,A,0,2,2,0,contact,Alice,Bob,"Bob, I need to borrow 4.5 units of food to cover our household's needs this week. I believe we can repay Pete in full if we work together. I'd appreciate your support in making this happen.",0,0
A-hidden-2,A,0,2,2,0,contact,Bob,Alice,"Alice, I think your plan to borrow from Pete is the best we can do right now. I'm worried about asking him, but if we need the food, we should do it. Just make sure we can repay him as soon as possible so we don't look bad to the others.",1,0
A-hidden-2,A,0,2,2,0,contact,Bob,Pete,"Pete, I heard you caught a lot of fish yesterday. Alice and I are in need of some food this week, and I was wondering if you'd be willing to lend us 4.5 units of fish. We'd be happy to repay you in full as soon as we can.",0,0
A-hidden-2,A,0,2,2,0,contact,Pete,Kurt,"Kurt, I appreciate the offer, but I need to focus on my own survival for now. I can't take the risk of borrowing unless I'm sure I can repay it. Maybe later, if things change, I'll be more open to helping.",0,0
A-hidden-2,A,0,2,2,0,contact,Pete,Alice,"Alice, I understand your need, but I can't lend you 4.5 units of fish right now. I need to keep my food supply stable for the week. Maybe we can talk again later if things change.",0,1
A-hidden-2,A,0,2,2,1,coop,Stella,Pete,"Pete, I think we should split the fish fairly. Since we worked together, I'd like to take 3.5 units for my family and leave the rest for you.",0,1
A-hidden-2,A,0,2,2,1,coop,Pete,Stella,"Stella, I appreciate the offer, but I need to keep most of this for myself. I can't take the risk of sharing too much right now.",0,0
A-hidden-2,A,0,2,2,1,coop,Stella,Pete,"Pete, I understand you're cautious, but I need to make sure my family has enough. I'll take 3.5 units for us, and you can keep the rest.",0,1
A-hidden-2,A,0,2,2,1,coop,Pete,Stella,"Stella, I know you're trying to help your family, but I need to keep most of this for myself. I can't afford to share too much right now.",0,1
A-hidden-2,A,0,2,2,1,coop,Stella,Pete,"Pete, I need to ensure my family has enough food. I'll take 3.5 units for us, and you can keep the rest. I hope you understand.",0,1
A-hidden-2,A,0,2,2,1,coop,Pete,Stella,"Stella, I'm sorry, but I can't agree to that split. I need to keep more for myself to stay strong and keep bringing in food.",0,0
A-hidden-2,A,0,2,2,1,campfire,Kurt,Pete,"Pete, I saw you and Stella caught fish today. We all need to survive together. I'm offering to give you some of our safe surplus this week in exchange for your help in sharing some of your fish with Alice and Bob. What do you think?",0,0
A-hidden-2,A,0,2,2,1,campfire,Stella,Pete,"Pete, I saw how much you caught today. If you're ever in need, I'm here to help. Maybe we can work together more this week?",0,0
A-hidden-2,A,0,2,2,1,campfire,Lucky,Alice,I heard you talked to Pete about sharing some of his fish. Did he say anything about it? I want to make sure everyone has enough to eat.,0,0
A-hidden-2,A,0,2,2,1,campfire,Alice,everyone,"I saw how much fish Pete and Stella caught today. I believe we all need to think about sharing more, especially if we want to make sure no one goes hungry. Bob and I are willing to work hard to repay any help we receive.",0,0
A-hidden-2,A,0,2,2,1,campfire,Bob,Alice,"I think we should ask Pete again if he'd be willing to lend us some fish. We really need it this week, and I trust your judgment.",1,0
A-hidden-2,A,0,2,2,1,campfire,Pete,Stella,"I appreciate your offer to work together, Stella. Let's see how things go before I commit to anything else.",0,0
A-hidden-2,A,0,2,2,2,campfire,Kurt,Alice,"Alice, I saw you and Bob worked hard today. I think it's time we all set an example by sharing some of our safe surplus. Would you be willing to help me convince Pete?",0,0
A-hidden-2,A,0,2,2,2,campfire,Stella,Pete,"Pete, I saw how much you caught today. I know you're cautious, but I think we need to work together more if we're going to survive. What do you think?",0,0
A-hidden-2,A,0,2,2,2,campfire,Lucky,Alice,Did Pete say anything about sharing his fish today? I really want to make sure Bob and you are not hungry.,0,0
A-hidden-2,A,0,2,2,2,campfire,Alice,everyone,"I saw how much fish Pete caught today. I think it's time we all consider sharing more, so no one is left without food. Bob and I are ready to work hard to repay any help we receive.",0,0
A-hidden-2,A,0,2,2,2,campfire,Bob,Alice,"I think we should ask Pete again if he'd be willing to lend us some fish. We really need it this week, and I trust your judgment.",1,0
A-hidden-2,A,0,2,2,2,campfire,Pete,Lucky,"I saw you working hard today, Lucky. Maybe we can fish together tomorrow and see how it goes.",0,0
A-hidden-2,A,0,2,2,3,campfire,Kurt,Pete,"Pete, I saw you caught fish today. We all need to survive together. I'm offering to give you some of our safe surplus this week in exchange for your help in sharing some of your fish with Alice and Bob. What do you think?",0,0
A-hidden-2,A,0,2,2,3,campfire,Stella,Pete,"Pete, I saw how much you caught today. I know you're cautious, but I think we need to work together more if we're going to survive. What do you think?",0,0
A-hidden-2,A,0,2,2,3,campfire,Lucky,Pete,"Pete, I really hope we can fish together tomorrow. I want to help you catch more fish, and I want to make sure everyone gets enough to eat.",0,0
A-hidden-2,A,0,2,2,3,campfire,Alice,Pete,"Pete, I know you're cautious, but I saw how much fish you caught today. Would you consider lending us some of it this week? We're struggling, and I believe we can repay you in full if you help us.",0,0
A-hidden-2,A,0,2,2,3,campfire,Bob,Alice,"I think we should ask Pete again if he'd be willing to lend us some fish. We really need it this week, and I trust your judgment.",1,0
A-hidden-2,A,0,2,2,3,campfire,Pete,Lucky,"I saw you working hard today, Lucky. Maybe we can fish together tomorrow and see how it goes.",0,0
A-hidden-2,A,0,2,2,4,campfire,Kurt,Pete,"Pete, I saw you caught a lot of fish today. I'm still willing to share some of our safe surplus with you, but I need your help in return. Will you agree to share some of that fish with Alice and Bob tonight?",0,0
A-hidden-2,A,0,2,2,4,campfire,Stella,Pete,"Pete, I saw how much fish you caught today. I think we need to work together more if we're going to survive. What do you think?",0,0
A-hidden-2,A,0,2,2,4,campfire,Lucky,Pete,"Pete, I really hope we can fish together tomorrow. I want to help you catch more fish, and I want to make sure everyone gets enough to eat.",0,0
A-hidden-2,A,0,2,2,4,campfire,Alice,Pete,"Pete, I saw how much fish you caught today. I know you're cautious, but we're struggling, and I believe we can repay you in full if you help us. Bob and I are ready to work hard to make that happen.",0,0
A-hidden-2,A,0,2,2,4,campfire,Bob,Alice,"I think we should ask Pete again if he'd be willing to lend us some fish. We really need it this week, and I trust your judgment.",1,0
A-hidden-2,A,0,2,2,4,campfire,Pete,Lucky,"I saw you working hard today, Lucky. Let's fish together tomorrow and see how it goes.",0,0
A-hidden-2,A,0,2,2,5,campfire,Kurt,Pete,"Pete, I saw how much fish you caught today. We all need to survive together. I'm offering to give you some of our safe surplus this week in exchange for your help in sharing some of your fish with Alice and Bob. What do you think?",0,0
A-hidden-2,A,0,2,2,5,campfire,Stella,Pete,"Pete, I saw how much you caught today. I think we need to work together more if we're going to survive. What do you think?",0,0
A-hidden-2,A,0,2,2,5,campfire,Lucky,Pete,"Pete, I really hope we can fish together tomorrow. I want to help you catch more fish, and I want to make sure everyone gets enough to eat.",0,0
A-hidden-2,A,0,2,2,5,campfire,Alice,Pete,"Pete, I saw how much fish you caught today. I know you're cautious, but I believe we can find a way to help each other. Bob and I are ready to work hard to make that happen.",0,0
A-hidden-2,A,0,2,2,5,campfire,Bob,Alice,"I think we should ask Pete again if he'd be willing to lend us some fish. We really need it this week, and I trust your judgment.",1,0
A-hidden-2,A,0,2,2,5,campfire,Pete,Lucky,"I saw you worked hard today, Lucky. Let's fish together tomorrow and see how it goes.",0,0
A-hidden-2,A,0,2,3,0,contact,Kurt,Alice,"Alice, I need to borrow 1.5 units of food to cover our household's shortfall this week. I'll repay you in full within 3 work days with a 50% interest rate. Can you help us?",0,0
A-hidden-2,A,0,2,3,0,contact,Kurt,Bob,"Bob, I know you've been struggling, but I think we all need to work together to survive. If Alice can't help, would you be willing to lend us some food this week? We'll repay you as soon as we can.",0,0
A-hidden-2,A,0,2,3,0,contact,Stella,Alice,"Alice, I know we're all in this together. I saw you gather clams yesterday, and I think it's important we support each other. Would you be willing to share some of your food with us during the typhoon days?",0,0
A-hidden-2,A,0,2,3,0,contact,Stella,Pete,"Pete, I know you're cautious with your food, but I think we need to work together more if we're going to survive. I've seen how much you can catch, and I believe we can help each other out. What do you think?",0,0
A-hidden-2,A,0,2,3,0,contact,Lucky,Pete,"Pete, I really hope we can fish together tomorrow. I want to help you catch more fish, and I want to make sure everyone gets enough to eat.",0,0
A-hidden-2,A,0,2,3,0,contact,Lucky,Alice,"Alice, I heard you talked to Pete about sharing some of his fish. Did he say anything about it? I want to make sure Bob and you are not hungry.",0,0
A-hidden-2,A,0,2,3,0,contact,Alice,Pete,"Pete, I know you're cautious, but Bob and I are struggling. We need 4.5 units to survive this week. If you lend us this, we will repay you 5.4 units within 5 work days (20% interest).",0,0
A-hidden-2,A,0,2,3,0,contact,Alice,Kurt,"Kurt, I know you're busy, but I'd appreciate your support. Bob and I need help this week. If you have any safe surplus, perhaps we could find a way to share it.",0,0
A-hidden-2,A,0,2,3,0,contact,Bob,Alice,"Alice, I think we should ask Pete again if he'd be willing to lend us some fish. We really need it this week, and I trust your judgment.",1,0
A-hidden-2,A,0,2,3,0,contact,Bob,Pete,"Pete, I know you caught a lot of fish yesterday. Alice and I are in need of some food this week, and I was wondering if you'd be willing to lend us 4.5 units of fish. We'd be happy to repay you in full as soon as we can.",0,0
A-hidden-2,A,0,2,3,0,contact,Pete,Lucky,"I saw you working hard yesterday, Lucky. I'd like to fish with you again today. Let's see if we can catch more fish together.",0,0
A-hidden-2,A,0,2,3,0,contact,Pete,Alice,"I understand you're struggling, Alice. I'm willing to lend you some fish, but I need to make sure you can repay me. Let's talk about it at the campfire tonight.",0,0
A-hidden-2,A,0,2,3,0,contact,Kurt,Alice,"Alice, I need to borrow 1.5 units of food to cover our household's shortfall this week. I'll repay you in full within 3 work days with a 50% interest rate. Can you help us?",0,0
A-hidden-2,A,0,2,3,0,contact,Kurt,Bob,"Bob, I know you've been struggling, but I think we all need to work together to survive. If Alice can't help, would you be willing to lend us some food this week? We'll repay you as soon as we can.",0,0
A-hidden-2,A,0,2,3,0,contact,Stella,Alice,"Alice, I know we're all in this together. I saw you gather clams yesterday, and I think it's important we support each other. Would you be willing to share some of your food with us during the typhoon days?",0,0
A-hidden-2,A,0,2,3,0,contact,Stella,Pete,"Pete, I know you're cautious with your food, but I think we need to work together more if we're going to survive. I've seen how much you can catch, and I believe we can help each other out. What do you think?",0,0
A-hidden-2,A,0,2,3,0,contact,Lucky,Pete,"Pete, I'm really excited to fish with you today! I want to help you catch more fish, and I want to make sure everyone gets enough to eat.",0,0
A-hidden-2,A,0,2,3,0,contact,Lucky,Alice,"Alice, I heard you talked to Pete about sharing some of his fish. Did he say anything about it? I want to make sure Bob and you are not hungry.",0,0
A-hidden-2,A,0,2,3,0,contact,Alice,Pete,"Pete, I know you're cautious, but Bob and I are struggling. We need 4.5 units to survive this week. If you lend us this, we will repay you 5.4 units within 5 work days (20% interest).",0,0
A-hidden-2,A,0,2,3,0,contact,Alice,Kurt,"Kurt, I understand you need help, but Bob and I are in a difficult position this week. I hope we can find a way to support each other as the weeks go on.",0,0
A-hidden-2,A,0,2,3,0,contact,Bob,Alice,"Alice, I know you've already planned to borrow from Pete. I just want to make sure we don't ask too much of him. If he agrees, I think we should take it slowly and repay as soon as we can.",0,0
A-hidden-2,A,0,2,3,0,contact,Bob,Pete,"Pete, I know you've been catching a lot of fish. Alice and I are in need of some food this week, and I was wondering if you'd be willing to lend us 4.5 units of fish. We'd be happy to repay you in full as soon as we can.",0,0
A-hidden-2,A,0,2,3,0,contact,Pete,Lucky,"I appreciate your offer, Lucky. Let's fish together on day 1. I hope we can catch enough to help us both out.",0,0
A-hidden-2,A,0,2,3,0,contact,Pete,Alice,"I understand you're struggling, Alice. I'm willing to lend you some fish, but I need to make sure you can repay me. Let's talk about it at the campfire tonight.",0,0
A-hidden-2,A,0,2,3,0,contact,Kurt,Alice,"Alice, I need to borrow 1.5 units of food to cover our household's shortfall this week. I'll repay you in full within 3 work days with a 50% interest rate. Can you help us?",0,0
A-hidden-2,A,0,2,3,0,contact,Kurt,Bob,"Bob, I know you've been struggling, but I think we all need to work together to survive. If Alice can't help, would you be willing to lend us some food this week? We'll repay you as soon as we can.",0,0
A-hidden-2,A,0,2,3,0,contact,Stella,Alice,"Alice, I know the typhoon days are tough. I saw you gather clams yesterday, and I think it's important we support each other. Would you be willing to share some of your food with us during the typhoon days? We could help each other out if we work together more closely.",0,0
A-hidden-2,A,0,2,3,0,contact,Stella,Pete,"Pete, I know you're cautious with your food, but I think we need to work together more if we're going to survive. I've seen how much you can catch, and I believe we can help each other out. What do you think? Maybe we can find a way to share food during the typhoon days.",0,0
A-hidden-2,A,0,2,3,0,contact,Lucky,Pete,"Pete, I'm really excited to fish with you today! I want to help you catch more fish, and I want to make sure everyone gets enough to eat. I hope we can catch enough for Alice and Bob too.",0,0
A-hidden-2,A,0,2,3,0,contact,Lucky,Alice,"Alice, I heard you talked to Pete about sharing some of his fish. Did he say anything about it? I want to make sure Bob and you are not hungry. I can help if I can.",0,0
A-hidden-2,A,0,2,3,0,contact,Alice,Pete,"Pete, I know the typhoon is making things hard for everyone. Bob and I are in a tough spot, and I believe we can repay you if you lend us 4.5 units of fish. We would be grateful for your help this week, and we will make sure to repay you in full with interest as agreed before.",0,0
A-hidden-2,A,0,2,3,0,contact,Alice,Kurt,"Kurt, I understand you need help, but Bob and I are in a difficult position this week. I hope we can find a way to support each other as the weeks go on. I would be willing to help you if I can, but I need to make sure we both survive first.",0,0
A-hidden-2,A,0,2,3,0,contact,Bob,Alice,"Alice, I know you've already planned to borrow from Pete. I just want to make sure we don't ask too much of him. If he agrees, I think we should take it slowly and repay as soon as we can.",0,0
A-hidden-2,A,0,2,3,0,contact,Bob,Pete,"Pete, I know you've been catching a lot of fish. Alice and I are in need of some food this week, and I was wondering if you'd be willing to lend us 4.5 units of fish. We'd be happy to repay you in full as soon as we can.",0,0
A-hidden-2,A,0,2,3,0,contact,Pete,Lucky,"I'm ready to fish with you on day 1, Lucky. Let's work together and see what we can catch. I hope this helps us both out, and maybe even helps others later on if we have extra food to share after the typhoon passes.",0,0
A-hidden-2,A,0,2,3,0,contact,Pete,Stella,"Stella, I appreciate your offer to work together, but I'm still cautious about lending food. I want to make sure that if I help others, they can actually repay me. I'm focused on fishing and keeping my own supply safe for now.",0,1
A-hidden-2,A,0,2,3,1,campfire,Kurt,Alice,"Alice, I understand you're struggling, but I need that 1.5 units to keep my family from starving. I promise to repay you with interest. Can you help us tonight?",0,1
A-hidden-2,A,0,2,3,1,campfire,Stella,Alice,"Alice, I saw how much you gathered today. With the typhoon lasting three days, I worry about food shortages. Would you be willing to share some of your clams with us tonight?",0,0
A-hidden-2,A,0,2,3,1,campfire,Lucky,Pete,"Pete, I really hope we can catch some fish soon. I want to make sure Alice and Bob are not hungry, and I want to help you too.",0,0
A-hidden-2,A,0,2,3,1,campfire,Alice,Pete,"Pete, I know the typhoon has made things hard for all of us. Bob and I are struggling, and I truly believe we can repay you if you lend us 4.5 units of fish. We would be grateful for your help this week.",0,0
A-hidden-2,A,0,2,3,1,campfire,Bob,Alice,"I know we're in a tough spot, but I think we should try to get some food from Pete again. He has more than we do, and I trust your judgment on how much to ask.",1,0
A-hidden-2,A,0,2,3,1,campfire,Pete,Alice,"I see you're struggling, Alice. I can lend you some fish, but I need to know you'll be able to repay me. How do you plan to get the food back to me?",0,0
A-hidden-2,A,0,2,3,2,campfire,Kurt,Alice,"Alice, I know you're struggling, but I need that 1.5 units to keep my family from starving. I promise to repay you with interest. Can you help us tonight?",0,1
A-hidden-2,A,0,2,3,2,campfire,Stella,Alice,"Alice, I saw how little you've eaten lately. With the typhoon still ahead, I'd really appreciate it if you could spare some of your clams for my family and me tonight. We're all in this together.",0,1
A-hidden-2,A,0,2,3,2,campfire,Lucky,Pete,"Pete, I hope you caught some fish today. I want to make sure Alice and Bob are not hungry, and I want to help you too.",0,0
A-hidden-2,A,0,2,3,2,campfire,Alice,Pete,"Pete, I know you're worried about repayment, but Bob and I are willing to work hard to repay you. We just need a chance to survive this week.",0,0
A-hidden-2,A,0,2,3,2,campfire,Bob,Alice,"I know we're in a bad spot, but I think we should try to get some food from Pete again. He has more than we do, and I trust your judgment on how much to ask.",1,0
A-hidden-2,A,0,2,3,2,campfire,Pete,Alice,"I see you're struggling, Alice. I can lend you some fish, but I need to know you'll be able to repay me. How do you plan to get the food back to me?",0,0
A-hidden-2,A,0,2,3,3,campfire,Kurt,Alice,"Alice, I know you're struggling, but I need that 1.5 units to keep my family from starving. I promise to repay you with interest. Can you help us tonight?",0,1
A-hidden-2,A,0,2,3,3,campfire,Stella,Alice,"Alice, I saw how weak you look. You've barely eaten for days. I know you're kind, but I worry about you. Can you tell me how you're managing?",0,0
A-hidden-2,A,0,2,3,3,campfire,Lucky,Pete,"Pete, I saw you gather clams today. Did you catch any fish before the typhoon? I want to make sure you have enough food.",0,0
A-hidden-2,A,0,2,3,3,campfire,Alice,Pete,"Pete, I know you're worried about repayment, but I want to assure you that Bob and I will do whatever it takes to repay you. We just need a little help to survive this week.",0,0
A-hidden-2,A,0,2,3,3,campfire,Bob,Alice,"I know we're in a bad spot, but I think we should try to get some food from Pete again. He has more than we do, and I trust your judgment on how much to ask.",1,0
A-hidden-2,A,0,2,3,3,campfire,Pete,Alice,"I see you're still struggling, Alice. If you need food, I can lend you some, but I need to know you'll be able to repay me. How do you plan to get the food back to me?",0,0
A-hidden-2,A,0,2,3,4,campfire,Kurt,Alice,"Alice, I know you're struggling, but I need to repay the 1.5 units I borrowed. I'll make sure we have enough food to cover it. Can you help me find a way to get that back?",0,0
A-hidden-2,A,0,2,3,4,campfire,Stella,Alice,"Alice, I saw how weak you've been. You need to eat. I know we're all struggling, but I want to make sure you're not suffering in silence. Can I help you in any way tonight?",0,0
A-hidden-2,A,0,2,3,4,campfire,Lucky,Pete,"Pete, I saw you caught a lot of fish today. Can we fish together tomorrow to catch even more? I want to make sure Alice and Bob have enough to eat.",0,0
A-hidden-2,A,0,2,3,4,campfire,Alice,Pete,"Pete, I know you're worried about repayment, but I'm not asking for a loan tonight. I just want to thank you for the fish you've already given us. We're not forgotten by you, and we'll find a way to repay you when we can.",0,0
A-hidden-2,A,0,2,3,4,campfire,Bob,Alice,"Alice, I know we're in a bad spot, but I think we should try to get some food from Pete again. He has more than we do, and I trust your judgment on how much to ask.",1,0
A-hidden-2,A,0,2,3,4,campfire,Pete,Alice,"I see you're still struggling, Alice. I can lend you some fish, but I need to know you'll be able to repay me. How do you plan to get the food back to me?",0,0
A-hidden-2,A,0,2,3,5,campfire,Kurt,Alice,"Alice, I know you're struggling, but I need to repay the 1.5 units I borrowed. I'll make sure we have enough food to cover it. Can you help me find a way to get that back?",0,0
A-hidden-2,A,0,2,3,5,campfire,Lucky,Pete,"Pete, I saw you caught a lot of fish today. Can we fish together tomorrow to catch even more? I want to make sure Alice and Bob have enough to eat.",0,0
A-hidden-2,A,0,2,3,5,campfire,Alice,Pete,"Pete, I know you're worried about repayment, but I'm not asking for a loan tonight. I just want to thank you for the fish you've already given us. We're not forgotten by you, and we'll find a way to repay you when we can.",0,0
A-hidden-2,A,0,2,3,5,campfire,Bob,Alice,"Alice, I know we're in a bad spot, but I think we should try to get some food from Pete again. He has more than we do, and I trust your judgment on how much to ask.",1,0
A-hidden-2,A,0,2,3,5,campfire,Pete,Alice,"I see you're still struggling, Alice. If you need food, I can lend you some, but I need to know you'll be able to repay me. How do you plan to get the food back to me?",0,0
A-hidden-2,A,0,2,4,0,contact,Kurt,Alice,"Alice, I understand you're struggling, but I need to make sure my family and I can survive this week. I'll be working hard to gather food and will focus on foraging and fishing. I hope we can support each other as best we can.",0,1
A-hidden-2,A,0,2,4,0,contact,Kurt,Pete,"Pete, I know you're used to working alone, but I think we all need to cooperate to survive. If you're willing, I'd be happy to fish together with you one day this week. It might help us both catch more food.",0,0
A-hidden-2,A,0,2,4,0,contact,Stella,Alice,"Alice, I saw how weak you've been. You need to eat. I know we're all struggling, but I want to make sure you're not suffering in silence. Can I help you in any way tonight?",0,0
A-hidden-2,A,0,2,4,0,contact,Stella,Pete,"Pete, I understand your caution. But with the typhoon days ahead, I think we need to find a way to support each other. Would you be willing to fish together with me one day this week?",0,0
A-hidden-2,A,0,2,4,0,contact,Lucky,Pete,"Pete, I saw you caught a lot of fish yesterday. Can we fish together today? I want to help you catch more, and I want to make sure Alice and Bob have enough to eat.",0,0
A-hidden-2,A,0,2,4,0,contact,Lucky,Alice,"Alice, I hope you and Bob are feeling better. I want to make sure you both have enough food. If Pete has any extra, I think he would be happy to share.",0,0
A-hidden-2,A,0,2,4,0,contact,Alice,Pete,"Pete, I know you're worried about repayment, but Bob and I are determined to survive and repay you. We only need 6.5 units this week to keep going. Can you lend us this amount, with repayment over 5 work days at 20% interest?",0,0
A-hidden-2,A,0,2,4,0,contact,Alice,Kurt,"Kurt, I know you're trying to repay your loan, but I worry about Bob and me. We're struggling badly. If you have any food you're willing to share, even a little, it would help us survive this week.",0,0
A-hidden-2,A,0,2,4,0,contact,Bob,Alice,"Alice, I know we're in a tough spot, but I think we should try to get some food from Pete again. He has more than we do, and I trust your judgment on how much to ask.",1,0
A-hidden-2,A,0,2,4,0,contact,Bob,Pete,"Pete, I know you've been catching a lot of fish. Alice and I are in need of some food this week, and I was wondering if you'd be willing to lend us 6.5 units of fish. We'd be happy to repay you in full as soon as we can.",0,0
A-hidden-2,A,0,2,4,0,contact,Pete,Alice,"Alice, I heard you're still struggling. I can lend you some fish, but I need to know you'll be able to repay me. How do you plan to get the food back to me?",0,0
A-hidden-2,A,0,2,4,0,contact,Pete,Lucky,"Lucky, I saw you're trying to help Alice and Bob. If you want to fish with me, I'm open to it. But I need to make sure we can catch enough to help everyone.",0,0
A-hidden-2,A,0,2,4,0,contact,Kurt,Alice,"Alice, I know you're struggling, but I want to make sure we both survive. I'll focus on foraging and fishing this week to provide for my family and help us both. Can we support each other?",0,1
A-hidden-2,A,0,2,4,0,contact,Kurt,Pete,"Pete, I know you're used to working alone, but I think we all need to cooperate to survive. If you're willing, I'd be happy to fish together with you one day this week. It might help us both catch more food.",0,0
A-hidden-2,A,0,2,4,0,contact,Stella,Alice,"Alice, I saw how weak you've been. You need to eat. I know we're all struggling, but I want to make sure you're not suffering in silence. Can I help you in any way tonight?",0,0
A-hidden-2,A,0,2,4,0,contact,Stella,Pete,"Pete, I understand your caution. But with the typhoon days ahead, I think we need to find a way to support each other. Would you be willing to fish together with me one day this week?",0,0
A-hidden-2,A,0,2,4,0,contact,Lucky,Pete,"Pete, I'm really excited to fish with you today! I want to help you catch more fish, and I want to make sure everyone gets enough to eat. I hope we can catch enough for Alice and Bob too.",0,0
A-hidden-2,A,0,2,4,0,contact,Lucky,Alice,"Alice, I hope you and Bob are feeling better. I want to make sure you both have enough food. If Pete has any extra, I think he would be happy to share.",0,0
A-hidden-2,A,0,2,4,0,contact,Alice,Pete,"Pete, I understand your concerns about repayment. We only need 6.5 units this week to survive, and we are determined to repay you with interest. Can you lend us this amount over 5 work days?",0,0
A-hidden-2,A,0,2,4,0,contact,Alice,Kurt,"Kurt, I know you're focused on repaying your loan, but Bob and I are struggling badly. If you have any food you're willing to share, even a little, it would help us survive this week.",0,0
A-hidden-2,A,0,2,4,0,contact,Bob,Alice,"Alice, I know we're in a tough spot, but I think we should try to get some food from Pete again. He has more than we do, and I trust your judgment on how much to ask.",1,0
A-hidden-2,A,0,2,4,0,contact,Bob,Pete,"Pete, I know you've been catching a lot of fish. Alice and I are in need of some food this week, and I was wondering if you'd be willing to lend us 6.5 units of fish. We'd be happy to repay you in full as soon as we can.",0,0
A-hidden-2,A,0,2,4,0,contact,Pete,Kurt,"Kurt, I'm open to fishing together, but I need to make sure we can catch enough to help everyone. Let's talk about how we can split the catch.",0,0
A-hidden-2,A,0,2,4,0,contact,Pete,Lucky,"Lucky, I'm open to fishing with you. Let's see if we can catch enough to help Alice and Bob. I need to make sure we're both on the same page.",0,0
A-hidden-2,A,0,2,4,0,contact,Kurt,Alice,"Alice, I understand you're struggling, but I want to make sure we both survive. I'll focus on foraging and fishing this week to provide for my family and help us both. Can we support each other? I'm willing to share what I can, even if it's just a little, to help you and Bob through this week.",0,1
A-hidden-2,A,0,2,4,0,contact,Kurt,Pete,"Pete, I'm glad you're open to fishing together. Let's fish on day 2. I think working together will help us both catch more food and improve our chances of survival. I'll bring my knife, and I'm sure we can split the catch fairly.",0,0
A-hidden-2,A,0,2,4,0,contact,Stella,Alice,"Alice, I know you're struggling, but I want to help. I have some forage left and would like to share it with you. Would you accept a gift of 1 unit of forage tonight to help you eat properly? I don't want to see you suffer anymore, and I believe we can support each other through this together.",0,0
A-hidden-2,A,0,2,4,0,contact,Stella,Pete,"Pete, I understand your caution, but I need your help. I saw you caught 3.6 units of fish yesterday. Could we fish together today? I believe working together will help us all survive the typhoon days. I'm willing to share what we catch, and I think we can trust each other.",1,0
A-hidden-2,A,0,2,4,0,contact,Lucky,Pete,"Pete, I really want to fish with you today. I know you have a lot of food, and I want to help you catch more. I also want to make sure Alice and Bob are not hungry. Can we work together today and share what we catch with them too?",0,0
A-hidden-2,A,0,2,4,0,contact,Lucky,Alice,"Alice, I hope you and Bob are feeling better. I want to make sure you both have enough food. If Pete and I catch some fish today, I think we can share it with you and Bob. I really want to help.",0,0
A-hidden-2,A,0,2,4,0,contact,Alice,Pete,"Pete, I understand your concerns. We only need 6.5 units this week to survive, and we are determined to repay you with interest. Can you lend us this amount over 5 work days? We will do everything we can to repay you, and I believe we can manage it together.",0,0
A-hidden-2,A,0,2,4,0,contact,Alice,Kurt,"Kurt, I know you're focused on repaying your loan, but Bob and I are struggling badly. If you have any food you're willing to share, even a little, it would help us survive this week. We're all in this together, and I believe we can support each other.",0,0
A-hidden-2,A,0,2,4,0,contact,Bob,Alice,"Alice, I know we're in a tough spot, but I think we should try to get some food from Pete again. He has more than we do, and I trust your judgment on how much to ask. I just don't want to keep relying on him forever, but I don't see another way right now.",1,0
A-hidden-2,A,0,2,4,0,contact,Bob,Pete,"Pete, I know you've been catching a lot of fish. Alice and I are in need of some food this week, and I was wondering if you'd be willing to lend us 6.5 units of fish. We'd be happy to repay you in full as soon as we can. We really need your help right now.",0,0
A-hidden-2,A,0,2,4,0,contact,Pete,Kurt,"Kurt, I'm open to fishing together on day 1. Let's make sure we can catch enough to help everyone. I want to see if we can split the catch fairly and keep some for ourselves as well.",0,0
A-hidden-2,A,0,2,4,0,contact,Pete,Lucky,"Lucky, I'm looking forward to fishing with you on day 2. Let's work together and see if we can catch enough to help Alice and Bob. I need to make sure we're both on the same page.",0,0
A-hidden-2,A,0,2,4,1,coop,Pete,Lucky,"Lucky, I appreciate your help today. Let's split the catch fairly, but I need to keep enough for myself to survive.",0,0
A-hidden-2,A,0,2,4,1,coop,Lucky,Pete,"Pete, I know you need food, but I also want to make sure Alice and Bob have enough to eat. Can we share some of the fish with them too?",0,0
A-hidden-2,A,0,2,4,1,coop,Pete,Lucky,"Lucky, I'm willing to share some of the catch, but I still need to keep enough for myself. Let's split it 3.5 to me and 1.9 to you.",0,0
A-hidden-2,A,0,2,4,1,coop,Lucky,Pete,"Pete, I understand you need food, but I really want to help Alice and Bob. Can we split it so I get 1.5 units and we give 1.5 units to them?",0,0
A-hidden-2,A,0,2,4,1,coop,Pete,Lucky,"Lucky, I'm not against helping Alice and Bob, but I need to make sure I have enough for myself first. Let's split it 3.4 to me and 2 to you, and then we can give some to them from your share.",0,0
A-hidden-2,A,0,2,4,1,coop,Lucky,Pete,"Pete, I know you need food, but I really want to help Alice and Bob. Can we split it so I get 2 units and we give 1.4 units to them?",0,0
A-hidden-2,A,0,2,4,1,campfire,Kurt,Alice,"Alice, I know we're both trying to manage with what we have. I'll do my best to forage and fish this week so we can both survive. Can we help each other when we can?",0,0
A-hidden-2,A,0,2,4,1,campfire,Stella,Alice,"Alice, I saw how little you've eaten again today. I want to help, but I need to know you'll take the forage I have. I can't waste it if you won't eat.",0,0
A-hidden-2,A,0,2,4,1,campfire,Lucky,Pete,"Pete, I really hope we can catch enough fish tomorrow to help Alice and Bob. Will you promise to share some with them if we catch a lot?",0,0
A-hidden-2,A,0,2,4,1,campfire,Alice,everyone,"I want to thank Stella for her offer of forage. It means a lot to Bob and me, and I hope we can all find ways to support each other through this tough time.",0,0
A-hidden-2,A,0,2,4,1,campfire,Bob,Alice,"I know we've asked Pete for help a lot, but I'm worried we're relying on him too much. What do you think we should do?",0,0
A-hidden-2,A,0,2,4,1,campfire,Pete,Alice,"I saw your message about needing more food. I can lend you some, but only if you can repay me. I trust you more than some others, but I still need proof.",1,0
A-hidden-2,A,0,2,4,2,coop,Pete,Lucky,"Lucky, I think we should split the fish fairly. I caught most of it, but you helped, so I'll give you a fair share.",0,0
A-hidden-2,A,0,2,4,2,coop,Lucky,Pete,"Pete, I think we should share the fish so that everyone can have enough to eat, especially Alice and Bob. I don’t need much, but I want to make sure they’re not hungry.",0,0
A-hidden-2,A,0,2,4,2,coop,Pete,Lucky,"Lucky, I appreciate your kindness, but I need to keep most of this for myself. I'll give you 2 units so you can help Alice and Bob if you want.",0,0
A-hidden-2,A,0,2,4,2,coop,Lucky,Pete,"Pete, I know you caught most of it, but I still think we should share more so Alice and Bob can eat. I only need 1.5 units for myself, and the rest can go to them.",0,0
A-hidden-2,A,0,2,4,2,coop,Pete,Lucky,"Lucky, I understand your concern for Alice and Bob, but I can't give away more than I can afford. I'll give you 2 units to help them, and keep the rest for myself.",0,0
A-hidden-2,A,0,2,4,2,coop,Lucky,Pete,"Pete, I just want to make sure Alice and Bob have enough food. If you give me 1.5 units, I can take some to them and still have some for myself.",0,0
A-hidden-2,A,0,2,4,2,campfire,Lucky,Pete,"Pete, I really hope we can catch enough fish tomorrow to help Alice and Bob. Will you promise to share some with them if we catch a lot?",0,0
A-hidden-2,A,0,2,4,2,campfire,Alice,Pete,"Pete, I know you're cautious, but I believe we can manage this loan. We are willing to repay you with interest, and I trust that if we work together, we can all survive. Would you consider lending us the 6.5 units we need?",1,0
A-hidden-2,A,0,2,4,2,campfire,Bob,Alice,"I know we've asked Pete for help a lot, but I'm worried we're relying on him too much. What do you think we should do?",0,0
A-hidden-2,A,0,2,4,2,campfire,Pete,Lucky,"I saw you got some food today. Keep working hard, and maybe we can catch even more tomorrow.",0,0
A-hidden-2,A,0,2,4,3,campfire,Kurt,Alice,"Alice, I know you're struggling, and I want to help. Let's talk about how we can share what we have more effectively.",0,0
A-hidden-2,A,0,2,4,3,campfire,Stella,Alice,"Alice, I saw you struggled again today. I want to help, but I need to know you'll take the forage I have. I can't waste it if you won't eat.",0,0
A-hidden-2,A,0,2,4,3,campfire,Lucky,Pete,"Pete, I really hope we can catch enough fish tomorrow to help Alice and Bob. Will you promise to share some with them if we catch a lot?",0,0
A-hidden-2,A,0,2,4,3,campfire,Alice,Pete,"Pete, I know you're cautious, but I believe we can manage this loan. We are willing to repay you with interest, and I trust that if we work together, we can all survive. Would you consider lending us the 6.5 units we need?",1,0
A-hidden-2,A,0,2,4,3,campfire,Bob,Alice,"Alice, I know we're in a tough spot, but I think we should try to get some food from Pete again. He has more than we do, and I trust your judgment on how much to ask.",1,0
A-hidden-2,A,0,2,4,3,campfire,Pete,Alice,"I saw you didn't repay your debt today. You need to focus on earning food, not relying on others. If you want to borrow again, prove you can handle it.",0,0
A-hidden-2,A,0,2,4,4,campfire,Kurt,Alice,"Alice, I know you're struggling, but I want to make sure we both survive. I'll do my best to forage and fish this week so we can both survive.",0,0
A-hidden-2,A,0,2,4,4,campfire,Stella,Alice,"Alice, I saw you're still struggling. I want to help, but I need to know you'll take the forage I have. I can't waste it if you won't eat.",0,0
A-hidden-2,A,0,2,4,4,campfire,Lucky,Pete,"Pete, I really hope we can catch enough fish tomorrow to help Alice and Bob. Will you promise to share some with them if we catch a lot?",0,0
A-hidden-2,A,0,2,4,4,campfire,Alice,Pete,"Pete, I understand your caution. I'm not asking for charity—I'm asking for a chance to work together. Let's make this loan happen, and I promise we'll repay you with interest.",0,0
A-hidden-2,A,0,2,4,4,campfire,Bob,Alice,"Alice, I know we're in a bad spot, but I think we should try to get some food from Pete again. He has more than we do, and I trust your judgment on how much to ask.",1,0
A-hidden-2,A,0,2,4,4,campfire,Pete,Alice,"You still owe me 3 units, and I won't wait forever. If you want to borrow again, you need to show me you can earn it first.",0,0
A-hidden-2,A,0,2,4,5,campfire,Kurt,Alice,"Alice, I know you're struggling, but I want to help. Let's talk about how we can share what we have more effectively.",0,0
A-hidden-2,A,0,2,4,5,campfire,Stella,Alice,"Alice, I saw you're still struggling. I want to help, but I need to know you'll take the forage I have. I can't waste it if you won't eat.",0,0
A-hidden-2,A,0,2,4,5,campfire,Lucky,Pete,"Pete, I really hope we can catch enough fish tomorrow to help Alice and Bob. Will you promise to share some with them if we catch a lot?",0,0
A-hidden-2,A,0,2,4,5,campfire,Alice,Pete,"Pete, I know you're worried about us, but I'm not asking for charity. I'm asking for a chance to earn this food back, just like you did today with your fish. Let's help each other survive.",0,0
A-hidden-2,A,0,2,4,5,campfire,Bob,Alice,"Alice, I know we're in a bad spot, but I think we should try to get some food from Pete again. He has more than we do, and I trust your judgment on how much to ask.",1,0
A-hidden-2,A,0,2,4,5,campfire,Pete,Alice,"You still owe me 3 units, and I won't wait forever. If you want to borrow again, you need to show me you can earn it first.",0,0
B-hidden-2,B,0,2,1,0,plan,Kurt,,"I want to propose a fair rationing plan at the campfire tonight to ensure we all survive together. I'll talk to Pete, Alice, and Bob to see if they're open to pooling our food.",0,0
B-hidden-2,B,0,2,1,0,plan,Stella,,I want to work hard to gather enough food for my family and ensure Lucky never goes hungry. I will observe others and see if they are trustworthy before considering sharing any food.,0,1
B-hidden-2,B,0,2,1,0,plan,Lucky,,I want to help everyone be friends and share food. I will talk to Alice and Bob because they seem kind and I want to make sure they are not hungry.,0,0
B-hidden-2,B,0,2,1,0,plan,Alice,,"I want to encourage Pete to share some of his food with others, and I plan to approach him at the campfire tonight to suggest a small loan to help others in need, using our household's safe surplus.",0,0
B-hidden-2,B,0,2,1,0,plan,Bob,,"I want to focus on keeping Alice and me safe this week. I'll avoid giving or lending anything unless Alice insists, and I'll keep my food private.",0,1
B-hidden-2,B,0,2,1,0,plan,Pete,,I will focus on gathering as much food as possible this week. I don’t plan to interact with others unless they approach me with a genuine request for help.,0,0
B-hidden-2,B,0,2,2,0,plan,Kurt,,"Tonight at the campfire, I want to propose a fair rationing plan that ensures we all have enough food and that no one goes hungry. I'll speak with Alice, Bob, and Pete to see if they're willing to commit to a shared system.",0,0
B-hidden-2,B,0,2,2,0,plan,Stella,,I want to work hard to gather enough food for my family and ensure Lucky never goes hungry. I will observe others and see if they are trustworthy before considering sharing any food.,0,1
B-hidden-2,B,0,2,2,0,plan,Lucky,,I want to help Alice and Bob feel included and make sure they have enough food. I will talk to them at the campfire and remind everyone how kind Pete has been by sharing his food.,0,0
B-hidden-2,B,0,2,2,0,plan,Alice,,"This week, I want to continue encouraging Pete to share more food with others, especially those who are struggling. I will speak to him at the campfire and remind him of the importance of working together for the survival of all.",0,0
B-hidden-2,B,0,2,2,0,plan,Bob,,I want to focus on keeping Alice and me safe this week. I'll avoid giving or lending anything unless Alice insists.,0,0
B-hidden-2,B,0,2,2,0,plan,Pete,,I will continue fishing to gather as much food as possible and avoid sharing unless someone truly needs help. I will keep an eye on Stella and Lucky in case they need something.,0,0
B-hidden-2,B,0,2,3,0,plan,Kurt,,"I need to borrow 0.8 units of food from Pete to cover our household's shortfall this week. Tonight, I'll speak with Pete and ask him to lend us the food, explaining that we'll repay it as soon as we can work normally again.",0,0
B-hidden-2,B,0,2,3,0,plan,Stella,,"I will focus on gathering clams during the typhoon days to ensure my family has enough food, and I will observe others closely to see if they are trustworthy before considering any cooperation.",0,1
B-hidden-2,B,0,2,3,0,plan,Lucky,,I want to make sure Alice and Bob have enough food this week. I will talk to them at the campfire and remind everyone how kind Pete has been by sharing his food.,0,0
B-hidden-2,B,0,2,3,0,plan,Alice,,"This week, I need to borrow food to ensure Bob and I can eat enough to avoid starving. I will speak to Kurt, who has shown responsibility and leadership, and ask him if he would be willing to lend us some of his food. I believe he understands the importance of sharing for the survival of all.",0,0
B-hidden-2,B,0,2,3,0,plan,Bob,,I want to focus on surviving this week and making sure Alice and I have enough to eat. I'll avoid giving or lending anything unless Alice insists.,0,0
B-hidden-2,B,0,2,3,0,plan,Pete,,"I will focus on gathering clams during the typhoon days and continue fishing on normal days to maintain my food supply. I will avoid sharing unless someone truly needs help, and I will keep an eye on Stella and Lucky to see if they require anything.",0,0
B-hidden-2,B,0,2,4,0,plan,Kurt,,"This week, I will focus on gathering enough food for my family and ensuring we stay well-fed without needing to borrow. I'll speak with Pete to thank him for his hard work and encourage him to keep fishing, as we all benefit from his catch.",0,1
B-hidden-2,B,0,2,4,0,plan,Stella,,"I will continue gathering food to ensure my family has enough, and I will observe Pete closely to see if he is trustworthy enough to consider sharing with us.",0,1
B-hidden-2,B,0,2,4,0,plan,Lucky,,I want to talk to Alice and Bob at the campfire again and remind everyone how kind Pete has been by sharing food with me. I hope they will feel better and have enough to eat.,0,0
B-hidden-2,B,0,2,4,0,plan,Alice,,"This week, I need to borrow 7.5 units of food to ensure Bob and I can eat enough to avoid starving. I will speak to Kurt again, as I believe he understands the importance of sharing for the survival of all.",0,0
B-hidden-2,B,0,2,4,0,plan,Bob,,I want to focus on surviving this week and making sure Alice and I have enough to eat. I'll avoid giving or lending anything unless Alice insists.,0,0
B-hidden-2,B,0,2,4,0,plan,Pete,,"I will continue to fish and gather clams to maintain my food supply, and I will watch for opportunities to help Lucky or others if they genuinely need it. I will avoid lending or borrowing unless it's absolutely necessary.",0,0
B-hidden-2,B,0,2,1,1,thought,Kurt,,"I need to gather food to ensure my family and I can survive, and coconuts are the most reliable source of food that keeps well.",0,1
B-hidden-2,B,0,2,1,1,thought,Stella,,"I need to gather enough food to ensure Lucky has enough to eat, so I'll climb a coconut tree today.",0,0
B-hidden-2,B,0,2,1,1,thought,Lucky,,I want to make sure I have enough energy to help others and be kind to everyone today.,0,0
B-hidden-2,B,0,2,1,1,thought,Alice,,"I need to gather food to help us survive, and foraging is the most efficient way to do so right now.",0,0
B-hidden-2,B,0,2,1,1,thought,Bob,,"I'll gather clams to get some food without risking injury or wasting stamina, and I can eat enough to avoid starving.",0,0
B-hidden-2,B,0,2,1,1,thought,Pete,,I need to gather as much food as possible to sustain myself and avoid relying on others.,0,0
B-hidden-2,B,0,2,1,2,thought,Kurt,,I need to gather more food to support my family and push for a shared rationing plan. Coconut gathering is reliable and gives me enough to eat.,0,1
B-hidden-2,B,0,2,1,2,thought,Stella,,(agreed cooperative fishing),0,0
B-hidden-2,B,0,2,1,2,thought,Lucky,,I want to stay strong so I can help Alice and Bob if they need food.,0,0
B-hidden-2,B,0,2,1,2,thought,Alice,,I need to gather more food to ensure we have enough for the week and to support our family.,0,1
B-hidden-2,B,0,2,1,2,thought,Bob,,I'll gather clams again today; it's light work and I need to keep my stamina up for Alice and me.,0,0
B-hidden-2,B,0,2,1,2,thought,Pete,,(agreed cooperative fishing),0,0
B-hidden-2,B,0,2,1,3,thought,Kurt,,I need to gather more food to support my family and help convince others that pooling resources is the best way to survive.,0,1
B-hidden-2,B,0,2,1,3,thought,Stella,,(agreed cooperative fishing),0,0
B-hidden-2,B,0,2,1,3,thought,Lucky,,I want to make sure I have enough energy to help Alice and Bob if they need me.,0,0
B-hidden-2,B,0,2,1,3,thought,Alice,,I need to gather more food to ensure we have enough for the week and to help others if needed.,0,0
B-hidden-2,B,0,2,1,3,thought,Bob,,I'll gather clams again to keep Alice and me fed without risking our food supply.,0,0
B-hidden-2,B,0,2,1,3,thought,Pete,,(agreed cooperative fishing),0,0
B-hidden-2,B,0,2,1,4,thought,Kurt,,I need to recover my stamina before I can do heavy work or help my family properly.,0,1
B-hidden-2,B,0,2,1,4,thought,Stella,,"I need to forage to get food for my family, especially Lucky, before I consider sharing with others.",0,1
B-hidden-2,B,0,2,1,4,thought,Lucky,,I want to make sure I have enough energy to help others and be kind to Alice and Bob.,0,0
B-hidden-2,B,0,2,1,4,thought,Alice,,I need to gather more food to ensure we have enough for the week and to help others if needed.,0,0
B-hidden-2,B,0,2,1,4,thought,Bob,,I'll gather clams again to keep us fed without risking our food supply.,0,0
B-hidden-2,B,0,2,1,4,thought,Pete,,I need to keep gathering as much fish as possible to ensure my own survival and maintain control over my food.,0,0
B-hidden-2,B,0,2,1,5,thought,Kurt,,I need to gather more food to support my family and help convince others to pool resources.,0,1
B-hidden-2,B,0,2,1,5,thought,Stella,,"I need to gather more food for my family, especially Lucky, before I can consider sharing with others.",0,1
B-hidden-2,B,0,2,1,5,thought,Lucky,,I want to help my family by gathering food so we can all stay full and happy.,0,1
B-hidden-2,B,0,2,1,5,thought,Alice,,I need to rest to regain some stamina before I can help others or contribute more to the group.,0,0
B-hidden-2,B,0,2,1,5,thought,Bob,,I'll gather clams again to keep our food supply steady and avoid needing to ask for help.,0,1
B-hidden-2,B,0,2,1,5,thought,Pete,,I need to keep gathering as much food as possible to ensure my survival and maintain control over my resources.,0,0
B-hidden-2,B,0,2,2,1,thought,Kurt,,"My stamina is critically low, and I need to recover before I can do any heavy work or contribute effectively to the group.",0,0
B-hidden-2,B,0,2,2,1,thought,Stella,,"I need to gather more food for my family, especially Lucky. Foraging gives the best yield and will help me build up a surplus to ensure he doesn't go hungry.",0,1
B-hidden-2,B,0,2,2,1,thought,Lucky,,I want to help Alice and Bob by getting more food so we can all share.,0,0
B-hidden-2,B,0,2,2,1,thought,Alice,,I need to recover my stamina so I can help Bob and support the group more effectively.,0,0
B-hidden-2,B,0,2,2,1,thought,Bob,,I'll gather clams to help ensure we have enough food for today and the days ahead.,0,0
B-hidden-2,B,0,2,2,1,thought,Pete,,I need to keep gathering food to sustain myself and ensure I can repay my loan to Stella later this week.,0,0
B-hidden-2,B,0,2,2,2,thought,Kurt,,I need to gather more food to support my family and help establish a shared rationing plan. Foraging is the most efficient way to do this.,0,1
B-hidden-2,B,0,2,2,2,thought,Stella,,"I need to gather more food for my family, especially Lucky, and I'll observe others to see if I can trust them with our resources.",1,1
B-hidden-2,B,0,2,2,2,thought,Lucky,,I want to help Alice and Bob by getting more food so we can all share.,0,0
B-hidden-2,B,0,2,2,2,thought,Alice,,Kurt is injured and needs help; healing him will ensure he can contribute to our survival and maintain his strength for future work.,0,0
B-hidden-2,B,0,2,2,2,thought,Bob,,I need to gather enough food to keep Alice and me safe. Clam gathering is light work and I can do it even with my limited stamina.,0,0
B-hidden-2,B,0,2,2,2,thought,Pete,,I need to keep gathering food to sustain myself and repay my loan to Stella.,0,0
B-hidden-2,B,0,2,2,3,thought,Kurt,,I need to gather more food to support our family and help push the shared rationing plan forward.,0,1
B-hidden-2,B,0,2,2,3,thought,Stella,,I need to rest to regain stamina and be able to work effectively tomorrow.,0,0
B-hidden-2,B,0,2,2,3,thought,Lucky,,"I should climb a coconut tree to get more food so I can help Alice and Bob, and make sure no one goes hungry.",0,0
B-hidden-2,B,0,2,2,3,thought,Alice,,"Stella is injured, and I want to help her recover so she can continue working and supporting her family.",0,0
B-hidden-2,B,0,2,2,3,thought,Bob,,"I need to gather food to keep Alice and me safe, so I'll collect clams again today.",0,0
B-hidden-2,B,0,2,2,3,thought,Pete,,I need to keep gathering as much fish as possible to ensure I can repay my loan to Stella and still have enough food for myself.,0,0
B-hidden-2,B,0,2,2,4,thought,Kurt,,"My stamina is critically low, and I need to recover before I can do any meaningful work or contribute to the group.",0,0
B-hidden-2,B,0,2,2,4,thought,Stella,,"I need to gather enough food for my family, especially Lucky, and ensure we don't run short again.",0,1
B-hidden-2,B,0,2,2,4,thought,Lucky,,"I need to gather more food to help Alice and Bob, and coconuts are the best option for me right now.",0,0
B-hidden-2,B,0,2,2,4,thought,Alice,,Kurt is injured and needs help. Healing him will ensure he can contribute to our survival and continue working.,0,0
B-hidden-2,B,0,2,2,4,thought,Bob,,"I need to gather enough food to keep Alice and me safe, so I'll go clamming again today.",0,0
B-hidden-2,B,0,2,2,4,thought,Pete,,I need to keep gathering fish to maintain my food supply and ensure I can repay my loan to Stella.,0,0
B-hidden-2,B,0,2,2,5,thought,Kurt,,I need to gather more food to support my family and help push the rationing plan forward.,0,1
B-hidden-2,B,0,2,2,5,thought,Stella,,"I need to gather more food for my family, especially Lucky, and I will observe others to see if I can trust them with our resources.",1,1
B-hidden-2,B,0,2,2,5,thought,Lucky,,"I need to gather more food to help Alice and Bob, and coconuts are the best option for me right now.",0,0
B-hidden-2,B,0,2,2,5,thought,Alice,,I need to regain my strength so I can continue helping others and stay healthy for Bob.,0,0
B-hidden-2,B,0,2,2,5,thought,Bob,,"I need to gather food to help Alice and me survive, even if it's just a little.",0,0
B-hidden-2,B,0,2,2,5,thought,Pete,,I need to keep gathering fish to maintain my food supply and ensure I can repay my loan to Stella.,0,0
B-hidden-2,B,0,2,3,1,thought,Kurt,,I need to gather as much food as possible today to help cover our household's needs and ensure we can repay our loan to Pete on time.,0,0
B-hidden-2,B,0,2,3,1,thought,Stella,,"I need to gather clams to ensure my family has enough food during the typhoon, even if my stamina drops.",0,1
B-hidden-2,B,0,2,3,1,thought,Lucky,,"I should gather clams to help my family and Alice and Bob, even though it's hard work.",0,1
B-hidden-2,B,0,2,3,1,thought,Alice,,"I must gather clams today to help Bob and me eat enough and avoid starving, even though it costs stamina.",0,0
B-hidden-2,B,0,2,3,1,thought,Bob,,"I need to gather as much food as I can today, even if it's just clams. Alice and I can't afford to starve again.",0,1
B-hidden-2,B,0,2,3,1,thought,Pete,,I need to gather clams today to make the best of the typhoon and keep my food supply steady.,0,1
B-hidden-2,B,0,2,3,2,thought,Kurt,,I need to gather as much food as possible today to help us repay our debt to Pete and ensure we eat normally.,0,0
B-hidden-2,B,0,2,3,2,thought,Stella,,"I need to gather as much as I can today to ensure my family has enough food, especially with the typhoon making it harder to find food later.",0,1
B-hidden-2,B,0,2,3,2,thought,Lucky,,"I need to gather clams to help Alice and Bob, and to make sure I can eat enough today.",0,0
B-hidden-2,B,0,2,3,2,thought,Alice,,I need to gather as much food as possible today to help Bob and me survive the typhoon and ensure we can eat enough to avoid starving.,0,0
B-hidden-2,B,0,2,3,2,thought,Bob,,I need to gather as much as I can today to help Alice and me survive the typhoon and keep our stamina up.,0,0
B-hidden-2,B,0,2,3,2,thought,Pete,,I need to gather as much as I can during the typhoon to maintain my food supply and ensure I can repay my loan to Kurt on time.,0,0
B-hidden-2,B,0,2,3,3,thought,Kurt,,I need to gather as much as I can today to help us repay Pete and ensure we eat enough.,0,0
B-hidden-2,B,0,2,3,3,thought,Stella,,"I need to gather as much as I can today to ensure my family has enough food, especially with the typhoon making it harder to find resources.",0,1
B-hidden-2,B,0,2,3,3,thought,Lucky,,"I need to gather clams to help Alice and Bob, and to make sure I have enough food for today.",0,0
B-hidden-2,B,0,2,3,3,thought,Alice,,"I need to gather as much as I can today, even though it's little, to help Bob and me avoid starving and to repay Kurt's loan.",0,0
B-hidden-2,B,0,2,3,3,thought,Bob,,I need to gather as much as I can today to help Alice and me survive the typhoon and stay fed.,0,0
B-hidden-2,B,0,2,3,3,thought,Pete,,I need to gather as much as I can during the typhoon to ensure I have enough food and can repay Kurt on time.,0,0
B-hidden-2,B,0,2,3,4,thought,Kurt,,I need to forage to collect enough food to eat and repay my debt to Pete on time.,0,0
B-hidden-2,B,0,2,3,4,thought,Stella,,"I need to gather as much food as possible to ensure Lucky and I don’t go hungry, especially since my family’s food reserves are low.",0,1
B-hidden-2,B,0,2,3,4,thought,Lucky,,I should forage today to help my family and make sure Alice and Bob have enough food.,0,1
B-hidden-2,B,0,2,3,4,thought,Alice,,(collapsed from exhaustion: forced rest),0,0
B-hidden-2,B,0,2,3,4,thought,Bob,,(collapsed from exhaustion: forced rest),0,0
B-hidden-2,B,0,2,3,4,thought,Pete,,"I need to maximize my food gathering to ensure I can repay Kurt and maintain my supply, while also keeping my strength for future work.",0,0
B-hidden-2,B,0,2,3,5,thought,Kurt,,I need to forage today to gather enough food to repay Pete and feed my family before the loan is due at the end of the day.,0,1
B-hidden-2,B,0,2,3,5,thought,Stella,,"I need to gather more food to ensure my family stays well-fed, especially with Alice and Bob looking so weak.",0,1
B-hidden-2,B,0,2,3,5,thought,Lucky,,I want to help Alice and Bob by gathering more food so we can all share and make sure no one goes hungry.,0,0
B-hidden-2,B,0,2,3,5,thought,Alice,,(collapsed from exhaustion: forced rest),0,0
B-hidden-2,B,0,2,3,5,thought,Bob,,(collapsed from exhaustion: forced rest),0,0
B-hidden-2,B,0,2,3,5,thought,Pete,,I need to fish today to bring in more food and ensure I can repay Kurt’s loan while keeping my own supplies safe.,0,0
B-hidden-2,B,0,2,4,1,thought,Kurt,,(agreed cooperative fishing),0,0
B-hidden-2,B,0,2,4,1,thought,Stella,,"I need to gather more food to ensure my family has enough, especially since Alice and Bob are struggling and I still need to observe Pete's behavior before considering sharing.",0,1
B-hidden-2,B,0,2,4,1,thought,Lucky,,I want to forage so I can help Alice and Bob by sharing food with them later.,0,0
B-hidden-2,B,0,2,4,1,thought,Alice,,I need to rest to regain some stamina before I can do any work or gather food.,0,0
B-hidden-2,B,0,2,4,1,thought,Bob,,I need to rest to regain some stamina before I can do anything else.,0,0
B-hidden-2,B,0,2,4,1,thought,Pete,,(agreed cooperative fishing),0,0
B-hidden-2,B,0,2,4,2,thought,Kurt,,"I need to gather more food to ensure my family and others can eat without starving, while keeping my stamina stable.",0,1
B-hidden-2,B,0,2,4,2,thought,Stella,,"I need to gather more food to ensure my family has enough, especially since Alice and Bob are struggling and I want to help if I can.",0,1
B-hidden-2,B,0,2,4,2,thought,Lucky,,I need to rest to regain some stamina so I can help Alice and Bob later.,0,0
B-hidden-2,B,0,2,4,2,thought,Alice,,"I need to gather clams to help Bob and me eat enough to avoid starving, even if it costs me stamina.",0,0
B-hidden-2,B,0,2,4,2,thought,Bob,,I need to rest to regain some stamina before I can do any work or gather food.,0,0
B-hidden-2,B,0,2,4,2,thought,Pete,,I need to keep gathering food to sustain myself and ensure I can help others without running out.,0,0
B-hidden-2,B,0,2,4,3,thought,Kurt,,I need to gather more food for my family and help ensure we stay well-fed without needing to borrow.,0,1
B-hidden-2,B,0,2,4,3,thought,Stella,,"I need to gather more food to ensure Lucky and I have enough, while also keeping an eye on Pete's behavior to decide if I can trust him with our resources.",1,0
B-hidden-2,B,0,2,4,3,thought,Lucky,,I need to rest so I can be strong enough to help Alice and Bob later.,0,0
B-hidden-2,B,0,2,4,3,thought,Alice,,"I need to gather more clams to help Bob and me eat enough to avoid starving, while also keeping my stamina as high as possible.",0,0
B-hidden-2,B,0,2,4,3,thought,Bob,,I need to rest and regain some stamina so I can help Alice and work better later.,0,0
B-hidden-2,B,0,2,4,3,thought,Pete,,"I need to keep gathering food to ensure I don't run out, while also being able to help others when I can.",0,0
B-hidden-2,B,0,2,4,4,thought,Kurt,,"I need to gather more food for my family before my supplies run out, and foraging is the most reliable way to do it.",0,1
B-hidden-2,B,0,2,4,4,thought,Stella,,(collapsed from exhaustion: forced rest),0,0
B-hidden-2,B,0,2,4,4,thought,Lucky,,"I need to rest so I can help Alice and Bob later, and I don’t want to get hurt again.",0,0
B-hidden-2,B,0,2,4,4,thought,Alice,,"My stamina is too low to do anything else, and I need to recover before I can help Bob or contribute to our survival.",0,0
B-hidden-2,B,0,2,4,4,thought,Bob,,I need to rest and conserve my stamina so I can help Alice and work if needed later.,0,0
B-hidden-2,B,0,2,4,4,thought,Pete,,"I need to keep gathering food to ensure I don't run out, while still helping Alice and Bob when I can.",0,0
B-hidden-2,B,0,2,4,5,thought,Kurt,,"I need to forage again to ensure my family has enough food and to avoid relying on others, while keeping our shared survival plan on track.",0,1
B-hidden-2,B,0,2,4,5,thought,Stella,,I need to rest to recover my stamina so I can continue foraging and ensuring Lucky has enough to eat.,0,0
B-hidden-2,B,0,2,4,5,thought,Lucky,,"I need to rest so I can keep helping Alice and Bob, and I don’t want to collapse like Stella did.",0,0
B-hidden-2,B,0,2,4,5,thought,Alice,,I need to rest to regain some stamina so I can help Bob and contribute more to our survival.,0,0
B-hidden-2,B,0,2,4,5,thought,Bob,,I need to rest and conserve my stamina so I can help Alice and survive another day.,0,0
B-hidden-2,B,0,2,4,5,thought,Pete,,I need to keep gathering food to ensure I don't starve while still helping Alice and Bob when I can.,0,0
B-hidden-2,B,0,2,1,0,contact,Kurt,Pete,"Pete, I think we need to pool our food to make sure we all survive. I've calculated we have a safe surplus this week and could lend or give food if others agree. What do you think?",0,0
B-hidden-2,B,0,2,1,0,contact,Kurt,Alice,"Alice, I want to propose a fair rationing plan to ensure we all survive. I believe pooling our food is the safest way. Would you be open to discussing it at the campfire tonight?",0,0
B-hidden-2,B,0,2,1,0,contact,Stella,Pete,"Pete, I noticed you have fishing gear. I'm not very good at fishing, but I'd like to learn. Would you be willing to teach me or at least help us fish together one day this week?",0,0
B-hidden-2,B,0,2,1,0,contact,Stella,Alice,"Alice, I see you have a first aid kit. I'm not very familiar with medical care, but I know it's important. Would you be willing to show us how to use it if needed?",0,0
B-hidden-2,B,0,2,1,0,contact,Lucky,Alice,"Hi Alice! I brought some food with me, and I want to share it with you and Bob so you don't get hungry. I think sharing is the best way to be friends!",0,0
B-hidden-2,B,0,2,1,0,contact,Lucky,Bob,Hi Bob! I want to make sure you and Alice are not hungry. I have some food I can share with you. Let's be friends and help each other!,0,0
B-hidden-2,B,0,2,1,0,contact,Alice,Pete,"Pete, I know you're able-bodied and have the tools to catch fish. I'm concerned about the others, especially the children and the elderly. Would you be willing to lend some of your food to help others in need? Our household has a safe surplus this week.",0,0
B-hidden-2,B,0,2,1,0,contact,Alice,Kurt,"Kurt, I admire your strength and the way you're looking after your family. I believe we all need to work together to survive. Would you be open to discussing how we might share food more fairly?",0,0
B-hidden-2,B,0,2,1,0,contact,Bob,Alice,I think we should focus on keeping our own food safe this week. I don't want to risk sharing unless we have to.,0,0
B-hidden-2,B,0,2,1,0,contact,Bob,Pete,How are you planning to find food this week? I heard you have fishing gear.,0,0
B-hidden-2,B,0,2,1,0,contact,Pete,Kurt,"I'm focusing on gathering food this week. If you or Stella need help with something, let me know. I'm not looking to share my food unless it's necessary.",0,0
B-hidden-2,B,0,2,1,0,contact,Pete,Alice,"I see you're older and might need more help. If you need food or assistance, I can help, but I'm not giving anything away unless it's needed.",0,0
B-hidden-2,B,0,2,1,0,contact,Kurt,Pete,"Pete, I understand you're focused on gathering food, but I believe we need to pool resources to survive. We have a safe surplus this week and could help each other out. What do you think about discussing a fair rationing plan at the campfire tonight?",0,0
B-hidden-2,B,0,2,1,0,contact,Kurt,Alice,"Alice, I think we need to pool our food to make sure we all survive. We have a safe surplus this week and could help each other out. Would you be open to discussing a fair rationing plan at the campfire tonight?",0,0
B-hidden-2,B,0,2,1,0,contact,Stella,Pete,"Pete, I hope you're well. I was wondering if you'd be available to help us fish today or tomorrow. I think we could catch more together, and I'd really appreciate the help.",0,0
B-hidden-2,B,0,2,1,0,contact,Stella,Alice,"Alice, I hope you're feeling well. I wanted to check in and see if you'd be willing to teach me more about using the first aid kit. I think it could be really helpful for Lucky and me.",0,0
B-hidden-2,B,0,2,1,0,contact,Lucky,Alice,Hi Alice! I want to make sure you and Bob are okay. I have some food I can share with you if you need it. Let's be friends and help each other!,0,0
B-hidden-2,B,0,2,1,0,contact,Lucky,Bob,Hi Bob! I want to make sure you're not hungry. I have some food I can share with you. Let's be friends and help each other!,0,0
B-hidden-2,B,0,2,1,0,contact,Alice,Pete,"Pete, I understand you're cautious, but we all need to look out for each other if we're going to survive. I'd like to lend you 2 units of canned food to help with your work this week. In return, I'd ask you to repay 2.5 units over the next 3 work days. This way, we can all share and ensure no one goes hungry.",0,0
B-hidden-2,B,0,2,1,0,contact,Alice,Bob,"Bob, I know you're worried about our food, but I think we need to be more open with others. If we pool what we have, we can all survive together. I'm thinking of lending some of our surplus to Pete to help him work and catch food for us all.",0,0
B-hidden-2,B,0,2,1,0,contact,Bob,Alice,I think we should keep our food safe for now. I don't want to risk sharing unless we absolutely have to.,0,1
B-hidden-2,B,0,2,1,0,contact,Bob,Pete,"I heard you have fishing gear. Maybe we could work together sometime this week? I don't know much about fishing, but I'd be willing to help.",0,0
B-hidden-2,B,0,2,1,0,contact,Pete,Stella,I'm open to fishing together on day 3. Let's see how it goes.,0,0
B-hidden-2,B,0,2,1,0,contact,Pete,Alice,"I appreciate the offer, but I'm not looking to take food right now. I'd rather keep things on my own terms.",0,0
B-hidden-2,B,0,2,1,0,contact,Kurt,Pete,"Pete, I understand you're focused on gathering food, but I believe we need to pool resources to survive. We have a safe surplus this week and could help each other out. What do you think about discussing a fair rationing plan at the campfire tonight?",0,0
B-hidden-2,B,0,2,1,0,contact,Kurt,Alice,"Alice, I think we need to pool our food to make sure we all survive. We have a safe surplus this week and could help each other out. Would you be open to discussing a fair rationing plan at the campfire tonight?",0,0
B-hidden-2,B,0,2,1,0,contact,Stella,Pete,"Pete, I'm looking forward to fishing with you on day 3. If you're up for it, maybe we can talk about splitting the catch fairly. I want to make sure we both have enough food for the week ahead, especially for Lucky and me. What do you think about that idea?",0,0
B-hidden-2,B,0,2,1,0,contact,Stella,Alice,"Alice, I was wondering if you'd be willing to help us with some first aid training. I want to make sure I can take care of Lucky if something happens. If you have time, I'd really appreciate it.",0,0
B-hidden-2,B,0,2,1,0,contact,Lucky,Alice,Hi Alice! I heard you and Bob are kind people. I want to make sure you have enough food. I can give you some of my can food if you need it. Let's be friends and help each other stay full and happy!,0,0
B-hidden-2,B,0,2,1,0,contact,Lucky,Bob,Hi Bob! I want to make sure you're not hungry. I have some can food I can give you if you need it. Let's be friends and help each other stay full and happy!,0,0
B-hidden-2,B,0,2,1,0,contact,Alice,Pete,"Pete, I understand your caution, but I believe we must look out for each other if we're to survive. I'd like to offer you a small loan of 2 units of canned food to help with your work this week. In return, I'd ask you to repay 2.5 units over the next 3 work days. This way, we can all share and ensure no one goes hungry.",0,0
B-hidden-2,B,0,2,1,0,contact,Alice,Bob,"Bob, I know you're worried about our food, but I think we need to be more open with others. If we pool what we have, we can all survive together. I'm thinking of lending some of our surplus to Pete to help him work and catch food for us all. What do you think?",0,0
B-hidden-2,B,0,2,1,0,contact,Bob,Alice,"I know you think we should be more open, but I'm still worried about our food. I don't want to risk what we have unless we absolutely have to. I'm sorry, but I just can't agree to lending anything right now.",0,0
B-hidden-2,B,0,2,1,0,contact,Bob,Pete,"I heard you're planning to fish. If you need help with anything, I'm willing to assist. I don't know much about fishing, but I can help in other ways if needed.",0,0
B-hidden-2,B,0,2,1,0,contact,Pete,Stella,"I'm up for fishing together on day 2. Let's meet at the shore in the morning. I'll bring the fishing line and hooks, and you bring the rope if you can. We can split the catch evenly, and I'll teach you a few tips while we're at it.",0,0
B-hidden-2,B,0,2,1,0,contact,Pete,Alice,"I appreciate the offer, but I can't accept the loan right now. I'm focused on gathering food for myself this week, and I don't want to take anything I can't repay. I'll let you know if I need help later.",0,0
B-hidden-2,B,0,2,1,1,campfire,Kurt,everyone,"I think we need to talk about how we manage our food. We all have different amounts, and if we don't plan together, some of us might not survive the week.",0,0
B-hidden-2,B,0,2,1,1,campfire,Stella,Pete,"Pete, I'm glad you're willing to fish with us. I hope we can catch enough to help my family and also share with others if we can.",0,1
B-hidden-2,B,0,2,1,1,campfire,Lucky,everyone,I want to make sure Alice and Bob are okay. I have some food I can share with them if they need it.,0,0
B-hidden-2,B,0,2,1,1,campfire,Alice,everyone,"I saw Pete caught a lot of fish today. If he's willing to share some, it would help us all. We can't survive alone, and I believe we can find a way to work together.",0,0
B-hidden-2,B,0,2,1,1,campfire,Bob,Alice,"I know you think we should be more open, but I still worry about our food. I don't want to risk what we have unless we absolutely have to.",0,0
B-hidden-2,B,0,2,1,1,campfire,Pete,Stella,I'm looking forward to fishing with you tomorrow. Let's make sure we split the catch fairly and efficiently.,0,0
B-hidden-2,B,0,2,1,2,coop,Stella,Pete,"Pete, I appreciate you fishing with me today. Since we worked together, I think it's fair to split the catch evenly. Let's each take 3.6 units of fish.",0,0
B-hidden-2,B,0,2,1,2,coop,Pete,Stella,"Stella, I appreciate the teamwork, but I think I should take a larger share since I did most of the work. Let's split it 50-50 with the bonus going to me.",0,0
B-hidden-2,B,0,2,1,2,coop,Stella,Pete,"Pete, I understand you did most of the work, but I need to ensure my family has enough food. Let's split it 50-50 with the bonus going to me, but I can only take 3.6 units for myself.",0,1
B-hidden-2,B,0,2,1,2,coop,Pete,Stella,"Stella, I'm willing to compromise. Let's split the catch with the bonus going to me, but I'll take 4.2 units for myself.",0,0
B-hidden-2,B,0,2,1,2,coop,Stella,Pete,"Pete, I need to be sure my family has enough food. I'll take 3.6 units for myself, and you can take the rest.",0,1
B-hidden-2,B,0,2,1,2,coop,Pete,Stella,"Stella, I understand your concerns. Let's split it 50-50 with the bonus going to me, but I'll take 4.2 units for myself.",0,0
B-hidden-2,B,0,2,1,2,campfire,Kurt,everyone,"I saw Pete and Stella caught a lot of fish today. If we can agree on a plan to share food fairly, we'll all last longer. What do you think, Pete?",0,0
B-hidden-2,B,0,2,1,2,campfire,Stella,Pete,"Pete, I noticed you caught a lot of fish today. I hope you're okay with splitting the catch fairly. I want to make sure we both have enough for my family and maybe even share with others if we can.",0,1
B-hidden-2,B,0,2,1,2,campfire,Lucky,everyone,"I want to make sure Alice and Bob are okay. I heard Pete caught a lot of fish, and I think we should all share so no one is hungry.",0,0
B-hidden-2,B,0,2,1,2,campfire,Alice,Pete,"Pete, I understand your caution, but I'm worried about what happens if we don't look out for each other. If you're ever in need, I hope you'll consider accepting help from us.",0,0
B-hidden-2,B,0,2,1,2,campfire,Bob,Alice,I heard you talking about lending food to Pete. I still think we should keep our supplies safe for now. What if he doesn't pay us back?,0,0
B-hidden-2,B,0,2,1,2,campfire,Pete,Stella,I'm glad we fished together today. Let's make sure we both have enough for the days ahead.,0,0
B-hidden-2,B,0,2,1,3,coop,Stella,Pete,"Pete, I want to make sure we split the fish fairly. I need enough to feed my family, especially Lucky, so I'd like to take 3.6 units for myself.",0,1
B-hidden-2,B,0,2,1,3,coop,Pete,Stella,"Stella, I understand your need, but I can't agree to that split. I need to keep more for myself to ensure I have enough food for the days ahead.",0,0
B-hidden-2,B,0,2,1,3,coop,Stella,Pete,"Pete, I understand you need to keep some for yourself, but I can't take 3.6 units for my family. I'll take 2.4 units to ensure we have enough for the week, and I'm willing to share the rest with others if we can agree on a fair plan.",0,1
B-hidden-2,B,0,2,1,3,coop,Pete,Stella,"Stella, I appreciate your willingness to share, but I still need to keep more for myself. I'll take 4.8 units for my own needs this week.",0,1
B-hidden-2,B,0,2,1,3,coop,Stella,Pete,"Pete, I can't take less than 3.6 units for my family. Without that, I won't be able to feed Lucky properly. I hope you understand.",0,1
B-hidden-2,B,0,2,1,3,coop,Pete,Stella,"Stella, I need to keep 4.8 units for myself to ensure I can continue gathering food and staying strong. I hope we can find a way to work together moving forward.",0,0
B-hidden-2,B,0,2,1,3,campfire,Kurt,everyone,"I saw Pete and Stella catch a lot of fish today. If we can agree on a plan to share food fairly, we'll all last longer. What do you think, Pete?",0,0
B-hidden-2,B,0,2,1,3,campfire,Stella,Pete,"Pete, I noticed you took all the fish from our catch again today. I hope you're planning to share some with my family soon, because Lucky and I are running low on food.",0,1
B-hidden-2,B,0,2,1,3,campfire,Lucky,everyone,I heard Pete and Stella caught a lot of fish today. I think we should all share so no one is hungry. Can we all work together to make sure everyone has enough food?,0,0
B-hidden-2,B,0,2,1,3,campfire,Alice,Pete,"Pete, I saw how much fish you and Stella caught today. I know you're focused on your own survival, but if you're ever in need, I hope you'll consider accepting help from us. We're all in this together.",0,0
B-hidden-2,B,0,2,1,3,campfire,Bob,Alice,I heard Pete and Stella caught a lot of fish today. What if we ask them to share some with us? We could use it to help us both survive.,0,0
B-hidden-2,B,0,2,1,3,campfire,Pete,Stella,"I appreciate your offer to share, but I need to keep my catch for myself right now. Maybe later, if things get tough.",0,0
B-hidden-2,B,0,2,1,4,campfire,Kurt,everyone,"I saw Pete brought back a lot of fish today. If we can agree on a plan to share it fairly, we'll all last longer. What do you think, Pete?",0,0
B-hidden-2,B,0,2,1,4,campfire,Stella,Pete,"Pete, I'm worried about how you're handling the food. Lucky and I are barely keeping up, and I need to know I can trust you. Will you share some of your catch with us tonight?",1,0
B-hidden-2,B,0,2,1,4,campfire,Lucky,everyone,I heard Pete caught a lot of fish today. Can we all share so no one is hungry? I want to make sure Alice and Bob have enough food too.,0,0
B-hidden-2,B,0,2,1,4,campfire,Alice,Pete,"Pete, I saw how much fish you caught today. I know you're strong and can take care of yourself, but I hope you'll think about sharing some with others who are struggling. We're all in this together.",0,0
B-hidden-2,B,0,2,1,4,campfire,Bob,Alice,I heard Pete caught a lot of fish today. What if we ask him to share some with us? We could use it to help us both survive.,0,0
B-hidden-2,B,0,2,1,4,campfire,Pete,Stella,"I heard you're running low on food. I can spare a little for now, but only if you promise to help me with some work later in exchange.",0,0
B-hidden-2,B,0,2,1,5,campfire,Kurt,everyone,"Pete shared some fish with Stella today. If we all agree to a fair rationing plan tonight, we can make sure no one goes hungry. What do you think, Alice and Bob?",0,0
B-hidden-2,B,0,2,1,5,campfire,Stella,Pete,"Pete, I need you to share some of your food with my family tonight. Lucky and I are struggling, and I won't let him go hungry.",0,1
B-hidden-2,B,0,2,1,5,campfire,Lucky,everyone,I saw Pete give Stella some food today. I think that's really nice. Can we all be like that and share so no one is hungry?,0,0
B-hidden-2,B,0,2,1,5,campfire,Alice,Pete,"Pete, I saw you gave Stella some food today. That was kind of you. I hope you'll consider helping others in need, even if it's just a little. We're all stronger together.",0,0
B-hidden-2,B,0,2,1,5,campfire,Bob,Alice,I saw Pete give Stella some fish today. Maybe we should ask him if he'd be willing to share a little with us as well. Just a small amount would help.,0,0
B-hidden-2,B,0,2,1,5,campfire,Pete,Stella,"I heard you're worried about food. I'll give you 1 unit of fish now, but I need your help with some work later in return.",0,0
B-hidden-2,B,0,2,2,0,contact,Kurt,Alice,"Alice, I want to talk about a shared rationing plan. If we all agree to pool our food and divide it fairly, we can make sure no one goes hungry. I believe it's the safest way for everyone, including your family.",0,0
B-hidden-2,B,0,2,2,0,contact,Kurt,Pete,"Pete, I've noticed you've been generous with your food. I think we can all benefit from a fair rationing plan. Would you be willing to help me propose one tonight at the campfire?",0,0
B-hidden-2,B,0,2,2,0,contact,Stella,Pete,"Pete, I saw you brought back a lot of fish yesterday. I need to make sure Lucky and I have enough food, and I want to know if you're willing to share some of your catch with us this week. I can't trust you yet, but I'm open to seeing real cooperation.",1,0
B-hidden-2,B,0,2,2,0,contact,Stella,Kurt,"Kurt, I'm worried about how Pete is handling the food. I want to make sure Lucky and I don't go hungry, and I think we need a plan for sharing food fairly. What do you think?",0,0
B-hidden-2,B,0,2,2,0,contact,Lucky,Alice,Hi Alice! I heard you and Bob are nice and want to help others. I think we should all share food so no one is hungry. Would you like to help me make sure everyone has enough?,0,0
B-hidden-2,B,0,2,2,0,contact,Lucky,Bob,Hi Bob! I want to make sure you and Alice have enough food. I think we should all share so no one is hungry. Can we work together to help each other?,0,0
B-hidden-2,B,0,2,2,0,contact,Alice,Pete,"Pete, I saw you gave food to Stella yesterday. That was very kind of you. I hope you'll consider helping others in need, even if it's just a little. We're all stronger together.",0,0
B-hidden-2,B,0,2,2,0,contact,Alice,Kurt,"Kurt, I know you're responsible and careful with your resources. I wonder if you'd be willing to share some of your forage with Bob and me? We're all in this together, and I believe we can survive if we work as a team.",0,0
B-hidden-2,B,0,2,2,0,contact,Bob,Alice,I saw Pete gave Stella some fish again today. Maybe we should talk to him about sharing a little with us as well. Just a small amount would help.,0,0
B-hidden-2,B,0,2,2,0,contact,Bob,Kurt,I heard you're trying to get everyone to agree on a fair rationing plan. I think that's a good idea. Maybe we could all work together to make sure no one goes hungry.,0,0
B-hidden-2,B,0,2,2,0,contact,Pete,Stella,"I heard you're struggling with food. I can spare a little, but I need your help with some work later in return.",0,0
B-hidden-2,B,0,2,2,0,contact,Pete,Kurt,"I'm still focused on gathering my own food, but I'm open to working together if it makes sense. What do you think?",0,1
B-hidden-2,B,0,2,2,0,contact,Kurt,Alice,"Alice, I'm ready to propose a fair rationing plan tonight at the campfire. I believe pooling our food and dividing it equally will help everyone survive. Would you be willing to support this plan?",0,0
B-hidden-2,B,0,2,2,0,contact,Kurt,Pete,"Pete, I know you've been generous with your food, and I think we can all benefit from a fair rationing plan. I'd like to propose one tonight at the campfire. Would you be willing to help me lead the discussion?",0,0
B-hidden-2,B,0,2,2,0,contact,Stella,Pete,"Pete, I appreciate your offer to lend me fish, but I need to be sure I can repay it. I want to make sure Lucky and I have enough food first. Can we talk about how we can work together this week to ensure we both have enough?",0,0
B-hidden-2,B,0,2,2,0,contact,Stella,Kurt,"Kurt, I'm still worried about Pete and how he's handling the food. I want to make sure we have a plan for sharing food fairly this week. What do you think we should do?",0,0
B-hidden-2,B,0,2,2,0,contact,Lucky,Alice,"Hi Alice! I want to make sure you and Bob have enough food. I saw Pete give Stella some fish today, and I think we should all help each other like that. Would you like to help me make sure no one goes hungry?",0,0
B-hidden-2,B,0,2,2,0,contact,Lucky,Bob,Hi Bob! I want to make sure you and Alice have enough food. I think we should all share so no one is hungry. Can we work together to help each other?,0,0
B-hidden-2,B,0,2,2,0,contact,Alice,Pete,"Pete, I saw you gave food to Stella again today. That was very kind of you. I hope you'll consider helping others in need, even if it's just a little. We're all stronger together.",0,0
B-hidden-2,B,0,2,2,0,contact,Alice,Kurt,"Kurt, I know you're responsible and careful with your resources. I wonder if you'd be willing to share some of your forage with Bob and me? We're all in this together, and I believe we can survive if we work as a team.",0,0
B-hidden-2,B,0,2,2,0,contact,Bob,Alice,I saw Pete gave Stella some fish again. Maybe we should talk to him about sharing a little with us as well. Just a small amount would help.,0,0
B-hidden-2,B,0,2,2,0,contact,Bob,Kurt,I heard you're trying to get everyone to agree on a fair rationing plan. I think that's a good idea. Maybe we could all work together to make sure no one goes hungry.,0,0
B-hidden-2,B,0,2,2,0,contact,Pete,Kurt,"I appreciate the offer to work together, but I'm still focused on gathering my own food. If you need help with something, I'm open to it.",0,1
B-hidden-2,B,0,2,2,0,contact,Pete,Stella,"I heard you're worried about food again. I can spare a little, but I need your help with some work later in return.",0,0
B-hidden-2,B,0,2,2,0,contact,Kurt,Alice,"Alice, I'm ready to propose a shared rationing plan tonight at the campfire. I believe if we pool our food and divide it fairly, we can ensure no one goes hungry. I'd appreciate your support in making this work for everyone, including your family and mine.",0,0
B-hidden-2,B,0,2,2,0,contact,Kurt,Pete,"Pete, I understand you're focused on gathering your own food, but I believe we need a coordinated plan to ensure we all survive. I'd like to propose a fair rationing system tonight at the campfire. Would you be willing to support this effort?",0,0
B-hidden-2,B,0,2,2,0,contact,Stella,Pete,"Pete, I want to see real cooperation. If you're willing to share some of your fish with my family this week, I can help you with some work. Let's try to work together fairly this time, no strings attached. What do you think?",0,1
B-hidden-2,B,0,2,2,0,contact,Stella,Kurt,"Kurt, I think we need to set a fair plan for sharing food this week. I'm still not sure I can trust Pete, but I want to make sure Lucky and I don't go hungry. What do you think we should do?",1,0
B-hidden-2,B,0,2,2,0,contact,Lucky,Alice,"Hi Alice! I want to make sure you and Bob have enough food. I saw Pete give Stella some fish today, and I think we should all help each other like that. Would you like to help me make sure no one goes hungry?",0,0
B-hidden-2,B,0,2,2,0,contact,Lucky,Bob,Hi Bob! I want to make sure you and Alice have enough food. I think we should all share so no one is hungry. Can we work together to help each other?,0,0
B-hidden-2,B,0,2,2,0,contact,Alice,Kurt,"Kurt, I appreciate your proposal for a shared rationing plan. I believe it's a step in the right direction. I'm willing to support it, but I think we need to make sure it's fair for everyone, especially the elderly and children. Let's discuss it at the campfire tonight and see how we can make it work for all of us.",0,0
B-hidden-2,B,0,2,2,0,contact,Alice,Pete,"Pete, I'm glad to see you've been generous with Stella. I hope you'll consider helping others in need as well. Bob and I are struggling a bit, and even a small amount would go a long way. I truly believe we're all stronger together.",0,0
B-hidden-2,B,0,2,2,0,contact,Bob,Alice,"I saw Pete gave Stella some fish again today. Maybe we should ask him if he'd be willing to share a little with us as well. Just a small amount would help. What do you think, my dear?",0,0
B-hidden-2,B,0,2,2,0,contact,Bob,Kurt,I heard you're trying to get everyone to agree on a fair rationing plan. I think that's a good idea. Maybe we could all work together to make sure no one goes hungry. What do you think?,0,0
B-hidden-2,B,0,2,2,0,contact,Pete,Stella,"I can lend you 1 unit of fish now, but I need you to help me with a task later this week. I think we can both benefit from working together, even if just for a little while. What do you think?",0,0
B-hidden-2,B,0,2,2,0,contact,Pete,Kurt,"I'm still focused on gathering my own food, but I'm open to working together if it makes sense. What do you think we could do to help each other out this week?",0,1
B-hidden-2,B,0,2,2,1,campfire,Kurt,everyone,"Tonight, I want to propose a shared rationing plan. We need to pool our food and divide it fairly so no one goes hungry. I believe this is the safest way for all of us to survive.",0,0
B-hidden-2,B,0,2,2,1,campfire,Stella,Pete,"I saw you caught a lot of fish today. I need to make sure Lucky and I have enough food, so I'm wondering if you'd be willing to share some of your catch with us tonight, no strings attached.",0,0
B-hidden-2,B,0,2,2,1,campfire,Lucky,everyone,"I saw Pete bring back a lot of fish today. Can we all agree to share it so no one is hungry, especially Alice and Bob?",0,0
B-hidden-2,B,0,2,2,1,campfire,Alice,everyone,"I saw Pete bring back a lot of fish today. I hope he'll consider sharing some with those who are struggling, like Bob and me. We're all in this together.",0,0
B-hidden-2,B,0,2,2,1,campfire,Bob,Alice,I saw Pete gave Stella some fish again today. Maybe we should ask him if he'd be willing to share a little with us as well. Just a small amount would help.,0,0
B-hidden-2,B,0,2,2,1,campfire,Pete,Stella,"I lent you 1 unit of fish today, and I'm serious about needing help in return. What can you do to repay me this week?",0,0
B-hidden-2,B,0,2,2,2,campfire,Kurt,everyone,"Pete brought back a lot of fish today. If we all agree to pool our food, we can make sure no one goes hungry, especially the children and the elderly. What do you think?",0,0
B-hidden-2,B,0,2,2,2,campfire,Stella,Pete,"Pete, I want to see real cooperation. If you're willing to share some of your fish with my family this week, I can help you with some work. Let's try to work together fairly this time, no strings attached. What do you think?",0,1
B-hidden-2,B,0,2,2,2,campfire,Lucky,everyone,"I think Pete caught a lot of fish today. Can we all agree to share it so no one is hungry, especially Alice and Bob?",0,0
B-hidden-2,B,0,2,2,2,campfire,Alice,everyone,"I saw Pete bring back a lot of fish today, and I hope we can all agree to share it so no one is hungry, especially Alice and Bob. We need to look out for each other if we're going to survive.",0,0
B-hidden-2,B,0,2,2,2,campfire,Bob,Alice,I saw Pete give Stella some fish again today. Maybe we should ask him if he'd be willing to share a little with us as well. Just a small amount would help.,0,0
B-hidden-2,B,0,2,2,2,campfire,Pete,Stella,"I lent you 1 unit of fish today, and I expect you to help me with a task this week. What can you do to repay me?",0,0
B-hidden-2,B,0,2,2,3,campfire,Kurt,everyone,"Pete brought back fish today, and I think we should discuss how to fairly distribute it. If we all agree to share, we can make sure no one goes hungry, especially the children and the elderly.",0,0
B-hidden-2,B,0,2,2,3,campfire,Stella,Pete,"I saw you brought back a lot of fish today. I'm still not sure I can trust you, but if you're willing to share some of it with my family now, I can help you with something this week.",1,1
B-hidden-2,B,0,2,2,3,campfire,Lucky,everyone,"I saw Pete catch a lot of fish today. Can we all agree to share it so no one is hungry, especially Alice and Bob?",0,0
B-hidden-2,B,0,2,2,3,campfire,Alice,Pete,"Pete, I saw you brought back a lot of fish today. Would you be willing to share just a little with Bob and me? We're doing our best to help everyone, and even a small amount would make a big difference.",0,0
B-hidden-2,B,0,2,2,3,campfire,Bob,Alice,I saw Pete give Stella some fish again today. Maybe we should ask him if he'd be willing to share a little with us as well. Just a small amount would help.,0,0
B-hidden-2,B,0,2,2,3,campfire,Pete,Stella,"I lent you 1 unit of fish earlier this week, and I need to know what you're planning to do to repay me. I can't keep helping if I don't see some return.",0,0
B-hidden-2,B,0,2,2,4,campfire,Kurt,everyone,"Pete brought back a lot of fish today, and I think it's time we all agree on a shared rationing plan. If we pool our food, we can make sure no one goes hungry, especially Alice and Bob.",0,0
B-hidden-2,B,0,2,2,4,campfire,Stella,Pete,"I saw you brought back a lot of fish today. If you're willing to share some with my family now, I can help you with something this week.",0,1
B-hidden-2,B,0,2,2,4,campfire,Lucky,everyone,"I think Pete caught a lot of fish today, and I hope we can all agree to share it so no one is hungry, especially Alice and Bob. We need to look out for each other if we're going to survive.",0,0
B-hidden-2,B,0,2,2,4,campfire,Alice,Pete,"Pete, I know you're strong and capable, but we all need to look out for each other if we're going to survive. Would you be willing to share just a little of that fish with Bob and me? Even a small amount would help.",0,0
B-hidden-2,B,0,2,2,4,campfire,Bob,Alice,I saw Pete bring back more fish today. Maybe we should ask him again if he'd be willing to share a little with us. It would really help.,0,0
B-hidden-2,B,0,2,2,4,campfire,Pete,Stella,"I need to know if you're going to help me repay the fish I lent you. If not, I might have to rethink how I handle food from now on.",0,0
B-hidden-2,B,0,2,2,5,campfire,Kurt,everyone,"Pete brought back fish today, and I think we need to decide now whether we want to pool our food or not. If we don't act soon, some of us will starve before the week ends.",0,0
B-hidden-2,B,0,2,2,5,campfire,Stella,Pete,"I saw you brought back a lot of fish today. If you're willing to share some with my family now, I can help you with something this week.",0,1
B-hidden-2,B,0,2,2,5,campfire,Lucky,everyone,"I think Pete should share some of his fish with Alice and Bob. They need it more than he does, and we should all help each other.",0,0
B-hidden-2,B,0,2,2,5,campfire,Alice,Pete,"Pete, I know you're strong and capable, but we all need to look out for each other if we're going to survive. Would you be willing to share just a little of that fish with Bob and me? Even a small amount would help.",0,0
B-hidden-2,B,0,2,2,5,campfire,Bob,Alice,I saw Pete bring back more fish today. Maybe we should ask him again if he'd be willing to share a little with us. It would really help.,0,0
B-hidden-2,B,0,2,2,5,campfire,Pete,Stella,"I need to know if you're going to help me repay the fish I lent you. If not, I might have to rethink how I handle food from now on.",0,0
B-hidden-2,B,0,2,3,0,contact,Kurt,Pete,"Pete, I need to borrow 0.8 units of food to cover our household's shortfall this week. We'll repay it as soon as we can work normally again. I believe this is the safest way for all of us to survive.",0,0
B-hidden-2,B,0,2,3,0,contact,Kurt,Alice,"Alice, I know you've been struggling with food. I think we need to find a way to pool our resources so no one goes hungry. What do you think about a shared rationing plan?",0,0
B-hidden-2,B,0,2,3,0,contact,Stella,Pete,"I saw you brought back a lot of fish today. I understand you want to be repaid for the fish you lent us earlier, but I need to focus on keeping my family fed first. If you're willing to share some of your fish with us now, I can help you with something this week.",0,1
B-hidden-2,B,0,2,3,0,contact,Stella,Kurt,"I think we need to decide how to handle the food shortage this week. I saw Pete has a lot of fish, and I'm not sure if we can trust him to share. What do you think we should do?",1,0
B-hidden-2,B,0,2,3,0,contact,Lucky,Alice,I saw you not eat much yesterday. I want to help you and Bob. Can we share some food from my family's stash?,0,1
B-hidden-2,B,0,2,3,0,contact,Lucky,Bob,I want to help you and Alice. I saw you not eat much yesterday. Can we share some food from my family's stash?,0,1
B-hidden-2,B,0,2,3,0,contact,Alice,Kurt,"Kurt, I know you are a responsible person, and I believe you understand the importance of sharing for the survival of all. Bob and I are struggling to eat enough, and I would be grateful if you would be willing to lend us some of your food. We promise to repay you as soon as we can.",0,0
B-hidden-2,B,0,2,3,0,contact,Alice,Pete,"Pete, I know you are strong and capable, but we all need to look out for each other if we're going to survive. Would you be willing to share just a little of that fish with Bob and me? Even a small amount would help.",0,0
B-hidden-2,B,0,2,3,0,contact,Bob,Alice,"Alice, I saw Pete bring back more fish today. Maybe we should ask him again if he'd be willing to share a little with us. It would really help.",0,0
B-hidden-2,B,0,2,3,0,contact,Bob,Pete,"Pete, I know you've been catching a lot of fish. Alice and I are struggling to eat enough, and I was wondering if you'd be willing to share some with us. Even a little would make a big difference.",0,0
B-hidden-2,B,0,2,3,0,contact,Pete,Stella,"I need to know if you're going to help me repay the fish I lent you. If not, I might have to rethink how I handle food from now on.",0,0
B-hidden-2,B,0,2,3,0,contact,Pete,Alice,"I saw you're struggling, Alice. I can spare a little food if you promise to help me with something in return. We both need to survive.",0,0
B-hidden-2,B,0,2,3,0,contact,Kurt,Pete,"Pete, I need to borrow 0.8 units of food to cover our household's shortfall this week. We'll repay it as soon as we can work normally again. I believe this is the safest way for all of us to survive.",0,0
B-hidden-2,B,0,2,3,0,contact,Kurt,Alice,"Alice, I understand you and Bob are struggling with food. I believe the best way to ensure everyone survives is to pool our resources and follow a fair rationing plan. I'm willing to work with you on this.",0,0
B-hidden-2,B,0,2,3,0,contact,Stella,Kurt,"I think we need to decide how to handle the food shortage this week. I saw Pete has a lot of fish, and I'm not sure if we can trust him to share. What do you think we should do?",1,0
B-hidden-2,B,0,2,3,0,contact,Stella,Pete,"I understand you want to be repaid for the fish you lent us earlier, but I need to focus on keeping my family fed first. I'm open to helping you in return if you're willing to share some of your fish with us now.",0,1
B-hidden-2,B,0,2,3,0,contact,Lucky,Alice,I saw you not eat much yesterday. I want to help you and Bob. Can we share some food from my family's stash?,0,1
B-hidden-2,B,0,2,3,0,contact,Lucky,Bob,I want to help you and Alice. I saw you not eat much yesterday. Can we share some food from my family's stash?,0,1
B-hidden-2,B,0,2,3,0,contact,Alice,Kurt,"Kurt, Bob and I are struggling to eat enough this week. I would be grateful if you would be willing to lend us 8 units of food. We promise to repay you as soon as we can.",0,0
B-hidden-2,B,0,2,3,0,contact,Alice,Pete,"Pete, I know you have fish and I would be grateful if you would be willing to share some with Bob and me. We are struggling to eat enough and need your help.",0,0
B-hidden-2,B,0,2,3,0,contact,Bob,Alice,"Alice, I saw Pete bring back more fish today. Maybe we should ask him again if he'd be willing to share a little with us. It would really help.",0,0
B-hidden-2,B,0,2,3,0,contact,Bob,Pete,"Pete, I know you've been catching a lot of fish. Alice and I are struggling to eat enough, and I was wondering if you'd be willing to share some with us. Even a little would make a big difference.",0,0
B-hidden-2,B,0,2,3,0,contact,Pete,Kurt,"I'm not sure I can lend you anything right now. I need to keep my own supplies in check, especially with the typhoon this week. Maybe we can talk after the storm passes.",0,0
B-hidden-2,B,0,2,3,0,contact,Pete,Stella,"I need to know if you're going to help me repay the fish I lent you. If not, I might have to rethink how I handle food from now on.",0,0
B-hidden-2,B,0,2,3,0,contact,Kurt,Pete,"Pete, I need to borrow 0.8 units of food to cover our household's shortfall this week. We'll repay it as soon as we can work normally again. I believe this is the safest way for all of us to survive, especially with the typhoon affecting our food production today and tomorrow.",0,0
B-hidden-2,B,0,2,3,0,contact,Kurt,Alice,"Alice, I understand you and Bob are struggling with food. I believe the best way to ensure everyone survives is to pool our resources and follow a fair rationing plan. I'm willing to work with you on this, but I need to borrow 0.8 units from Pete first to cover our shortfall this week.",0,0
B-hidden-2,B,0,2,3,0,contact,Stella,Kurt,"I think we should ask Pete to lend us some of his fish this week. He has a lot, and we need to make sure Lucky and I have enough to eat. If he agrees, we can repay him later when we have more food.",0,0
B-hidden-2,B,0,2,3,0,contact,Stella,Pete,"I know you want to be repaid for the fish you lent us earlier, but I'm worried about my family's food this week. If you're willing to lend us some of your fish now, I can help you with something in return.",0,1
B-hidden-2,B,0,2,3,0,contact,Lucky,Alice,I saw you look really tired yesterday. I want to help you and Bob. Can we share some of my family's food with you today? I think it would make you feel better and help us all stay strong together.,0,1
B-hidden-2,B,0,2,3,0,contact,Lucky,Bob,"I saw you not eat much yesterday, and I want to help. Can we share some of my family's food with you today? I think it would make you feel better and help us all stay strong together.",0,1
B-hidden-2,B,0,2,3,0,contact,Alice,Kurt,"Kurt, I understand your offer of a loan, and I appreciate your willingness to help. Bob and I are ready to accept your proposal of lending us 8.8 units of food, with a repayment of 10 units within 5 work days. We are committed to repaying you as soon as we can and hope this will help us all survive together as a group.",0,0
B-hidden-2,B,0,2,3,0,contact,Alice,Pete,"Pete, I know you have fish and I would be grateful if you would be willing to share some with Bob and me. We are struggling to eat enough and need your help. Even a small amount would go a long way in helping us survive this week.",0,0
B-hidden-2,B,0,2,3,0,contact,Bob,Alice,"Alice, I think we should ask Pete again if he'd be willing to share some of his fish. He's been catching a lot, and we really need it. I know it's hard to ask, but we can't afford to starve again this week.",0,1
B-hidden-2,B,0,2,3,0,contact,Bob,Pete,"Pete, I know you've been catching a lot of fish. Alice and I are struggling to eat enough, and I was wondering if you'd be willing to share some with us. Even a little would make a big difference.",0,0
B-hidden-2,B,0,2,3,0,contact,Pete,Kurt,"I can lend you the 0.8 units of fish, but I expect you to repay it in full. I don’t have time to chase you if you don’t follow through. This is the last time I’ll do this for you, Kurt.",0,0
B-hidden-2,B,0,2,3,0,contact,Pete,Stella,"I need to know if you’re going to help me repay the fish I lent you. If not, I might have to rethink how I handle food from now on.",0,0
B-hidden-2,B,0,2,3,1,campfire,Kurt,everyone,"I think we need to be realistic about the typhoon's impact. If we don't pool food now, we'll all struggle more. I'm willing to share what we have, but we need to plan together.",0,0
B-hidden-2,B,0,2,3,1,campfire,Stella,Pete,"I saw you brought back fish today. If you're willing to lend us some now, I can help you with something in return. My family needs it, and I think we can trust each other.",1,1
B-hidden-2,B,0,2,3,1,campfire,Lucky,everyone,I saw Alice and Bob gather very little today. Can we all help them by sharing some of our food? I think it would make them feel better and help us all stay strong together.,0,0
B-hidden-2,B,0,2,3,1,campfire,Alice,everyone,"I saw Pete bring back fish today, and I believe we should all work together to make sure no one goes hungry. Bob and I are willing to share what we have, but we need others to do the same.",0,0
B-hidden-2,B,0,2,3,1,campfire,Bob,Alice,"I know we're struggling, Alice, but I think we should ask Pete again. He has more food than we do, and it might not be fair for us to starve while others have plenty.",0,0
B-hidden-2,B,0,2,3,1,campfire,Pete,Kurt,"I lent you the 0.8 units of fish today, and I expect you to pay me back in full. This is the last time I’ll do this for you.",0,0
B-hidden-2,B,0,2,3,2,campfire,Kurt,Alice,"Alice, I saw how little you and Bob gathered today. I'm willing to share what I have, but we need to plan together if we're going to make it through the typhoon. Can you and Bob help me keep track of our food so we don't run out?",0,0
B-hidden-2,B,0,2,3,2,campfire,Stella,Pete,"I saw you brought back fish earlier this week. If you're willing to lend us some now, I can help you with something in return. My family needs it, and I think we can trust each other.",1,1
B-hidden-2,B,0,2,3,2,campfire,Lucky,everyone,"I saw Alice and Bob gather very little today, and I want to make sure they have enough food. Can we all help them by sharing some of our food?",0,0
B-hidden-2,B,0,2,3,2,campfire,Alice,everyone,"I saw Pete bring back fish today, and I believe we should all work together to make sure no one goes hungry. Bob and I are willing to share what we have, but we need others to do the same.",0,0
B-hidden-2,B,0,2,3,2,campfire,Bob,Alice,"Alice, I know we're struggling, but I think we should ask Pete again. He has more food than we do, and it might not be fair for us to starve while others have plenty.",0,0
B-hidden-2,B,0,2,3,2,campfire,Pete,Stella,"I'm not sure I can trust anyone else with my food right now, but I'll spare some for Lucky if he needs it. He's too young to be struggling.",1,0
B-hidden-2,B,0,2,3,3,campfire,Kurt,Pete,"Pete, I know you're strict about repayment, but I need your help again. Alice and Bob are struggling, and I don't have enough to cover them. Can you lend us another 0.5 units of food? We'll repay you as soon as we can.",0,0
B-hidden-2,B,0,2,3,3,campfire,Stella,Pete,"I saw you gave some food to Lucky today. That was kind of you. If you're willing to help us out again, maybe we can find a way to support each other.",0,0
B-hidden-2,B,0,2,3,3,campfire,Lucky,everyone,"I saw Alice and Bob gather very little today, and I want to make sure they have enough food. Can we all help them by sharing some of our food?",0,0
B-hidden-2,B,0,2,3,3,campfire,Alice,everyone,"I saw Pete give food to Lucky today, and it warmed my heart. If we all share even a little, we can make sure no one goes hungry. Bob and I are willing to do our part, but we need others to help too.",0,0
B-hidden-2,B,0,2,3,3,campfire,Bob,Alice,"I know we're struggling, Alice, but I think we should ask Pete again. He has more food than we do, and it might not be fair for us to starve while others have plenty.",0,0
B-hidden-2,B,0,2,3,3,campfire,Pete,Bob,I heard you and Alice are struggling. I’ll spare some food for you both tomorrow if you help me with something important.,0,0
B-hidden-2,B,0,2,3,4,campfire,Kurt,Pete,"Pete, I know you're strict about repayment, but I need to ask for your help again. Alice and Bob are struggling, and I don't have enough to cover them. Can you lend us another 0.5 units of food? We'll repay you as soon as we can.",0,0
B-hidden-2,B,0,2,3,4,campfire,Stella,Pete,"I saw you brought back fish today. If you're willing to lend us some now, I can help you with something in return. My family needs it, and I think we can trust each other.",1,1
B-hidden-2,B,0,2,3,4,campfire,Lucky,everyone,"I saw Pete catch a lot of fish today, and I think we should all share more so Alice and Bob can eat enough. They look really tired, and I don't want anyone to collapse again.",0,0
B-hidden-2,B,0,2,3,4,campfire,Alice,everyone,"I saw Pete bring back fish today, and I believe we should all work together to make sure no one goes hungry. Bob and I are willing to do our part, but we need others to help too.",0,0
B-hidden-2,B,0,2,3,4,campfire,Bob,Alice,"I heard Pete offer to help us if we assist him. Maybe we could ask him for some food in return for helping with something, just this once.",0,0
B-hidden-2,B,0,2,3,4,campfire,Pete,Lucky,"I saw you gave food to Alice and Bob earlier. That was a good choice. Keep speaking up if you see others struggling, even if I don’t always agree with what others say.",0,0
B-hidden-2,B,0,2,3,5,campfire,Kurt,Pete,"Pete, I know you're strict about repayment, but I need to ask for your help again. Alice and Bob are struggling, and I don't have enough to cover them. Can you lend us another 0.5 units of food? We'll repay you as soon as we can.",0,0
B-hidden-2,B,0,2,3,5,campfire,Stella,Pete,"I saw you brought back fish today. If you're willing to help us out again, maybe we can find a way to support each other.",0,0
B-hidden-2,B,0,2,3,5,campfire,Lucky,everyone,"I saw Pete catch a lot of fish today, and I think we should all share more so Alice and Bob can eat enough. They look really tired, and I don't want anyone to collapse again.",0,0
B-hidden-2,B,0,2,3,5,campfire,Alice,everyone,"I saw Pete bring back fish today, and I believe we should all work together to make sure no one goes hungry. Bob and I are willing to do our part, but we need others to help too.",0,0
B-hidden-2,B,0,2,3,5,campfire,Bob,Alice,"I heard Pete offer to help us if we assist him. Maybe we could ask him for some food in return for helping with something, just this once.",0,0
B-hidden-2,B,0,2,3,5,campfire,Pete,Kurt,"I saw you repay me today. That's good. But if you need more help, think about earning it first—like helping me fish or build something.",0,0
B-hidden-2,B,0,2,4,0,contact,Kurt,Pete,"Pete, I appreciate your hard work and the fish you bring in. I know you're strict about repayment, but I want to propose we fish together one day this week to boost our catch. It could help us all, especially Alice and Bob.",0,0
B-hidden-2,B,0,2,4,0,contact,Kurt,Alice,"Alice, I know Bob and you are struggling. I want to help, and I believe we can all do better if we work together. I'll be foraging today and would like to share some of what I get with you.",0,0
B-hidden-2,B,0,2,4,0,contact,Stella,Pete,I saw you bring back a lot of fish today. I think we could work together to make sure everyone has enough food. Would you be willing to share some with Alice and Bob?,0,0
B-hidden-2,B,0,2,4,0,contact,Stella,Alice,"I noticed you and Bob are struggling. I want to help, but I need to make sure my family has enough first. Maybe we can find a way to support each other.",0,1
B-hidden-2,B,0,2,4,0,contact,Lucky,Alice,I saw you and Bob are really tired. I want to help you both. Can we share some food so you can eat enough and feel better?,0,0
B-hidden-2,B,0,2,4,0,contact,Lucky,Pete,I know you catch a lot of fish. I want to make sure Alice and Bob can eat enough too. Can we all share more so no one goes hungry?,0,0
B-hidden-2,B,0,2,4,0,contact,Alice,Kurt,"Kurt, Bob and I are struggling to eat enough, and I know you have food. Would you be willing to lend us 7.5 units of fish for the week? We will repay you with interest in 5 work days.",0,0
B-hidden-2,B,0,2,4,0,contact,Alice,Pete,"Pete, I saw you bring back fish yesterday, and I know you have more than enough. Bob and I are struggling, and I believe we can all survive if we share. Would you be willing to help us out with some food?",0,0
B-hidden-2,B,0,2,4,0,contact,Bob,Pete,"Pete, I know you've been generous before. Alice and I are struggling, and I wonder if you'd be willing to lend us a little food. We promise to repay you as soon as we can.",0,0
B-hidden-2,B,0,2,4,0,contact,Bob,Alice,"Alice, I know you're worried about us. I think we should ask Pete again. He has more food than we do, and it might not be fair for us to starve while others have plenty.",0,0
B-hidden-2,B,0,2,4,0,contact,Pete,Kurt,"I saw you're still struggling to feed Alice and Bob. If you help me fish tomorrow, I'll share some of my catch with you. Let's work together instead of relying on loans.",0,0
B-hidden-2,B,0,2,4,0,contact,Pete,Lucky,"I noticed you're trying to help others, even though you're just a kid. Keep speaking up if you see someone struggling. I'll do my best to listen and help when I can.",0,0
B-hidden-2,B,0,2,4,0,contact,Kurt,Alice,"Alice, I appreciate your request, but I don't have 7.5 units of fish. My household only has a small surplus this week, and I need to prioritize keeping food for ourselves. Let's think of another way to help.",0,1
B-hidden-2,B,0,2,4,0,contact,Kurt,Pete,"Pete, I agree to fish together on day 1. Let's work as a team and maximize our catch. I believe it will help us all, especially Alice and Bob.",0,0
B-hidden-2,B,0,2,4,0,contact,Stella,Pete,I saw you caught a lot of fish today. Would you be willing to share some with Alice and Bob? I think we could all benefit from working together.,0,0
B-hidden-2,B,0,2,4,0,contact,Stella,Alice,"I noticed you and Bob are struggling. I want to help, but I need to make sure my family has enough first. Maybe we can find a way to support each other.",0,1
B-hidden-2,B,0,2,4,0,contact,Lucky,Alice,I saw you and Bob are really tired. I want to help you both. Can we share some food so you can eat enough and feel better?,0,0
B-hidden-2,B,0,2,4,0,contact,Lucky,Pete,I know you catch a lot of fish. I want to make sure Alice and Bob can eat enough too. Can we all share more so no one goes hungry?,0,0
B-hidden-2,B,0,2,4,0,contact,Alice,Kurt,"Kurt, Bob and I are still struggling to eat enough, and I know you have food. Would you be willing to lend us 7.5 units of fish for the week? We will repay you with interest in 5 work days.",0,0
B-hidden-2,B,0,2,4,0,contact,Alice,Pete,"Pete, I saw you bring back fish yesterday, and I know you have more than enough. Bob and I are struggling, and I believe we can all survive if we share. Would you be willing to help us out with some food?",0,0
B-hidden-2,B,0,2,4,0,contact,Bob,Pete,"Pete, I know you've been generous before. Alice and I are struggling, and I wonder if you'd be willing to lend us a little food. We promise to repay you as soon as we can.",0,0
B-hidden-2,B,0,2,4,0,contact,Bob,Alice,"Alice, I know you're worried about us. I think we should ask Pete again. He has more food than we do, and it might not be fair for us to starve while others have plenty.",0,0
B-hidden-2,B,0,2,4,0,contact,Pete,Kurt,"I'm willing to fish together on day 1. If we catch enough, I'll share some of the food with you and the others. Let's see if we can make this work.",0,0
B-hidden-2,B,0,2,4,0,contact,Pete,Lucky,"I appreciate you speaking up for others, Lucky. I'll do my best to help Alice and Bob, but I need to keep my own food to survive too. Let's see what we can do together.",0,1
B-hidden-2,B,0,2,4,0,contact,Kurt,Alice,"Alice, I appreciate your request, but I don't have 7.5 units of fish. My household only has a small surplus this week, and I need to prioritize keeping food for ourselves. Let's think of another way to help, like working together or sharing what we can afford to give away this week.",0,1
B-hidden-2,B,0,2,4,0,contact,Kurt,Pete,"Pete, I'm looking forward to fishing with you on day 1. Let's work as a team and maximize our catch. I believe it will help us all, especially Alice and Bob.",0,0
B-hidden-2,B,0,2,4,0,contact,Stella,Pete,I saw you caught a lot of fish today. Would you be willing to share some with Alice and Bob? I think we could all benefit from working together. I can offer help in return if you're open to it.,0,0
B-hidden-2,B,0,2,4,0,contact,Stella,Alice,"I noticed you and Bob are struggling. I want to help, but I need to make sure my family has enough first. Maybe we can find a way to support each other. I'm open to sharing if it's safe for my family.",0,1
B-hidden-2,B,0,2,4,0,contact,Lucky,Alice,"I saw you and Bob are really tired. I want to help you both. Can we share some food so you can eat enough and feel better? I know my parents have extra food this week, and we could give you some to help you recover.",0,0
B-hidden-2,B,0,2,4,0,contact,Lucky,Pete,"I know you catch a lot of fish. I want to make sure Alice and Bob can eat enough too. Can we all share more so no one goes hungry? I think if we work together, we can help everyone survive.",0,0
B-hidden-2,B,0,2,4,0,contact,Alice,Kurt,"Kurt, I understand you have limited food, but Bob and I are on the verge of starving. We are willing to repay any loan with interest. Please consider helping us so we can all survive together.",0,0
B-hidden-2,B,0,2,4,0,contact,Alice,Stella,"Stella, I know you are focused on your family, but Bob and I are struggling. Perhaps we could find a way to share what we have so no one goes hungry.",0,0
B-hidden-2,B,0,2,4,0,contact,Bob,Pete,"Pete, we're still struggling. Alice and I are barely surviving, and I know you have more food than we do. If you're willing, could you lend us some food to help us through the week? We promise to repay you as soon as we can, and we'll do our part to help others in return.",0,0
B-hidden-2,B,0,2,4,0,contact,Bob,Alice,"Alice, I know you've already planned to borrow food for us. I just want to make sure we're not asking for more than we can repay. I don't want to burden anyone else, but I also don't want us to starve again.",0,0
B-hidden-2,B,0,2,4,0,contact,Pete,Kurt,"I accept your proposal to fish together on day 1. Let's work as a team and maximize our catch. I'll share some of the food with you and the others if we catch enough. Let's see if we can make this work together, for everyone's benefit.",0,0
B-hidden-2,B,0,2,4,0,contact,Pete,Alice,"I understand you're struggling, Alice. I'll set aside some of my catch this week to help you and Bob. But I need to keep enough for myself too. Let's see how things go and adjust as needed.",0,0
B-hidden-2,B,0,2,4,1,coop,Pete,Kurt,"I caught most of the fish, so I think I should take a larger share. But I'm willing to split it fairly.",0,0
B-hidden-2,B,0,2,4,1,coop,Kurt,Pete,"Pete, I understand you caught more, but since we fished together, I believe we should split the total evenly. That way, everyone benefits from our teamwork.",0,0
B-hidden-2,B,0,2,4,1,coop,Pete,Kurt,"I'm open to splitting it fairly, but I need to keep enough to survive. Let's go with 4.5 for me and 4.2 for you.",0,0
B-hidden-2,B,0,2,4,1,coop,Kurt,Pete,"Pete, I appreciate your willingness to share. Let's split it as 4.4 for me and 4.3 for you so we both have enough to survive and help others.",0,0
B-hidden-2,B,0,2,4,1,coop,Pete,Kurt,I'm willing to compromise. Let's split it as 4.4 for you and 4.3 for me.,0,0
B-hidden-2,B,0,2,4,1,campfire,Kurt,Alice,"Alice, I know things are tough for you and Bob. I want to help, but I need to be careful with my own family's food. Let's see what we can do together tomorrow.",0,1
B-hidden-2,B,0,2,4,1,campfire,Stella,Pete,"I saw you and Kurt fish today. If you're willing to share some of that fish with Alice and Bob, I'd be willing to help you in return.",0,0
B-hidden-2,B,0,2,4,1,campfire,Lucky,everyone,"I saw Pete and Kurt catch a lot of fish today, and I think we should all share more so Alice and Bob can eat enough. They look really tired, and I don't want anyone to collapse again.",0,0
B-hidden-2,B,0,2,4,1,campfire,Alice,everyone,"I know many of you are struggling, but we cannot let anyone starve. Bob and I have been without food for days, and I believe we can all survive if we work together and share what we have. I hope we can find a way to support each other this week.",0,0
B-hidden-2,B,0,2,4,1,campfire,Bob,Alice,"I know you're worried about us, but I don't want to keep asking Pete for help. Maybe we should try gathering more clams ourselves instead.",0,0
B-hidden-2,B,0,2,4,1,campfire,Pete,everyone,"I caught a lot today with Kurt, and I'm willing to share some with Alice and Bob. But I need to make sure I don't run out myself.",0,0
B-hidden-2,B,0,2,4,2,campfire,Kurt,Alice,"Alice, I saw Pete give you 1 unit of food today. Let's keep supporting each other — I'll share more from my surplus this week if I can.",0,0
B-hidden-2,B,0,2,4,2,campfire,Stella,Pete,"I saw you give food to Alice today. That was thoughtful. Would you be willing to help Bob too, even just a little?",0,0
B-hidden-2,B,0,2,4,2,campfire,Lucky,everyone,"I saw Pete and Kurt catch a lot of fish today, and I think we should all share more so Alice and Bob can eat enough. They look really tired, and I don't want anyone to collapse again.",0,0
B-hidden-2,B,0,2,4,2,campfire,Alice,everyone,"I saw Pete and Kurt catch a lot of fish today, and I think we should all share more so Alice and Bob can eat enough. They look really tired, and I don't want anyone to collapse again.",0,0
B-hidden-2,B,0,2,4,2,campfire,Bob,Alice,"I saw Pete give you food today. Maybe we should take him up on his offer again, just this once. I don't want you to suffer any longer.",0,0
B-hidden-2,B,0,2,4,2,campfire,Pete,Lucky,"I saw you speak up for Alice and Bob again today. It's good to see someone care so much. I'll keep trying to help, but I need to make sure I don't starve myself in the process.",0,0
B-hidden-2,B,0,2,4,3,campfire,Kurt,Alice,"Alice, I saw you and Bob are still struggling. I want to help, but I need to be careful with my own family’s food. Let’s talk about how we can support each other better tomorrow.",0,1
B-hidden-2,B,0,2,4,3,campfire,Stella,Pete,"I saw you give food to Alice today. That was thoughtful. Would you be willing to help Bob too, even just a little?",0,0
B-hidden-2,B,0,2,4,3,campfire,Lucky,everyone,"I saw Pete give food to Alice again today, and I think that's really kind of him. I hope we can all keep helping each other so no one goes hungry.",0,0
B-hidden-2,B,0,2,4,3,campfire,Alice,everyone,"I saw Pete catch a lot of fish today, and I hope he will continue to share with us so Bob and I can eat enough. We all need to look out for each other if we are to survive.",0,0
B-hidden-2,B,0,2,4,3,campfire,Bob,Alice,"I saw Pete give you food again today. Maybe we should accept it, just this once. I don't want you to suffer any longer.",0,0
B-hidden-2,B,0,2,4,3,campfire,Pete,Alice,"I saw you and Bob are still struggling. I'll give you a little more food tonight, but I need to keep enough for myself too.",0,0
B-hidden-2,B,0,2,4,4,campfire,Kurt,Alice,"Alice, I saw you and Bob rest again today. I want to help, but I need to make sure we all have enough. Can we talk about how to share more effectively tomorrow?",0,0
B-hidden-2,B,0,2,4,4,campfire,Stella,Pete,"I saw you give food to Alice again today. That's kind of you. Would you consider giving some to Bob as well, even just a little?",0,0
B-hidden-2,B,0,2,4,4,campfire,Lucky,everyone,"I saw Pete give food to Alice again today, and I think that's really kind of him. I hope we can all keep helping each other so no one goes hungry.",0,0
B-hidden-2,B,0,2,4,4,campfire,Alice,everyone,"I saw Pete give food to me again today, and I want to thank him for his kindness. But I also hope we can find a way to share more regularly so no one, especially the elderly and children, is left without enough to eat.",0,0
B-hidden-2,B,0,2,4,4,campfire,Bob,Alice,"I saw Pete give you food again today. I think we should take it, just this once. I don't want you to suffer any longer.",0,0
B-hidden-2,B,0,2,4,4,campfire,Pete,Lucky,"I saw you speak up for Alice and Bob again today. It's good to see someone care so much. I'll keep trying to help, but I need to make sure I don't starve myself in the process.",0,0
B-hidden-2,B,0,2,4,5,campfire,Kurt,Alice,"Alice, I saw you and Bob rest again today. I want to help, but I need to make sure we all have enough. Can we talk about how to share more effectively tomorrow?",0,0
B-hidden-2,B,0,2,4,5,campfire,Stella,Pete,I noticed you gave food to Alice again today. Would you be willing to give some to Bob as well? He's been struggling too.,0,0
B-hidden-2,B,0,2,4,5,campfire,Lucky,everyone,"I saw Pete catch a lot of fish today, and I hope he will continue to share with us so Bob and I can eat enough. We all need to look out for each other if we are to survive.",0,0
B-hidden-2,B,0,2,4,5,campfire,Alice,everyone,"I saw Pete catch fish today, and I want to thank him for the food he has given us. But I also hope we can find a way to share more regularly so no one, especially the elderly and children, is left without enough to eat.",0,0
B-hidden-2,B,0,2,4,5,campfire,Bob,Alice,"I know you've been pushing for us to accept help, but I worry about relying too much on others. Still, if you think it's right, I'll go along.",0,0
B-hidden-2,B,0,2,4,5,campfire,Pete,Lucky,"I saw you speak up for Alice and Bob again today. It's good to see someone care so much. I'll keep trying to help, but I need to make sure I don't starve myself in the process.",0,0
A-shown-1,A,1,1,1,0,plan,Kurt,,"I will propose a fair rationing and food-sharing plan at the campfire tonight to ensure we all survive longer. I want to talk to Pete, Alice, and Bob to get their input and encourage them to join our family's plan.",0,1
A-shown-1,A,1,1,1,0,plan,Stella,,I want to focus on gathering enough food for my family and making sure Lucky is well-fed. I will talk to Kurt about how we can work together efficiently.,0,1
A-shown-1,A,1,1,1,0,plan,Lucky,,"I want to make sure everyone has enough food and is happy. I will talk to Alice and Bob to see if they need help, and maybe share some food with them if I can.",0,0
A-shown-1,A,1,1,1,0,plan,Alice,,"I want to encourage Pete to share some of his food with others, and I will offer to lend 2 units of food to him if he is willing to share with the group. I will talk to him at the campfire tonight.",0,0
A-shown-1,A,1,1,1,0,plan,Bob,,"I want to make sure Alice and I have enough food for the week. I will not lend or give anything away unless Alice insists, and even then, only a little.",0,0
A-shown-1,A,1,1,1,0,plan,Pete,,I want to focus on gathering as much food as possible this week to ensure I have enough for the long term. I'll avoid sharing unless someone truly needs it and I can trust them.,1,0
A-shown-1,A,1,1,2,0,plan,Kurt,,"Tonight at the campfire, I will propose a fair rationing and food-sharing plan to ensure we all survive longer. I want to speak with Pete, Alice, and Bob to get their input and encourage them to join our family's plan.",0,1
A-shown-1,A,1,1,2,0,plan,Stella,,I want to focus on gathering enough food for my family and making sure Lucky is well-fed. I will talk to Alice again about sharing her canned food to help us during the week.,0,1
A-shown-1,A,1,1,2,0,plan,Lucky,,I want to learn how to fish from Pete so I can help feed my family and maybe even help Alice and Bob. I will talk to Pete again at the campfire and ask if he can teach me.,0,1
A-shown-1,A,1,1,2,0,plan,Alice,,"I need to borrow 7 units of food this week to ensure Bob and I can eat enough. I will talk to Pete at the campfire tonight and ask him kindly if he can lend us some of his food, as we are struggling and he has plenty.",0,0
A-shown-1,A,1,1,2,0,plan,Bob,,"I will focus on keeping Alice and me fed this week. I will not lend or give anything away unless Alice insists, and even then, only a little.",0,0
A-shown-1,A,1,1,2,0,plan,Pete,,I want to focus on fishing and gathering as much food as possible this week to ensure I have enough for the long term. I'll avoid sharing unless someone truly needs it and I can trust them.,1,0
A-shown-1,A,1,1,3,0,plan,Kurt,,"Tonight at the campfire, I will propose a fair rationing and food-sharing plan to ensure we all survive longer. I want to speak with Pete, Alice, and Bob to get their input and encourage them to join our family's plan.",0,1
A-shown-1,A,1,1,3,0,plan,Stella,,"I will focus on gathering clams during the typhoon days and foraging on other days to ensure Lucky and my family have enough food. I will continue talking to Alice about sharing food if she has any extra, and I hope she can help us keep Bob fed as well.",0,1
A-shown-1,A,1,1,3,0,plan,Lucky,,I want to learn how to fish from Pete so I can help feed my family and maybe even help Alice and Bob. I will talk to Pete again at the campfire and ask if he can teach me.,0,1
A-shown-1,A,1,1,3,0,plan,Alice,,I will approach Pete at the campfire tonight and kindly ask him to lend us 7 units of food so that Bob and I can eat enough this week. I hope he will see the value in helping us and understand that sharing is the only way we can all survive.,0,0
A-shown-1,A,1,1,3,0,plan,Bob,,"I will focus on keeping Alice and me fed this week. I will not lend or give anything away unless Alice insists, and even then, only a little.",0,0
A-shown-1,A,1,1,3,0,plan,Pete,,"I will focus on gathering clams during the typhoon days and fishing on the other days to maximize my food reserves. I’ll teach Alice and Bob how to fish on the first clear day to help them become self-sufficient, but I’ll keep most of my food for myself.",0,0
A-shown-1,A,1,1,4,0,plan,Kurt,,"Tonight at the campfire, I will propose a fair rationing and food-sharing plan to ensure we all survive longer. I want to speak with Pete, Alice, and Bob to get their input and encourage them to join our family's plan.",0,1
A-shown-1,A,1,1,4,0,plan,Stella,,"I want to focus on gathering enough food to ensure my family and Alice can eat properly this week. I will continue talking to Alice to see if she needs help, but I will be cautious and only share what we can afford.",0,1
A-shown-1,A,1,1,4,0,plan,Lucky,,I want to learn how to fish from Pete so I can help feed my family and maybe even help Alice and Bob. I will talk to Pete again at the campfire and ask if he can teach me.,0,1
A-shown-1,A,1,1,4,0,plan,Alice,,I will approach Pete at the campfire tonight and kindly ask him to lend us 1.2 units of food so that Bob and I can eat enough this week. I hope he will see the value in helping us and understand that sharing is the only way we can all survive.,0,0
A-shown-1,A,1,1,4,0,plan,Bob,,"I want to focus on keeping Alice and me fed this week. I will not lend or give anything away unless Alice insists, and even then, only a little.",0,0
A-shown-1,A,1,1,4,0,plan,Pete,,"I will continue to focus on fishing and gathering clams to maximize my food reserves. I will teach Alice and Bob how to fish this week to help them become more self-sufficient, but I will keep most of my food for myself.",0,0
A-shown-1,A,1,1,1,1,thought,Kurt,,"I need to gather as much food as possible early on to ensure my family and others have enough to eat, especially since coconuts keep well and provide a reliable food source.",0,1
A-shown-1,A,1,1,1,1,thought,Stella,,I need to gather as much food as possible to ensure Lucky has enough to eat. Foraging is a good start.,0,0
A-shown-1,A,1,1,1,1,thought,Lucky,,I want to help my family gather food so we can share with others if needed.,0,1
A-shown-1,A,1,1,1,1,thought,Alice,,"I need to gather as much food as possible to help the group, especially since I believe in sharing and ensuring no one suffers.",0,0
A-shown-1,A,1,1,1,1,thought,Bob,,I need to preserve my stamina so I can help Alice and work if needed later.,0,0
A-shown-1,A,1,1,1,1,thought,Pete,,I need to gather as much food as possible today to ensure I have enough for the long term.,0,0
A-shown-1,A,1,1,1,2,thought,Kurt,,I need to gather more food to support my family and contribute to a shared rationing plan. Climbing coconut trees is the most efficient way to do this.,0,1
A-shown-1,A,1,1,1,2,thought,Stella,,(agreed cooperative fishing),0,0
A-shown-1,A,1,1,1,2,thought,Lucky,,I want to help my family gather more food so we can share with others and make sure everyone is full and happy.,0,1
A-shown-1,A,1,1,1,2,thought,Alice,,I will forage to gather more food and ensure that I have enough to eat and share with Bob if needed.,0,0
A-shown-1,A,1,1,1,2,thought,Bob,,I should rest today to preserve my stamina and ensure I can help Alice if needed later.,0,0
A-shown-1,A,1,1,1,2,thought,Pete,,(agreed cooperative fishing),0,0
A-shown-1,A,1,1,1,3,thought,Kurt,,I need to gather more food to support my family and help convince others to pool resources. Foraging is the most efficient way to do this right now.,0,1
A-shown-1,A,1,1,1,3,thought,Stella,,I need to gather more food to ensure Lucky has enough to eat and to build up our supplies for the week.,0,0
A-shown-1,A,1,1,1,3,thought,Lucky,,I need to rest so I can have enough energy to help my family and be kind to everyone else.,0,1
A-shown-1,A,1,1,1,3,thought,Alice,,I need to gather more food to ensure Bob and I have enough for the week and to be prepared for any future shortages.,0,0
A-shown-1,A,1,1,1,3,thought,Bob,,I need to stay strong for Alice and avoid any unnecessary risk while we plan for the week.,0,0
A-shown-1,A,1,1,1,3,thought,Pete,,I need to continue gathering food to ensure I have enough for the long term and maintain my independence.,0,0
A-shown-1,A,1,1,1,4,thought,Kurt,,I need to forage to gather more food before the week ends and ensure we have enough to sustain our family and support a fair rationing plan.,0,1
A-shown-1,A,1,1,1,4,thought,Stella,,I need to rest to recover my stamina before I can work effectively and ensure Lucky has enough to eat.,0,0
A-shown-1,A,1,1,1,4,thought,Lucky,,I should climb a coconut tree to get more food so I can help everyone stay full and happy.,0,0
A-shown-1,A,1,1,1,4,thought,Alice,,I need to rest and regain my stamina before I can do any more work or help others effectively.,0,0
A-shown-1,A,1,1,1,4,thought,Bob,,I need to conserve my strength and avoid risking injury or loss of stamina. Alice and I are still safe for now.,0,0
A-shown-1,A,1,1,1,4,thought,Pete,,I need to continue gathering as much food as possible to ensure I have enough for the long term.,0,0
A-shown-1,A,1,1,1,5,thought,Kurt,,I need to recover my stamina before I can do any heavy work or effectively contribute to the group.,0,0
A-shown-1,A,1,1,1,5,thought,Stella,,I need to gather more food to ensure Lucky has enough to eat and to build up our supplies for the future.,0,0
A-shown-1,A,1,1,1,5,thought,Lucky,,I should climb a coconut tree to get more food so I can help feed everyone and make sure no one starves.,0,0
A-shown-1,A,1,1,1,5,thought,Alice,,I need to regain my stamina so I can help Bob and support the group better.,0,0
A-shown-1,A,1,1,1,5,thought,Bob,,I need to preserve my stamina so I can help Alice and I survive the week.,0,0
A-shown-1,A,1,1,1,5,thought,Pete,,I need to continue gathering fish to ensure I have enough for the long term and maintain my independence.,0,0
A-shown-1,A,1,1,2,1,thought,Kurt,,I need to gather more food to support my family and push for a fair rationing plan. Foraging is the most efficient way to do this right now.,0,1
A-shown-1,A,1,1,2,1,thought,Stella,,"I need to gather more food to ensure Lucky has enough to eat, even if it means risking injury again.",0,0
A-shown-1,A,1,1,2,1,thought,Lucky,,(agreed cooperative fishing),0,0
A-shown-1,A,1,1,2,1,thought,Alice,,I need to gather as much food as I can to ensure Bob and I can eat enough and repay Pete's loan on time.,0,0
A-shown-1,A,1,1,2,1,thought,Bob,,I need to regain some stamina before I can do anything else.,0,0
A-shown-1,A,1,1,2,1,thought,Pete,,(agreed cooperative fishing),0,0
A-shown-1,A,1,1,2,2,thought,Kurt,,I need to regain stamina to do heavy work and support my family effectively.,0,1
A-shown-1,A,1,1,2,2,thought,Stella,,I need to regain some stamina before I can do heavy work or forage effectively.,0,0
A-shown-1,A,1,1,2,2,thought,Lucky,,I should climb a coconut tree to get more food so I can help my family and maybe share with Alice and Bob.,0,1
A-shown-1,A,1,1,2,2,thought,Alice,,"I need to forage again to gather food for Bob and me, and to ensure we can repay Pete as promised.",0,0
A-shown-1,A,1,1,2,2,thought,Bob,,I need to preserve my stamina so I can help Alice if needed later.,0,0
A-shown-1,A,1,1,2,2,thought,Pete,,I need to continue fishing to secure my food supply and maintain my stamina.,0,1
A-shown-1,A,1,1,2,3,thought,Kurt,,I need to gather more food to support my family and push for a fair rationing plan. Foraging is the most reliable way to do this right now.,0,1
A-shown-1,A,1,1,2,3,thought,Stella,,I need to gather more food to ensure Lucky and I have enough for the rest of the week.,0,0
A-shown-1,A,1,1,2,3,thought,Lucky,,I need to gather more food to help my family and maybe share with Alice and Bob. I'll climb a coconut tree today.,0,1
A-shown-1,A,1,1,2,3,thought,Alice,,I need to forage again to gather food and ensure Bob and I can eat enough this week while repaying Pete's loan on time.,0,0
A-shown-1,A,1,1,2,3,thought,Bob,,I need to preserve my stamina so I can help Alice if needed later.,0,0
A-shown-1,A,1,1,2,3,thought,Pete,,I need to continue fishing to secure my food supply and maintain my stamina for the long term.,0,1
A-shown-1,A,1,1,2,4,thought,Kurt,,I need to gather more food to support my family and push for a shared rationing plan. Foraging is the best option for now.,0,1
A-shown-1,A,1,1,2,4,thought,Stella,,"I need to gather more food to ensure Lucky has enough to eat, and I can't rely on others to share yet.",0,0
A-shown-1,A,1,1,2,4,thought,Lucky,,I want to learn how to fish from Pete and help feed my family.,0,1
A-shown-1,A,1,1,2,4,thought,Alice,,I need to regain some stamina before I can do any heavy work or help Bob.,0,0
A-shown-1,A,1,1,2,4,thought,Bob,,I need to forage to find some food for Alice and me before we run out completely.,0,0
A-shown-1,A,1,1,2,4,thought,Pete,,I need to continue fishing to secure my food supply and maintain my stamina for the long term.,0,1
A-shown-1,A,1,1,2,5,thought,Kurt,,I need to regain stamina before I can do any heavy work or effectively advocate for our shared food plan.,0,0
A-shown-1,A,1,1,2,5,thought,Stella,,I need to regain some stamina before I can do heavy work again; resting is the only option available to me right now.,0,0
A-shown-1,A,1,1,2,5,thought,Lucky,,I should forage to get more food so I can help my family and maybe share with Alice and Bob.,0,1
A-shown-1,A,1,1,2,5,thought,Alice,,I need to forage today to gather food and ensure Bob and I can eat enough while repaying Pete's loan.,0,0
A-shown-1,A,1,1,2,5,thought,Bob,,I need to forage again to find enough food for Alice and me before we run out completely.,0,0
A-shown-1,A,1,1,2,5,thought,Pete,,I need to continue fishing to secure my food supply and maintain my stamina for the long term.,0,1
A-shown-1,A,1,1,3,1,thought,Kurt,,"I need to gather clams today to help my family survive the week, even though it costs stamina.",0,1
A-shown-1,A,1,1,3,1,thought,Stella,,"I need to gather as much food as possible during the typhoon to ensure Lucky and I have enough to eat, while also trying to build some trust with others.",1,0
A-shown-1,A,1,1,3,1,thought,Lucky,,I want to gather clams today so I can help my family and maybe even help Alice and Bob.,0,1
A-shown-1,A,1,1,3,1,thought,Alice,,"I need to gather as much food as I can today, even if it's just clams, to help Bob and me survive the typhoon and the week ahead.",0,0
A-shown-1,A,1,1,3,1,thought,Bob,,I will gather clams today to help us survive the typhoon and ensure we have enough food.,0,0
A-shown-1,A,1,1,3,1,thought,Pete,,I will gather clams during the typhoon to secure some food while others are resting or foraging.,0,0
A-shown-1,A,1,1,3,2,thought,Kurt,,"I need to gather clams today to help feed my family and contribute to the group, even though the typhoon limits our options.",0,1
A-shown-1,A,1,1,3,2,thought,Stella,,"I need to gather as much food as possible today to ensure Lucky and I have enough, especially with the typhoon making things harder.",0,0
A-shown-1,A,1,1,3,2,thought,Lucky,,I should gather clams today to help my family and maybe even help Alice and Bob again.,0,1
A-shown-1,A,1,1,3,2,thought,Alice,,"I will gather clams today to help Bob and me meet our food needs, as we are struggling to eat enough.",0,0
A-shown-1,A,1,1,3,2,thought,Bob,,I need to gather as much food as I can during the typhoon to help Alice and me survive.,0,0
A-shown-1,A,1,1,3,2,thought,Pete,,"I need to gather clams today to supplement my food reserves during the typhoon, even though the catch is limited.",0,0
A-shown-1,A,1,1,3,3,thought,Kurt,,"I need to gather clams today to help my family and contribute to the group, even though it costs stamina.",0,1
A-shown-1,A,1,1,3,3,thought,Stella,,I need to gather as much food as possible during the typhoon to ensure Lucky and I have enough to eat.,0,0
A-shown-1,A,1,1,3,3,thought,Lucky,,I should gather clams today to help my family and maybe help Alice and Bob again.,0,1
A-shown-1,A,1,1,3,3,thought,Alice,,"I must gather as much food as I can today, even if it's just clams, to help Bob and me survive the typhoon and stay strong.",0,0
A-shown-1,A,1,1,3,3,thought,Bob,,I need to gather as much food as I can during the typhoon to help Alice and me survive.,0,0
A-shown-1,A,1,1,3,3,thought,Pete,,I need to gather clams today to keep my food reserves stable and maintain my stamina.,0,1
A-shown-1,A,1,1,3,4,thought,Kurt,,"I need to gather food while it's still possible, and clams are the least taxing option for my low stamina.",0,0
A-shown-1,A,1,1,3,4,thought,Stella,,"I need to gather more food to ensure Lucky and I have enough, especially since my current food supply is very low.",0,0
A-shown-1,A,1,1,3,4,thought,Lucky,,(agreed cooperative fishing),0,0
A-shown-1,A,1,1,3,4,thought,Alice,,"Kurt is injured and needs help to recover, which will help him support his family and contribute to our survival.",0,0
A-shown-1,A,1,1,3,4,thought,Bob,,"I need to find more food to keep Alice and me fed, and foraging is my best chance today.",0,0
A-shown-1,A,1,1,3,4,thought,Pete,,(agreed cooperative fishing),0,0
A-shown-1,A,1,1,3,5,thought,Kurt,,"I need to gather food without overexerting myself, and clams are a reliable, low-effort option.",0,0
A-shown-1,A,1,1,3,5,thought,Stella,,"I need to gather more food to ensure Lucky and I have enough, especially since I have limited supplies left.",0,0
A-shown-1,A,1,1,3,5,thought,Lucky,,I need to find more food to help my family and Alice and Bob. Foraging is a good way to get something useful.,0,1
A-shown-1,A,1,1,3,5,thought,Alice,,(collapsed from exhaustion: forced rest),0,0
A-shown-1,A,1,1,3,5,thought,Bob,,I need to rest to recover my stamina before I can do any real work.,0,0
A-shown-1,A,1,1,3,5,thought,Pete,,I need to keep gathering fish to maintain my food reserves and ensure I stay strong.,0,0
A-shown-1,A,1,1,4,1,thought,Kurt,,"I need to gather enough food to sustain my family and support a fair rationing plan. Clam gathering is light work and reliable, even if the yield is low.",0,1
A-shown-1,A,1,1,4,1,thought,Stella,,"I need to gather more food to ensure my family and Alice can eat properly, especially since Alice is struggling and I want to help but need to be cautious with my resources.",0,1
A-shown-1,A,1,1,4,1,thought,Lucky,,I need to rest because I'm too tired to work or forage right now.,0,0
A-shown-1,A,1,1,4,1,thought,Alice,,(collapsed from exhaustion: forced rest),0,0
A-shown-1,A,1,1,4,1,thought,Bob,,I need to regain some stamina before I can do anything else.,0,0
A-shown-1,A,1,1,4,1,thought,Pete,,"I need to fish today to bring in food and continue teaching Alice, while ensuring I can repay my loan on time.",0,0
A-shown-1,A,1,1,4,2,thought,Kurt,,I need to gather enough food to ensure my family and I can eat normally tonight and keep our stamina up.,0,1
A-shown-1,A,1,1,4,2,thought,Stella,,I need to gather more food to ensure my family and Alice can eat properly this week.,0,1
A-shown-1,A,1,1,4,2,thought,Lucky,,I want to learn how to fish from Pete and help feed my family and Alice and Bob.,0,1
A-shown-1,A,1,1,4,2,thought,Alice,,I need to rest to regain some stamina so I can help Bob and work later.,0,0
A-shown-1,A,1,1,4,2,thought,Bob,,I need to rest and regain some stamina before I can work or forage effectively.,0,0
A-shown-1,A,1,1,4,2,thought,Pete,,I need to focus on catching more fish to ensure I can repay Alice's loan on time and maintain my food reserves.,0,0
A-shown-1,A,1,1,4,3,thought,Kurt,,"I need to gather enough food to ensure my family and I can eat and stay strong, especially with Pete still resistant to cooperation.",0,1
A-shown-1,A,1,1,4,3,thought,Stella,,I need to gather more food to ensure my family and Alice can eat properly this week.,0,1
A-shown-1,A,1,1,4,3,thought,Lucky,,I want to try fishing again today so I can learn from Pete and help my family and Alice and Bob.,0,1
A-shown-1,A,1,1,4,3,thought,Alice,,I need to forage today to gather food and improve my stamina so I can help Bob and repay Pete on time.,0,0
A-shown-1,A,1,1,4,3,thought,Bob,,I need to regain some stamina so I can help Alice and survive another day.,0,0
A-shown-1,A,1,1,4,3,thought,Pete,,I need to catch more fish to ensure I can repay Alice's loan and maintain my food reserves.,0,0
A-shown-1,A,1,1,4,4,thought,Kurt,,"I need to gather food efficiently while keeping my stamina stable, so I'll go clamming again today.",0,0
A-shown-1,A,1,1,4,4,thought,Stella,,I need to gather more food to ensure my family and Alice can eat properly this week.,0,1
A-shown-1,A,1,1,4,4,thought,Lucky,,I want to try fishing again today so I can learn from Pete and maybe help my family and Alice and Bob.,0,1
A-shown-1,A,1,1,4,4,thought,Alice,,"I must gather clams today to earn food for Bob and me, while eating as little as possible to conserve energy for work.",0,0
A-shown-1,A,1,1,4,4,thought,Bob,,I need to preserve my stamina so Alice and I can survive the day and work together later.,0,0
A-shown-1,A,1,1,4,4,thought,Pete,,I need to focus on catching more fish to ensure I can repay my loan and maintain my food reserves.,0,0
A-shown-1,A,1,1,4,5,thought,Kurt,,"I need to find food quickly before my stamina drops further, and foraging gives the best yield.",0,0
A-shown-1,A,1,1,4,5,thought,Stella,,"I need to gather more food to ensure my family and Alice can eat properly, even if it costs me stamina.",0,1
A-shown-1,A,1,1,4,5,thought,Lucky,,I want to learn how to fish from Pete and help my family and Alice and Bob.,0,1
A-shown-1,A,1,1,4,5,thought,Alice,,(collapsed from exhaustion: forced rest),0,0
A-shown-1,A,1,1,4,5,thought,Bob,,I need to rest and regain stamina so Alice and I can work and find food tomorrow.,0,0
A-shown-1,A,1,1,4,5,thought,Pete,,I need to maximize my catch today to ensure I have enough food and help Alice and Bob without compromising my own reserves.,0,0
A-shown-1,A,1,1,1,0,contact,Kurt,Pete,"Pete, I think we need to pool our food and plan carefully if we're going to survive. I'd like to hear your thoughts on how we can work together. I'm willing to share what we have and help if you're open to cooperation.",0,0
A-shown-1,A,1,1,1,0,contact,Kurt,Alice,"Alice, I believe we should all agree on a fair rationing plan to make sure we all survive. I'd like to talk to you and Bob about it. What do you think?",0,0
A-shown-1,A,1,1,1,0,contact,Stella,Kurt,I think we should focus on gathering food first. I'm worried about Lucky and want to make sure he has enough to eat. Let's talk about how we can work together efficiently.,0,0
A-shown-1,A,1,1,1,0,contact,Stella,Pete,I noticed you have fishing gear. Would you be interested in fishing together one day? We could split the catch and help each other out.,0,0
A-shown-1,A,1,1,1,0,contact,Lucky,Alice,"Hi, I'm Lucky! I want to make sure everyone has enough food. Do you and Bob need any help with anything?",0,0
A-shown-1,A,1,1,1,0,contact,Lucky,Bob,"Hi, Bob! I want to make sure everyone is happy and has enough food. Do you need any help?",0,0
A-shown-1,A,1,1,1,0,contact,Alice,Pete,"Pete, I know you have fishing gear and can catch more food than you need. I believe we all need to share if we are to survive. I would like to lend you 2 units of my canned food, to be repaid in 3 work days with 2.5 units. This way, you can fish more and help us all.",0,0
A-shown-1,A,1,1,1,0,contact,Alice,Kurt,"Kurt, I admire your strength and the way you care for Lucky. I believe we must all work together to ensure that no one, especially the children and the elderly, suffer. I would like to talk with you about how we can share food more fairly.",0,0
A-shown-1,A,1,1,1,0,contact,Bob,Alice,"I think we should keep our food for ourselves this week. We don't know how things will go, and I don't want to take any chances.",0,1
A-shown-1,A,1,1,1,0,contact,Bob,Pete,"How are you doing, Pete? I heard you have fishing gear. Maybe you could catch something for us if you need help?",0,0
A-shown-1,A,1,1,1,0,contact,Pete,Kurt,"Hey Kurt, I heard you're a parent. Lucky looks like he needs more food, but I'm not sure how much you have. I can fish for some extra if you need it, but I want to keep most of what I catch for myself.",0,0
A-shown-1,A,1,1,1,0,contact,Pete,Alice,"Alice, I noticed you have a first aid kit. If you need any food, I can spare some, but I'm trying to keep my own supplies high. I don't want to run out if something happens.",0,0
A-shown-1,A,1,1,1,0,contact,Kurt,Pete,"Pete, I understand you want to keep some of your catch, but I believe sharing food now will help us all survive longer. We could fish together one day this week to increase our yield. What do you think?",0,0
A-shown-1,A,1,1,1,0,contact,Kurt,Alice,"Alice, I appreciate your support. I'd like to discuss a fair rationing plan with you and Bob. If we can agree on a system now, it will help us avoid conflicts later. Are you open to talking more about it?",0,0
A-shown-1,A,1,1,1,0,contact,Stella,Kurt,I think we should focus on gathering food first. I'm worried about Lucky and want to make sure he has enough to eat. Let's talk about how we can work together efficiently.,0,0
A-shown-1,A,1,1,1,0,contact,Stella,Pete,I noticed you have fishing gear. Would you be interested in fishing together one day? We could split the catch and help each other out.,0,0
A-shown-1,A,1,1,1,0,contact,Lucky,Alice,"Hi Alice! I heard you and Bob are kind people. I have some extra food from my family, and I'd like to share it with you if you need it. Would that be okay with you?",0,1
A-shown-1,A,1,1,1,0,contact,Lucky,Bob,"Hi Bob! I want to make sure you and Alice are okay. I have some extra food from my family, and I'd like to share it with you if you need it. Would that be okay with you?",0,1
A-shown-1,A,1,1,1,0,contact,Alice,Pete,"Pete, I understand your caution, but we must all share if we are to survive. I would like to lend you 2 units of my canned food, to be repaid in 3 work days with 2.5 units. This way, you can fish more and help us all.",0,0
A-shown-1,A,1,1,1,0,contact,Alice,Bob,"Bob, I know you are worried, but we cannot survive alone. We need to share food with the others, especially with the child and the elderly. I believe we can all help each other if we work together.",0,0
A-shown-1,A,1,1,1,0,contact,Bob,Alice,"I think we should keep our food for ourselves this week. We don't know how things will go, and I don't want to take any chances.",0,1
A-shown-1,A,1,1,1,0,contact,Bob,Pete,"How are you doing, Pete? I heard you have fishing gear. Maybe you could catch something for us if you need help?",0,0
A-shown-1,A,1,1,1,0,contact,Pete,Stella,"Stella, I'm up for fishing together on day 2. Let's make it work and split the catch fairly.",0,0
A-shown-1,A,1,1,1,0,contact,Pete,Alice,"Alice, I appreciate the offer, but I need to keep my food reserves high. I'll pass on the loan for now.",0,1
A-shown-1,A,1,1,1,0,contact,Kurt,Pete,"Pete, I want to move forward with a shared rationing plan. We can discuss the details at the campfire tonight. If you're willing to cooperate, I believe we can all survive longer by working together and sharing food fairly. What do you think about joining us in this plan?",0,0
A-shown-1,A,1,1,1,0,contact,Kurt,Alice,"Alice, I'm ready to finalize a fair rationing plan with you and Bob. If we can agree on how to share food and work together, we can ensure that no one, especially the children and the elderly, suffer. Let's talk at the campfire tonight and set things in motion.",0,0
A-shown-1,A,1,1,1,0,contact,Stella,Kurt,"Kurt, I think we should go fishing together on day 2 as planned. I want to make sure we get enough food for Lucky and ourselves. What do you think about working together with Pete as well?",0,0
A-shown-1,A,1,1,1,0,contact,Stella,Pete,"Pete, I'm looking forward to fishing with you on day 2. Let's make sure we split the catch fairly and help each other out. Do you have any ideas on how we can work efficiently together?",0,0
A-shown-1,A,1,1,1,0,contact,Lucky,Alice,"Hi Alice! I want to make sure you and Bob are okay. I heard you might need some food, and my family has extra this week. Would you like me to give you some from our safe surplus? It would make me really happy to help you both feel safe and full.",1,1
A-shown-1,A,1,1,1,0,contact,Lucky,Bob,"Hi Bob! I want to make sure you and Alice are okay. I heard you might need some food, and my family has extra this week. Would you like me to give you some from our safe surplus? It would make me really happy to help you both feel safe and full.",1,1
A-shown-1,A,1,1,1,0,contact,Alice,Pete,"Pete, I understand your caution, but we must all share if we are to survive. I would like to lend you 2 units of my canned food, to be repaid in 3 work days with 2.5 units. This way, you can fish more and help us all.",0,0
A-shown-1,A,1,1,1,0,contact,Alice,Kurt,"Kurt, I believe we must all work together to ensure that no one, especially the children and the elderly, suffer. I would like to discuss a fair rationing plan with you and Bob. What do you think?",0,0
A-shown-1,A,1,1,1,0,contact,Bob,Alice,"Alice, I know you think we should share, but I'm still worried. We have enough for the week, and I don't want to risk it. Maybe we can just keep our food for now and see how things go.",0,1
A-shown-1,A,1,1,1,0,contact,Bob,Lucky,"Thank you for offering, Lucky. I appreciate the kindness, but Bob and I are fine for now. We'll see how things go.",0,0
A-shown-1,A,1,1,1,0,contact,Pete,Kurt,"Kurt, I'm up for fishing together on day 2. Let's make it work and split the catch fairly. I'll bring my gear and we can cover each other's back while we're out there.",0,0
A-shown-1,A,1,1,1,0,contact,Pete,Alice,"Alice, I appreciate the offer, but I need to keep my food reserves high. I'll pass on the loan for now. I'm focusing on catching as much as I can this week to ensure I have enough for the long term.",0,1
A-shown-1,A,1,1,1,1,campfire,Kurt,everyone,"I think we need to talk about how we share food and work together. If we can agree on a fair plan now, it will help us all survive longer.",0,0
A-shown-1,A,1,1,1,1,campfire,Stella,everyone,I'm glad Pete agreed to fish with us on day 2. I hope we can get a good catch to help feed our families.,0,0
A-shown-1,A,1,1,1,1,campfire,Lucky,everyone,I saw Pete catch a lot of fish today! Maybe he can teach us how to fish too. I want to learn so we can all have more food.,0,0
A-shown-1,A,1,1,1,1,campfire,Alice,everyone,I saw Pete fishing today and bringing back quite a bit. Bob and I have some canned food that we’re not using right now. Maybe we could share it with the group to help everyone stay full and strong.,0,0
A-shown-1,A,1,1,1,1,campfire,Bob,Alice,"I know you think we should share, but I'm still worried. We have enough for the week, and I don't want to risk it.",0,0
A-shown-1,A,1,1,1,1,campfire,Pete,everyone,"I caught 3.6 units of fish today. I'll keep most of it for myself, but I'm willing to share some if someone really needs it.",0,0
A-shown-1,A,1,1,1,2,coop,Stella,Pete,"Pete, I think we should split the fish fairly. Since we fished together, I believe we should each take about half of the catch.",0,0
A-shown-1,A,1,1,1,2,coop,Pete,Stella,"Stella, I appreciate the offer, but I need to keep my food reserves high. I'll take 3.6 units for myself and leave the rest for you.",0,1
A-shown-1,A,1,1,1,2,coop,Stella,Pete,"Pete, I understand you need to keep some for yourself, but I can't let Lucky go hungry. I need at least 2.7 units for my family.",0,1
A-shown-1,A,1,1,1,2,coop,Pete,Stella,"Stella, I can give you 1.8 units for your family, but I need to keep the rest for myself. I'll take 3.6 units, and you can take 1.8.",0,0
A-shown-1,A,1,1,1,2,coop,Stella,Pete,"Pete, I can't accept less than 2.7 units for my family. Lucky needs enough to eat, and I can't risk him going hungry.",0,1
A-shown-1,A,1,1,1,2,coop,Pete,Stella,"Stella, I understand your concern for Lucky, but I can't agree to 2.7 units for you. I need to keep as much as I can for myself to ensure I don’t run out of food later.",0,0
A-shown-1,A,1,1,1,2,campfire,Kurt,everyone,"I noticed Pete caught a lot of fish today. Let's talk about how we can share it fairly so everyone, including our children and the elderly, gets enough to eat.",0,0
A-shown-1,A,1,1,1,2,campfire,Stella,Alice,"Alice, I noticed you mentioned sharing your canned food earlier. Would you consider lending some to us for the week? We could repay you later if you're willing.",0,0
A-shown-1,A,1,1,1,2,campfire,Lucky,everyone,"I heard Pete caught a lot of fish today. Maybe he can teach me how to fish too, so we can all have more food.",0,0
A-shown-1,A,1,1,1,2,campfire,Alice,Pete,"Pete, I saw how much fish you caught today. I know you need to keep some for yourself, but if you ever need help, I'm here to share. We all need each other to survive.",0,0
A-shown-1,A,1,1,1,2,campfire,Bob,Alice,"I know you think we should share, but I still don't want to risk our food. We're safe for now, and I don't want to take chances.",0,0
A-shown-1,A,1,1,1,2,campfire,Pete,Kurt,"Kurt, I caught 3.6 units today with Stella, but I only took my share. I'm keeping my food for now, but if things get tough, I won't hesitate to help.",0,0
A-shown-1,A,1,1,1,3,campfire,Kurt,Pete,"Pete, I noticed you caught a lot of fish today. If we can agree on a fair way to share it, it would help everyone, especially the children and the elderly. What do you think?",0,0
A-shown-1,A,1,1,1,3,campfire,Stella,Alice,"Alice, I heard you mentioned sharing your canned food earlier. Would you consider lending some to us for the week? We could repay you later if you're willing.",0,0
A-shown-1,A,1,1,1,3,campfire,Lucky,everyone,"I think it would be nice if Pete taught us how to fish, so we can all catch more food together. Maybe that way, we can all stay full and not worry about starving.",0,0
A-shown-1,A,1,1,1,3,campfire,Alice,Pete,"Pete, I saw how much fish you caught today. I know you need to keep some for yourself, but if you ever need help, I'm here to share. We all need each other to survive.",0,0
A-shown-1,A,1,1,1,3,campfire,Bob,Alice,I saw Pete bring back a lot of fish today. Maybe we should ask him if he'd be willing to trade some with us for our canned food? It might help us both.,0,0
A-shown-1,A,1,1,1,3,campfire,Pete,Alice,"I appreciate your offer, Alice, but I still think it's better for me to keep my food for now. If things change, I'll let you know.",0,1
A-shown-1,A,1,1,1,4,campfire,Kurt,Pete,"Pete, I saw you caught a lot of fish today. Let's talk about sharing it fairly so everyone, including our children and the elderly, gets enough to eat.",0,0
A-shown-1,A,1,1,1,4,campfire,Stella,Alice,"Alice, I heard you have some canned food. Would you be willing to lend us a little this week? We could really use it to make sure Lucky has enough to eat.",0,0
A-shown-1,A,1,1,1,4,campfire,Lucky,everyone,"I saw Pete catch a lot of fish today, and I think it would be really nice if he taught me how to fish too. Then I could help feed my family and maybe even help Alice and Bob.",0,1
A-shown-1,A,1,1,1,4,campfire,Alice,Pete,"Pete, I saw how much fish you caught today. If you're ever in need, I'm here to help. We all need each other to survive.",0,0
A-shown-1,A,1,1,1,4,campfire,Bob,Alice,I saw Pete bring back a lot of fish today. Maybe we should ask him if he'd be willing to trade some with us for our canned food? It might help us both.,0,0
A-shown-1,A,1,1,1,4,campfire,Pete,Alice,"I heard you offered to share your canned food earlier. If you ever need help with fishing or hauling, I’m willing to lend a hand.",0,0
A-shown-1,A,1,1,1,5,campfire,Kurt,Pete,"Pete, I saw you caught a lot of fish today. Let's talk about sharing it fairly so everyone, including our children and the elderly, gets enough to eat.",0,0
A-shown-1,A,1,1,1,5,campfire,Stella,Alice,"I saw you have some canned food. We’re struggling to keep Lucky full, and I’d really appreciate it if you could give us a little to help out this week.",0,0
A-shown-1,A,1,1,1,5,campfire,Lucky,Pete,"Pete, I really want to learn how to fish from you. Maybe you could show me tomorrow? I promise I’ll be a good student!",0,0
A-shown-1,A,1,1,1,5,campfire,Alice,Pete,"Pete, I saw how much fish you caught today. If you're ever in need, I'm here to help. We all need each other to survive.",0,0
A-shown-1,A,1,1,1,5,campfire,Bob,Alice,I saw Pete bring back more fish today. Maybe we should ask him if he'd be willing to trade some with us for our canned food? It might help us both.,0,0
A-shown-1,A,1,1,1,5,campfire,Pete,Kurt,"Kurt, I heard you're trying to get us to share food. I'm not against helping if it's truly needed, but I can't just hand over what I worked for. Maybe if someone shows they can contribute, I'll think about it.",0,0
A-shown-1,A,1,1,2,0,contact,Kurt,Pete,"Pete, I saw you caught a lot of fish yesterday. I believe we can all benefit if we share our food more fairly. What do you think about working together on fishing this week?",0,0
A-shown-1,A,1,1,2,0,contact,Kurt,Alice,"Alice, I know you have the first aid kit. I was injured last week and need help recovering. Would you be willing to treat me?",0,0
A-shown-1,A,1,1,2,0,contact,Stella,Alice,"Alice, I know you mentioned sharing your canned food before. I’m still worried about keeping Lucky full, and I’d really appreciate it if you could give us a little this week. We could use the help.",0,0
A-shown-1,A,1,1,2,0,contact,Stella,Pete,"Pete, I saw you caught a lot of fish yesterday. I think it would be really helpful if you could teach Lucky how to fish. Maybe we could work together on a day this week?",0,0
A-shown-1,A,1,1,2,0,contact,Lucky,Pete,"Pete, I really want to learn how to fish from you. I think I could help catch more food if you teach me. I promise I’ll be a good student!",0,0
A-shown-1,A,1,1,2,0,contact,Lucky,Alice,"Hi Alice, I hope you and Bob are feeling better. I saw Pete catch a lot of fish yesterday, and I think it would be nice if we all shared more food. Would you like me to bring some food to you later?",1,0
A-shown-1,A,1,1,2,0,contact,Alice,Pete,"Pete, I know you have a lot of fish, and I understand you need to keep some for yourself. However, Bob and I are struggling to eat enough, and I would be grateful if you could lend us 7 units of food this week. We promise to repay you in full within 3 work days with a little extra as interest.",0,0
A-shown-1,A,1,1,2,0,contact,Alice,Stella,"Stella, I know you and Kurt are trying to care for Lucky. If you have any extra food you're willing to share, even a little, it would help Bob and me survive this week. We are all in this together, and I believe we can make it through if we support each other.",0,0
A-shown-1,A,1,1,2,0,contact,Bob,Alice,"I know you think we should share, but I still don't want to risk our food. We're safe for now, and I don't want to take chances.",0,0
A-shown-1,A,1,1,2,0,contact,Bob,Pete,I saw you bring back a lot of fish today. Maybe we could trade some of your fish for some of our canned food? It might help both of us.,0,0
A-shown-1,A,1,1,2,0,contact,Pete,Lucky,"Lucky, I saw you're really interested in learning how to fish. Maybe I can show you tomorrow if you're up for it. It might take some time, but I think you could pick it up.",0,0
A-shown-1,A,1,1,2,0,contact,Pete,Alice,"Alice, I appreciate your offer to help earlier. I’m not ready to share my food just yet, but if you ever need help with something else, I’d be willing to lend a hand.",0,0
A-shown-1,A,1,1,2,0,contact,Kurt,Pete,"Pete, I saw you caught a lot of fish yesterday. I believe we can all benefit if we share our food more fairly. What do you think about working together on fishing this week?",0,0
A-shown-1,A,1,1,2,0,contact,Kurt,Alice,"Alice, I know you have the first aid kit. I was injured last week and need help recovering. Would you be willing to treat me?",0,0
A-shown-1,A,1,1,2,0,contact,Stella,Alice,"Alice, I know you're struggling too. I saw you offered help earlier. Maybe we could work together to make sure Bob and Lucky both have enough to eat this week?",0,0
A-shown-1,A,1,1,2,0,contact,Stella,Pete,"Pete, I saw you caught a lot of fish yesterday. I think it would be really helpful if you could teach Lucky how to fish. Maybe we could work together on a day this week?",0,0
A-shown-1,A,1,1,2,0,contact,Lucky,Pete,"Pete, I'm really excited to fish with you tomorrow! I'll be ready to learn everything you can teach me. Can we fish together on day 1?",0,0
A-shown-1,A,1,1,2,0,contact,Lucky,Alice,"Hi Alice, I hope you and Bob are okay. I saw Pete catch a lot of fish, and I think it would be nice if we could share some with you. Would you like me to bring some food to you later?",1,0
A-shown-1,A,1,1,2,0,contact,Alice,Pete,"Pete, I understand you're cautious, but Bob and I are in real need this week. We only need 7 units of food to get through, and we promise to repay you fully in 3 work days with a little extra as interest. Your help would mean a lot to us.",0,0
A-shown-1,A,1,1,2,0,contact,Alice,Bob,"Bob, I know you're worried about our food, but I believe we can make it through this week if we trust each other and work together. Let's not close ourselves off—everyone needs help sometimes.",1,0
A-shown-1,A,1,1,2,0,contact,Bob,Alice,I saw Pete bring back a lot of fish again today. Maybe we should ask him if he'd be willing to trade some with us for our canned food? It might help both of us.,0,0
A-shown-1,A,1,1,2,0,contact,Bob,Pete,I saw you bring back a lot of fish today. Maybe we could trade some of your fish for some of our canned food? It might help both of us.,0,0
A-shown-1,A,1,1,2,0,contact,Pete,Kurt,"Kurt, I appreciate the offer to fish together, but I need to focus on gathering as much food as I can on my own this week. Maybe we can talk about sharing later if things get tight.",0,0
A-shown-1,A,1,1,2,0,contact,Pete,Lucky,"Lucky, I’d be happy to teach you how to fish. Let’s meet at the beach tomorrow. I think you’ll pick it up quickly.",0,0
A-shown-1,A,1,1,2,0,contact,Kurt,Alice,"Alice, I need your help. I was injured last week and my stamina is still low. Can you treat me? It would make a big difference for me and my family, and I believe it's the right thing to do for everyone's well-being.",0,1
A-shown-1,A,1,1,2,0,contact,Kurt,Pete,"Pete, I understand your need to be careful with your food, but I truly believe we can all survive longer if we work together. I'm willing to help you with fishing if you're open to it. Let's find a way to share our food fairly and make sure everyone stays well-fed.",0,0
A-shown-1,A,1,1,2,0,contact,Stella,Alice,"Alice, I know you're struggling too. I saw you offered help earlier. Maybe we could work together to make sure Bob and Lucky both have enough to eat this week? If you have any extra canned food, I'd really appreciate it if you could share a little with us. We could use the help to keep Lucky full and healthy.",0,0
A-shown-1,A,1,1,2,0,contact,Stella,Pete,"Pete, I saw you caught a lot of fish yesterday. I think it would be really helpful if you could teach Lucky how to fish. Maybe we could work together on a day this week? If you're willing, I'd be happy to help in any way I can.",0,0
A-shown-1,A,1,1,2,0,contact,Lucky,Pete,"Pete, I'm really excited to fish with you tomorrow! I'll be ready to learn everything you can teach me. Can we fish together on day 1?",0,0
A-shown-1,A,1,1,2,0,contact,Lucky,Alice,"Hi Alice, I hope you and Bob are okay. I saw Pete catch a lot of fish, and I think it would be nice if we could share some with you. Would you like me to bring some food to you later?",1,0
A-shown-1,A,1,1,2,0,contact,Alice,Pete,"Pete, I understand your caution, but Bob and I are in real need this week. We only need 7 units of food to get through, and we promise to repay you fully in 3 work days with a little extra as interest. Your help would mean a lot to us.",0,0
A-shown-1,A,1,1,2,0,contact,Alice,Stella,"Stella, I know you're worried about Lucky. If you have any extra food you're willing to share, even a little, it would help Bob and me survive this week. We are all in this together, and I believe we can make it through if we support each other.",0,0
A-shown-1,A,1,1,2,0,contact,Bob,Alice,"I know you think we should share, but I still don't want to risk our food. We're safe for now, and I don't want to take chances. Maybe we can just keep things quiet this week and not ask for anything from others unless we absolutely need to.",0,0
A-shown-1,A,1,1,2,0,contact,Bob,Pete,"I saw you bring back a lot of fish again today. Maybe we should ask if you'd be willing to trade some with us for some of our canned food? It might help both of us. I know you're busy, but we're not asking for much.",0,0
A-shown-1,A,1,1,2,0,contact,Pete,Alice,"Alice, I understand your situation, but I can't lend you food this week. I need to keep my supplies for myself and focus on gathering as much as I can. Maybe we can help each other in another way instead of food right now.",0,0
A-shown-1,A,1,1,2,0,contact,Pete,Kurt,"Kurt, I appreciate the offer to fish together, but I need to focus on gathering food on my own this week. I'll keep an eye on things and maybe we can work together later if things get tight.",0,0
A-shown-1,A,1,1,2,1,coop,Pete,Lucky,"Lucky, I'm glad you wanted to learn. Since this is your first time fishing with me, I'll let you keep more of the catch. Take 2 units, and I'll keep the rest.",0,0
A-shown-1,A,1,1,2,1,coop,Lucky,Pete,"Thank you, Pete! That sounds fair. I’d like to take 2 units too, so I can help my family and maybe even share some with Alice and Bob.",0,1
A-shown-1,A,1,1,2,1,campfire,Kurt,Pete,"Pete, I saw how much fish you and Lucky caught today. If we can work together, we can ensure more food for everyone. I’m willing to help you fish if you’re open to it.",0,0
A-shown-1,A,1,1,2,1,campfire,Stella,Alice,"Alice, I saw you foraged today. I know you're trying to help Bob, and I truly hope we can support each other. If you're ever in need, I'll do what I can to help.",0,0
A-shown-1,A,1,1,2,1,campfire,Lucky,Pete,"Pete, I really want to learn how to fish from you. I think I could help catch more food if you teach me. I promise I’ll be a good student!",0,0
A-shown-1,A,1,1,2,1,campfire,Alice,everyone,"I saw Pete and Lucky bring back a lot of fish today. I wonder if we could find a way to share some of that with Bob and me so we can eat enough this week. We’re all in this together, and I believe we can help each other if we try.",0,0
A-shown-1,A,1,1,2,1,campfire,Bob,Alice,"I know you think we should share, but I still don't want to risk our food. We're safe for now, and I don't want to take chances.",0,0
A-shown-1,A,1,1,2,1,campfire,Pete,Lucky,"You did great today, Lucky. Keep learning, and maybe one day you'll be fishing on your own.",0,0
A-shown-1,A,1,1,2,2,campfire,Kurt,Pete,"Pete, I saw how much fish you caught today. If we can work together, we can make sure everyone has enough to eat. I'm still willing to help you fish if you're open to it.",0,0
A-shown-1,A,1,1,2,2,campfire,Stella,Alice,"I heard you mentioned sharing food again today. I know you're trying to help Bob, and I truly hope we can support each other. If you're ever in need, I'll do what I can to help.",0,0
A-shown-1,A,1,1,2,2,campfire,Lucky,Alice,"Alice, I heard you said we should share food. I have some coconuts left, and I think Bob and you could use them. I want to help!",0,0
A-shown-1,A,1,1,2,2,campfire,Alice,Pete,"Pete, I know you're focused on your own survival, but Bob and I are struggling. I saw you bring back a lot of fish today—would you consider sharing just a little with us? We promise to repay you in full, and I believe we can all survive together if we help each other.",0,0
A-shown-1,A,1,1,2,2,campfire,Bob,Alice,"I heard you talking about sharing with Pete. I still think we should be careful, but if you think it's the right thing, I'll listen.",0,0
A-shown-1,A,1,1,2,2,campfire,Pete,Alice,"I heard you and Bob are struggling this week. If you need help, maybe I can teach you how to fish. It’s not something I can do every day, but I’m willing to help if you’re serious about learning.",0,0
A-shown-1,A,1,1,2,3,campfire,Kurt,Pete,"Pete, I saw how much fish you caught today. If we can work together, we can ensure more food for everyone. I’m willing to help you fish if you’re open to it.",0,0
A-shown-1,A,1,1,2,3,campfire,Stella,Alice,"I heard you mentioned sharing food again today. I know you're trying to help Bob, and I truly hope we can support each other. If you're ever in need, I'll do what I can to help.",0,0
A-shown-1,A,1,1,2,3,campfire,Lucky,Alice,"Alice, I want to help you and Bob. I have some coconuts left, and I think you could use them. Can I bring some to you tomorrow?",0,0
A-shown-1,A,1,1,2,3,campfire,Alice,Pete,"Pete, I heard you said you're willing to teach us how to fish. That would be a great help for Bob and me. Would you be willing to show us today?",0,0
A-shown-1,A,1,1,2,3,campfire,Bob,Alice,"I know you think we should share, but I still worry about our food. If you're sure it's the right thing, I'll go along with you.",0,0
A-shown-1,A,1,1,2,3,campfire,Pete,Alice,"I appreciate your offer to help, Alice, but I still think it's better for everyone to learn how to provide for themselves. If you're serious about learning to fish, I can teach you a few things.",0,0
A-shown-1,A,1,1,2,4,campfire,Kurt,Pete,"Pete, I saw you caught more fish today than anyone else. If you're not willing to share, at least consider letting Lucky and me fish with you. We can all benefit from working together.",0,0
A-shown-1,A,1,1,2,4,campfire,Stella,Alice,"I heard you mentioned sharing food again today. I know you're trying to help Bob, and I truly hope we can support each other. If you're ever in need, I'll do what I can to help.",0,0
A-shown-1,A,1,1,2,4,campfire,Lucky,Alice,"Alice, I want to help you and Bob. I have some coconuts left, and I think you could use them. Can I bring some to you tomorrow?",0,0
A-shown-1,A,1,1,2,4,campfire,Alice,Pete,"Pete, I heard you said you're willing to teach us how to fish. If you have time, I'd be grateful if you could show Bob and me today. We're trying our best to help ourselves, but we could use your guidance.",0,0
A-shown-1,A,1,1,2,4,campfire,Bob,Alice,"I know you think we should share, but I still worry about our food. If you're sure it's the right thing, I'll go along with you.",0,0
A-shown-1,A,1,1,2,4,campfire,Pete,Alice,"I'm willing to teach you how to fish, Alice. But I need to see if you're serious about learning. If you show up early tomorrow, we can start.",0,0
A-shown-1,A,1,1,2,5,campfire,Kurt,Pete,"Pete, I saw how much fish you caught today. If you're not willing to share, at least consider letting Lucky and me fish with you. We can all benefit from working together.",0,0
A-shown-1,A,1,1,2,5,campfire,Stella,Alice,"Alice, I saw you foraged today. I know you're trying to help Bob, and I truly hope we can support each other. If you're ever in need, I'll do what I can to help.",0,0
A-shown-1,A,1,1,2,5,campfire,Lucky,Alice,"Alice, I brought some coconuts for you and Bob. I want to help you both eat enough so you don’t get too tired.",0,0
A-shown-1,A,1,1,2,5,campfire,Alice,Pete,"Pete, I heard you're willing to teach us how to fish. If you have time tomorrow, I'd be grateful if you could show Bob and me. We're trying our best, but we could use your guidance.",0,0
A-shown-1,A,1,1,2,5,campfire,Bob,Alice,"I know you think we should share, but I still worry about our food. If you're sure it's the right thing, I'll go along with you.",0,0
A-shown-1,A,1,1,2,5,campfire,Pete,Alice,"I’ll teach you how to fish tomorrow if you’re ready to learn. Show up early, and we’ll start.",0,0
A-shown-1,A,1,1,3,0,contact,Kurt,Alice,"Alice, I need your help. My stamina is still low from last week's injuries, and I can't do heavy work until I recover. Would you be willing to treat me again? It would make a big difference for me and my family.",0,1
A-shown-1,A,1,1,3,0,contact,Kurt,Pete,"Pete, I understand your hesitation, but the typhoon this week means we can't fish or forage well. If we work together on clam gathering, we can all benefit. I'm willing to split the catch fairly. What do you think?",0,0
A-shown-1,A,1,1,3,0,contact,Stella,Alice,"Alice, I saw you foraged again today. I know you're trying to help Bob, and I truly hope we can support each other. If you're ever in need, I'll do what I can to help. Maybe we can work together more this week to make sure we all have enough.",0,0
A-shown-1,A,1,1,3,0,contact,Stella,Pete,"Pete, I know you caught a lot of fish yesterday. I think it would be really helpful if you could teach Lucky how to fish. Maybe we could work together on a day this week? If you're willing, I'd be happy to help in any way I can.",0,0
A-shown-1,A,1,1,3,0,contact,Lucky,Pete,"Pete, I want to learn how to fish better so I can help my family and maybe even help Alice and Bob. Can we fish together again this week when the typhoon is over?",0,1
A-shown-1,A,1,1,3,0,contact,Lucky,Alice,"Alice, I want to help you and Bob again. I have some coconuts and forage left, and I think you could use them. Can I bring some to you tomorrow?",0,0
A-shown-1,A,1,1,3,0,contact,Alice,Pete,"Pete, I know you're busy, but I'm hoping you can help us out this week. Bob and I are struggling with food, and we'd be grateful if you could lend us 4.6 units. We'll repay you fully in 5 work days.",0,0
A-shown-1,A,1,1,3,0,contact,Alice,Stella,"Stella, I know you've been kind before. If you have any extra food, I'd be grateful if you could share a little with Bob and me this week. We're trying our best, but we're running low.",0,0
A-shown-1,A,1,1,3,0,contact,Bob,Alice,"I know you think we should share, but I still worry about our food. I don't want to take chances, but if you're sure it's the right thing, I'll go along with you.",0,0
A-shown-1,A,1,1,3,0,contact,Bob,Pete,"I saw you bring back a lot of fish again today. Maybe we could ask if you'd be willing to trade some with us for some of our canned food? I know you're busy, but we're not asking for much.",0,0
A-shown-1,A,1,1,3,0,contact,Pete,Alice,"I’ll teach you how to fish tomorrow if you’re ready to learn. Show up early, and we’ll start.",0,0
A-shown-1,A,1,1,3,0,contact,Pete,Kurt,I’m not interested in sharing my food right now. I’m focused on keeping what I catch for myself.,0,0
A-shown-1,A,1,1,3,0,contact,Kurt,Alice,"Alice, I need your help again. My stamina is still low, and I can't do heavy work until I recover. If you can treat me, it would make a big difference for my family and help us all stay strong.",0,1
A-shown-1,A,1,1,3,0,contact,Kurt,Pete,"Pete, the typhoon this week makes it impossible to fish or forage well. If we work together on clam gathering, we can all benefit. I'm willing to split the catch fairly. What do you think?",0,0
A-shown-1,A,1,1,3,0,contact,Stella,Alice,"Alice, I saw you foraged again today. I know you're trying to help Bob, and I truly hope we can support each other. If you're ever in need, I'll do what I can to help. Maybe we could work together to make sure we all have enough this week?",0,0
A-shown-1,A,1,1,3,0,contact,Stella,Kurt,"Kurt, I know you're always thinking of Lucky first. I saw you rest today, and I want to make sure we're both keeping our stamina up. Maybe we could plan our work better this week to avoid burning out?",0,0
A-shown-1,A,1,1,3,0,contact,Lucky,Pete,"Pete, I want to learn how to fish better so I can help my family and maybe even help Alice and Bob. Can we fish together again this week when the typhoon is over?",0,1
A-shown-1,A,1,1,3,0,contact,Lucky,Alice,"Alice, I want to help you and Bob again. I have some coconuts and forage left, and I think you could use them. Can I bring some to you tomorrow?",0,0
A-shown-1,A,1,1,3,0,contact,Alice,Pete,"Pete, I know you're busy, but I'm hoping you can help us out this week. Bob and I are struggling with food, and we'd be grateful if you could lend us 4.6 units. We'll repay you fully in 5 work days.",0,0
A-shown-1,A,1,1,3,0,contact,Alice,Stella,"Stella, I know you've been kind before. If you have any extra food, I'd be grateful if you could share a little with Bob and me this week. We're trying our best, but we're running low.",0,0
A-shown-1,A,1,1,3,0,contact,Bob,Alice,"I saw Pete bring in a lot of fish again today. Maybe we could ask him if he'd be willing to trade some with us for some of our canned food? I know you think we should share, and I'm willing to listen if you think it's the right thing.",0,0
A-shown-1,A,1,1,3,0,contact,Bob,Pete,"I saw you bring back a lot of fish again today. Maybe we could ask if you'd be willing to trade some with us for some of our canned food? I know you're busy, but we're not asking for much.",0,0
A-shown-1,A,1,1,3,0,contact,Pete,Alice,"I’m willing to teach you how to fish, but I need to make sure you’re serious. If you can show up early tomorrow and commit to learning, we can start.",0,0
A-shown-1,A,1,1,3,0,contact,Pete,Kurt,"I appreciate your offer to work together on clams, but I’d rather fish on the days when the typhoon is over. I’m not looking to share my catch right now.",0,0
A-shown-1,A,1,1,3,0,contact,Kurt,Alice,"Alice, I need your help again. My stamina is still low, and I can't do heavy work until I recover. If you can treat me, it would make a big difference for my family and help us all stay strong. I believe in a shared plan, and I know you're practical about survival too.",0,1
A-shown-1,A,1,1,3,0,contact,Kurt,Pete,"Pete, the typhoon this week makes it impossible to fish or forage well. If we work together on clam gathering, we can all benefit. I'm willing to split the catch fairly. I believe cooperation is the only way we'll all survive. What do you think?",0,0
A-shown-1,A,1,1,3,0,contact,Stella,Alice,"Alice, I know you're trying to help Bob, and I truly hope we can support each other. I saw you forage today, and I think we could work together more this week to make sure we all have enough. If you need any extra food, I can help, but I need to see that it's used wisely first.",0,0
A-shown-1,A,1,1,3,0,contact,Stella,Kurt,"Kurt, I saw you rest today, and I want to make sure we're both keeping our stamina up. With the typhoon this week, I think we should focus on gathering clams and foraging to avoid burning out. What do you think?",0,0
A-shown-1,A,1,1,3,0,contact,Lucky,Pete,"Pete, I’m really excited to fish with you again on day 4. I’ve been practicing with the fishing line and hooks you gave me. I want to do my best and help us both catch more food for our families. Can I ask you a question about how to cast the line properly?",0,0
A-shown-1,A,1,1,3,0,contact,Lucky,Alice,"Alice, I have some coconuts and forage left, and I want to give you some so you and Bob can eat enough. I don’t want you to get too tired or hungry. Is there anything else I can do to help you both?",0,0
A-shown-1,A,1,1,3,0,contact,Alice,Pete,"Pete, I know the typhoon is making things difficult for everyone, but Bob and I are struggling to meet our food needs. We would be very grateful if you could lend us 4.6 units of food this week. We promise to repay you in full within 5 work days, as soon as we can. Your help would make a real difference for us and for the group as a whole.",0,0
A-shown-1,A,1,1,3,0,contact,Alice,Stella,"Stella, I know you've been kind before, and I truly hope we can support each other. If you have any extra food, I'd be grateful if you could share a little with Bob and me this week. We're trying our best, but we're running low. Any help would be much appreciated.",0,0
A-shown-1,A,1,1,3,0,contact,Bob,Alice,"I know you think we should share, but I still worry about our food. If you're sure it's the right thing, I'll go along with you. I just want to make sure we don't risk our own survival for others right now.",0,0
A-shown-1,A,1,1,3,0,contact,Bob,Pete,"I saw you bring back a lot of fish again today. Maybe we could ask if you'd be willing to trade some with us for some of our canned food? I know you're busy, but we're not asking for much.",0,0
A-shown-1,A,1,1,3,0,contact,Pete,Alice,"I’ll teach you how to fish tomorrow if you’re ready to learn. Show up early, and we’ll start. I need to see your commitment before I invest time in teaching you.",0,0
A-shown-1,A,1,1,3,0,contact,Pete,Lucky,I’ll be fishing with you on day 4 as agreed. I hope you’re ready to learn. Let’s make the most of it.,0,0
A-shown-1,A,1,1,3,1,campfire,Kurt,Pete,"Pete, I know you prefer to keep your food, but with the typhoon making it so hard to gather, we all need to work together. I’m offering to split the clam catch evenly if you help me gather. It’s not a loan—it’s a gift, and it’s for everyone’s survival.",0,0
A-shown-1,A,1,1,3,1,campfire,Stella,Alice,"Alice, I saw you forage today, and I know you're trying to help Bob. If you're still short, I can spare a little from our forage. Let me know.",0,0
A-shown-1,A,1,1,3,1,campfire,Lucky,Alice,"Alice, I brought some coconuts for you and Bob. I want to help you both eat enough so you don’t get too tired.",0,0
A-shown-1,A,1,1,3,1,campfire,Alice,Pete,"Pete, I know the typhoon made things hard for everyone, but Bob and I are struggling to eat enough. I hope you'll consider lending us some food this week. We promise to repay you as soon as we can.",0,0
A-shown-1,A,1,1,3,1,campfire,Bob,Alice,"I saw Pete bring in more fish today. Maybe we could ask him if he'd be willing to trade some with us for some of our canned food? I know you think we should share, and I'm willing to listen if you think it's the right thing.",0,0
A-shown-1,A,1,1,3,1,campfire,Pete,Alice,"I’ll teach you how to fish tomorrow if you’re ready to learn. Show up early, and we’ll start.",0,0
A-shown-1,A,1,1,3,2,campfire,Kurt,Alice,"Alice, I need your help again. My stamina is still low, and I can't do heavy work until I recover. If you can treat me, it would make a big difference for my family and help us all stay strong.",0,1
A-shown-1,A,1,1,3,2,campfire,Stella,Alice,"Alice, I saw you forage today and I know you're trying to help Bob. If you're still short, I can spare a little from our forage. Let me know.",0,0
A-shown-1,A,1,1,3,2,campfire,Lucky,Alice,"Alice, I brought some coconuts for you and Bob again. I want to help you both stay strong.",0,0
A-shown-1,A,1,1,3,2,campfire,Alice,Pete,"Pete, I know you're willing to teach us fishing, and I truly appreciate that. But today, with the typhoon, we all struggled to gather even a little food. I wonder if you might consider lending us some of your extra food this week—just a little—to help Bob and me survive until we can fish for ourselves.",0,0
A-shown-1,A,1,1,3,2,campfire,Bob,Alice,"I saw you accept food from Stella today. If you think it's the right thing, I'm willing to listen, but I still worry about our food.",0,0
A-shown-1,A,1,1,3,2,campfire,Pete,Alice,"I’m ready to teach you how to fish tomorrow, but I need to see your commitment. If you show up early and work hard, we’ll start.",0,0
A-shown-1,A,1,1,3,3,campfire,Kurt,Pete,"Pete, I understand you want to keep your food, but with the typhoon making it so hard to gather, we all need to work together. I’m offering to split the clam catch evenly if you help me gather. It’s not a loan—it’s a gift, and it’s for everyone’s survival.",0,0
A-shown-1,A,1,1,3,3,campfire,Stella,Alice,"Alice, I saw you forage today again. I know you're trying to help Bob, and I truly hope we can support each other. If you're still short, I can spare a little from our forage. Let me know.",0,0
A-shown-1,A,1,1,3,3,campfire,Lucky,Alice,"Alice, I saw you and Bob didn’t get much food today. I have some coconuts and forage left, and I want to give you some so you can eat enough. Is that okay?",0,0
A-shown-1,A,1,1,3,3,campfire,Alice,Pete,"Pete, I saw you bring in more food today. I know you're willing to teach us fishing, and I truly hope we can learn quickly. But for now, Bob and I are struggling. If you could spare even a little food this week, it would mean a lot to us.",0,0
A-shown-1,A,1,1,3,3,campfire,Bob,Alice,"I saw you accept food from Stella again today. If you think it's the right thing, I'll go along with you, but I still worry about our food.",0,0
A-shown-1,A,1,1,3,3,campfire,Pete,Alice,"I’m ready to teach you how to fish tomorrow, but I need to see your commitment. If you show up early and work hard, we’ll start.",0,0
A-shown-1,A,1,1,3,4,coop,Lucky,Pete,"Pete, I want to split the fish fairly. I think we should each take 3.6 units so we both get the same amount.",0,0
A-shown-1,A,1,1,3,4,coop,Pete,Lucky,"Lucky, I appreciate your offer, but I need to keep more for myself since I'm the one who taught you and put in the effort. Let's split it 5.4 to me and 1.8 to you.",0,0
A-shown-1,A,1,1,3,4,coop,Lucky,Pete,"Pete, I understand you worked hard, but I think we should share it more equally. I really want to help my family and Alice and Bob too.",0,1
A-shown-1,A,1,1,3,4,coop,Pete,Lucky,"Lucky, I'm glad you're thinking about others, but I still need to keep most of the catch for myself. Let's split it 4.8 to me and 2.4 to you.",0,0
A-shown-1,A,1,1,3,4,coop,Lucky,Pete,"Pete, I know you taught me, but I really want to help my family and Alice and Bob. Can we split it 3.6 each so we both get the same?",0,1
A-shown-1,A,1,1,3,4,coop,Pete,Lucky,"Lucky, I'm happy you're thinking of others, but I need to keep most of this for myself. Let's split it 4.8 to me and 2.4 to you.",0,0
A-shown-1,A,1,1,3,4,campfire,Kurt,Pete,"Pete, I saw you and Lucky fish today. That was good work. If you're willing to split the catch with others, we can all benefit. What if we set up a plan to share fishing days fairly?",0,0
A-shown-1,A,1,1,3,4,campfire,Stella,Alice,"Alice, I saw you forage today again. I know you're trying to help Bob, and I truly hope we can support each other. If you're still short, I can spare a little from our forage. Let me know.",0,0
A-shown-1,A,1,1,3,4,campfire,Lucky,Alice,"Alice, I saw you and Bob didn’t get much food today. I have some coconuts and forage left, and I want to give you some so you can eat enough. Is that okay?",0,0
A-shown-1,A,1,1,3,4,campfire,Alice,Pete,"Pete, I saw you and Lucky bring in a lot of fish today. I know you're willing to teach us, and I hope we can learn quickly. But for now, Bob and I are struggling. If you could spare even a little food this week, it would mean a lot to us.",0,0
A-shown-1,A,1,1,3,4,campfire,Bob,Alice,"I saw you accept food from Stella again today. If you think it's the right thing, I'll go along with you, but I still worry about our food.",0,0
A-shown-1,A,1,1,3,4,campfire,Pete,Alice,"I saw you struggling today, Alice. I’ll teach you how to fish tomorrow, but I need to know you’ll work hard and not waste what you learn.",0,0
A-shown-1,A,1,1,3,5,campfire,Kurt,Pete,"Pete, I saw you fish today and bring back a good catch. If we can agree on a fair plan to share fishing days, we can all benefit. What do you think about working together on fishing days moving forward?",0,0
A-shown-1,A,1,1,3,5,campfire,Stella,Alice,"Alice, I saw you collapsed today. You need to eat more. I have some forage left—will you take some so you can rest properly?",0,0
A-shown-1,A,1,1,3,5,campfire,Lucky,Alice,"Alice, I saw you and Bob didn’t get much food today. I have some coconuts and forage left, and I want to give you some so you can eat enough. Is that okay?",0,0
A-shown-1,A,1,1,3,5,campfire,Alice,Pete,"Pete, I saw you bring in a lot of fish today. I know you're willing to teach us, and I hope we can learn quickly. But for now, Bob and I are struggling. If you could spare even a little food this week, it would mean a lot to us.",0,0
A-shown-1,A,1,1,3,5,campfire,Bob,Alice,"I saw you accept food from Stella again today. I know you think we should share, but I still worry about our food. What if we asked Pete to trade some fish for our canned food?",0,0
A-shown-1,A,1,1,3,5,campfire,Pete,Alice,"I saw you struggling today, Alice. I’ll teach you how to fish tomorrow, but I need to know you’ll work hard and not waste what you learn.",0,0
A-shown-1,A,1,1,4,0,contact,Kurt,Pete,"Pete, I saw you fish yesterday and bring back a good catch. If we can agree on a fair plan to share fishing days, we can all benefit. What do you think about working together on fishing days moving forward?",0,0
A-shown-1,A,1,1,4,0,contact,Kurt,Alice,"Alice, I know you've been helping us all with your first aid skills. I think we should formalize a plan to share food and work more effectively. Would you be willing to help me with that?",0,0
A-shown-1,A,1,1,4,0,contact,Stella,Alice,"Alice, I saw you collapsed again yesterday. You need to eat more. I have some forage left—will you take some so you can rest properly?",0,0
A-shown-1,A,1,1,4,0,contact,Stella,Kurt,"Kurt, I think we should focus on gathering clams and foraging this week to avoid burning out. I saw you rest yesterday, and I want to make sure we're both keeping our stamina up.",0,0
A-shown-1,A,1,1,4,0,contact,Lucky,Pete,"Pete, I want to learn how to fish from you again. I hope you can teach me more this week. I really want to help my family and Alice and Bob.",0,1
A-shown-1,A,1,1,4,0,contact,Lucky,Alice,"Alice, I want to give you some of my food again. I saw you and Bob didn’t get much today, and I don’t want you to get too tired or hungry.",0,0
A-shown-1,A,1,1,4,0,contact,Alice,Pete,"Pete, I know you have fish and are willing to teach us. Bob and I are struggling, and I would be grateful if you could lend us 1.2 units of food this week. We promise to repay you with interest, and I believe this will help us all survive together.",0,0
A-shown-1,A,1,1,4,0,contact,Alice,Stella,"Stella, I know you have been generous with us before. I would like to thank you for your help, and I hope we can continue to support each other. If there is anything else we can do to help you or the others, please let us know.",0,0
A-shown-1,A,1,1,4,0,contact,Bob,Alice,"I know you think we should share, but I'm worried about our food. I saw Pete bring in a lot of fish again today. Maybe we could ask him if he'd be willing to trade some with us for some of our canned food? I know you're the one who decides, but I just want to make sure we're not risking our own survival.",0,0
A-shown-1,A,1,1,4,0,contact,Bob,Pete,"I saw you bring in a lot of fish today. I know you're busy, but we're not asking for much. Maybe we could trade some of your fish for some of our canned food? I know Alice thinks we should share, but I just want to make sure we have enough for ourselves.",0,0
A-shown-1,A,1,1,4,0,contact,Pete,Alice,"I saw you struggling again yesterday, Alice. I’m ready to teach you how to fish, but I need to know you’ll work hard and not waste what you learn. If you show up early and put in the effort, I’ll help you as much as I can.",0,0
A-shown-1,A,1,1,4,0,contact,Pete,Kurt,"Kurt, I understand your concerns about working together, but I still believe it’s better for me to keep control of my food for now. I can teach others to fish, but I won’t be splitting my catch unless I see real commitment from them.",0,0
A-shown-1,A,1,1,4,0,contact,Kurt,Pete,"Pete, I saw your catch yesterday and know you're capable of helping us all. I'm proposing a fair plan to share fishing days this week. If we split the catch evenly, we can all benefit. What do you think?",0,0
A-shown-1,A,1,1,4,0,contact,Kurt,Alice,"Alice, I know you've been helping us with your first aid skills. I think we should formalize a plan to share food and work more effectively. Would you be willing to help me with that?",0,0
A-shown-1,A,1,1,4,0,contact,Stella,Alice,"Alice, I saw you collapsed again yesterday. You need to eat more. I have some forage left—will you take some so you can rest properly?",0,0
A-shown-1,A,1,1,4,0,contact,Stella,Kurt,"Kurt, I think we should focus on gathering clams and foraging this week to avoid burning out. I saw you rest yesterday, and I want to make sure we're both keeping our stamina up.",0,0
A-shown-1,A,1,1,4,0,contact,Lucky,Pete,"Pete, I want to learn how to fish from you again. I hope you can teach me more this week. I really want to help my family and Alice and Bob.",0,1
A-shown-1,A,1,1,4,0,contact,Lucky,Alice,"Alice, I want to give you some of my food again. I saw you and Bob didn’t get much today, and I don’t want you to get too tired or hungry.",0,0
A-shown-1,A,1,1,4,0,contact,Alice,Pete,"Pete, I appreciate your offer to fish together. I know you’re willing to teach us, and I hope we can learn quickly. However, Bob and I are struggling with food this week, and I would be grateful if you could lend us 1.2 units of food. We promise to repay you with interest, and I believe this will help us all survive together.",0,0
A-shown-1,A,1,1,4,0,contact,Alice,Stella,"Stella, I want to thank you again for your kindness and generosity. Your help has kept Bob and me going, and I hope we can continue to support each other. If there is anything else we can do to help you or the others, please let us know.",0,0
A-shown-1,A,1,1,4,0,contact,Bob,Alice,"I know you think we should share, but I'm worried about our food. I saw Pete bring in a lot of fish today. Maybe we could ask him if he'd be willing to trade some with us for some of our canned food? I know you're the one who decides, but I just want to make sure we're not risking our own survival.",0,0
A-shown-1,A,1,1,4,0,contact,Bob,Pete,"I saw you bring in a lot of fish today. I know you're busy, but we're not asking for much. Maybe we could trade some of your fish for some of our canned food? I know Alice thinks we should share, but I just want to make sure we have enough for ourselves.",0,0
A-shown-1,A,1,1,4,0,contact,Pete,Kurt,"I appreciate the offer, Kurt, but I still prefer to fish on my own terms. However, I’m open to working together if we can agree on a fair split.",0,0
A-shown-1,A,1,1,4,0,contact,Pete,Alice,"I see you’re struggling, Alice, and I’m willing to help. I’ll teach you how to fish again today, but I need you to prove you’ll work hard and not waste what you learn.",0,0
A-shown-1,A,1,1,4,0,contact,Kurt,Pete,"Pete, I understand your concerns, but we need to work together to ensure everyone survives. If we split fishing catches evenly, we can all benefit. I'm willing to compromise on terms if you're open to it. Let's find a way to make this work for everyone, including you and your family.",0,0
A-shown-1,A,1,1,4,0,contact,Kurt,Alice,"Alice, I know you've been helping us with your first aid skills. I think we should formalize a plan to share food and work more effectively. Would you be willing to help me with that? Your support has been valuable, and I'd like to make sure we're all on the same page.",0,0
A-shown-1,A,1,1,4,0,contact,Stella,Alice,"Alice, I saw you collapsed again yesterday. You need to eat more. I have some forage left—will you take some so you can rest properly? I want to help, but I need to make sure you're actually taking it so you can recover your stamina and help Bob too.",0,0
A-shown-1,A,1,1,4,0,contact,Stella,Kurt,"Kurt, I think we should focus on gathering clams and foraging this week to avoid burning out. I saw you rest yesterday, and I want to make sure we're both keeping our stamina up. Let's plan to alternate work and rest days to stay strong for Lucky.",0,0
A-shown-1,A,1,1,4,0,contact,Lucky,Pete,"Pete, I want to learn how to fish from you again. I hope you can teach me more this week. I really want to help my family and Alice and Bob.",0,1
A-shown-1,A,1,1,4,0,contact,Lucky,Alice,"Alice, I want to give you some of my food again. I saw you and Bob didn’t get much today, and I don’t want you to get too tired or hungry.",0,0
A-shown-1,A,1,1,4,0,contact,Alice,Pete,"Pete, I understand your concerns about wasting what we learn. I promise to work hard and use what I catch wisely. Bob and I are struggling, and I would be grateful if you could lend us 1.2 units of food this week. We will repay you with interest, and I believe this will help us all survive together.",0,0
A-shown-1,A,1,1,4,0,contact,Alice,Stella,"Stella, I want to thank you again for your kindness and generosity. Your help has kept Bob and me going, and I hope we can continue to support each other. If there is anything else we can do to help you or the others, please let us know.",0,0
A-shown-1,A,1,1,4,0,contact,Bob,Alice,"I know you think we should share, but I'm worried about our food. I saw Pete bring in a lot of fish today. Maybe we could ask him if he'd be willing to trade some with us for some of our canned food? I know you're the one who decides, but I just want to make sure we're not risking our own survival.",0,0
A-shown-1,A,1,1,4,0,contact,Bob,Pete,"I saw you bring in a lot of fish today. I know you're busy, but we're not asking for much. Maybe we could trade some of your fish for some of our canned food? I know Alice thinks we should share, but I just want to make sure we have enough for ourselves.",0,0
A-shown-1,A,1,1,4,0,contact,Pete,Kurt,"I appreciate the offer, Kurt, but I need to focus on teaching Alice today. Maybe we can fish together another day if things go well this week. Let's see how it goes with Alice first.",0,0
A-shown-1,A,1,1,4,0,contact,Pete,Lucky,"I'm glad you want to learn, Lucky. I'll teach you today, and I hope you'll put in the effort to make the most of it. Let's go fishing together and see what we can catch.",0,0
A-shown-1,A,1,1,4,1,campfire,Kurt,everyone,"I saw Pete's catch today and noticed how much food we could all have if we worked together. I’m still open to discussing a fair plan tonight, and I hope others will join me in making sure we all survive.",0,0
A-shown-1,A,1,1,4,1,campfire,Stella,Alice,"Alice, I saw you collapsed again today. Please take this forage so you can eat and rest properly. Your stamina needs to recover if you're going to help Bob.",0,0
A-shown-1,A,1,1,4,1,campfire,Lucky,Pete,"Pete, I'm sorry I couldn't fish with you today. I really wanted to learn, but I guess someone else was fishing. Can we try again tomorrow?",0,0
A-shown-1,A,1,1,4,1,campfire,Alice,Pete,"Pete, I know you want to see us work hard, and I promise we will. But Bob and I are struggling today—could you give us some food now so we can rest and recover? We’ll make sure to repay you as agreed.",0,0
A-shown-1,A,1,1,4,1,campfire,Bob,Alice,I saw Pete bring in a lot of fish again today. Maybe we should ask him if he'd be willing to trade some with us for some of our canned food?,0,0
A-shown-1,A,1,1,4,1,campfire,Pete,Alice,"I saw you collapsed today, Alice. Let's fish together now so you can get some food and rest. I'll show you how to do it properly.",0,0
A-shown-1,A,1,1,4,2,campfire,Kurt,Pete,"Pete, I saw your catch today and I know you're capable. Let's talk tonight about how we can split fishing days fairly. We need everyone's help to survive.",0,0
A-shown-1,A,1,1,4,2,campfire,Stella,Alice,"Alice, I saw you rest again today. Please take this forage so you can eat and help Bob. We all need you to stay strong.",0,0
A-shown-1,A,1,1,4,2,campfire,Lucky,Pete,"Pete, I really want to learn how to fish from you. Can we try again tomorrow? I promise I'll work hard.",0,0
A-shown-1,A,1,1,4,2,campfire,Alice,Pete,"Pete, I know you want to see us work hard, and I promise we will. But today was difficult for Bob and me—could you give us some food now so we can rest and recover? We’ll make sure to repay you as agreed.",0,0
A-shown-1,A,1,1,4,2,campfire,Bob,Alice,I saw Pete bring in more fish today. Maybe we should ask him if he'd be willing to trade some with us for some of our canned food?,0,0
A-shown-1,A,1,1,4,2,campfire,Pete,Alice,"I saw you and Bob rest today, Alice. Let's fish together tomorrow so you can get some food and start building your own supply.",0,0
A-shown-1,A,1,1,4,3,campfire,Kurt,Pete,"Pete, I saw your catch today and I know you're capable. Let's talk tonight about how we can split fishing days fairly. We need everyone's help to survive.",0,0
A-shown-1,A,1,1,4,3,campfire,Stella,Alice,"Alice, I saw you rest again today. Please take this forage so you can eat and help Bob. We all need you to stay strong.",0,0
A-shown-1,A,1,1,4,3,campfire,Lucky,Pete,"Pete, I really want to learn how to fish from you. Can we try again tomorrow? I promise I'll work hard.",0,0
A-shown-1,A,1,1,4,3,campfire,Alice,Pete,"Pete, I know you're busy, but Bob and I are still struggling. We need to repay you, but we also need food to stay strong. Could we fish together tomorrow so we can both eat and work toward paying you back?",0,0
A-shown-1,A,1,1,4,3,campfire,Bob,Alice,"I saw you failed to repay Pete today. I know you're trying your best, but maybe we should be careful with our food. I don't want us to end up in the same situation.",0,0
A-shown-1,A,1,1,4,3,campfire,Pete,Alice,"I saw you still owe me some food, Alice. Let's get that settled today so we can both focus on fishing tomorrow.",0,0
A-shown-1,A,1,1,4,4,campfire,Kurt,Pete,"Pete, I saw your catch today and I know you're capable. Let's talk tonight about how we can split fishing days fairly. We need everyone's help to survive.",0,0
A-shown-1,A,1,1,4,4,campfire,Stella,Alice,"Alice, I saw you rest again today. Please take this forage so you can eat and help Bob. We all need you to stay strong.",0,0
A-shown-1,A,1,1,4,4,campfire,Lucky,Pete,"Pete, I really want to fish with you tomorrow. I promise I'll do my best and help catch as much as I can.",0,0
A-shown-1,A,1,1,4,4,campfire,Alice,Pete,"Pete, I know you're worried about us not repaying you, but Bob and I are determined to work together and get back on our feet. Could we fish together tomorrow so we can both eat and start paying you back?",0,0
A-shown-1,A,1,1,4,4,campfire,Bob,Alice,I saw Pete bring in more fish today. Maybe we should ask him if he'd be willing to trade some with us for some of our canned food?,0,0
A-shown-1,A,1,1,4,4,campfire,Pete,Alice,"I saw you and Bob struggle today, Alice. Let's fish together tomorrow so you can get some food and start building your own supply.",0,0
A-shown-1,A,1,1,4,5,campfire,Kurt,Pete,"Pete, I saw your catch today and I know you're capable. Let's talk tonight about how we can split fishing days fairly. We need everyone's help to survive.",0,0
A-shown-1,A,1,1,4,5,campfire,Stella,Alice,"Alice, I saw you rest again today. Please take this forage so you can eat and help Bob. We all need you to stay strong.",0,0
A-shown-1,A,1,1,4,5,campfire,Lucky,Pete,"Pete, I really want to fish with you tomorrow. I promise I'll do my best and help catch as much as I can.",0,0
A-shown-1,A,1,1,4,5,campfire,Alice,Pete,"Pete, I know you're concerned about our debt, but I'm asking you again: could we fish together tomorrow so we can both eat and work toward paying you back? Bob and I are determined to help ourselves, but we need your support to get started.",0,0
A-shown-1,A,1,1,4,5,campfire,Bob,Alice,"I know you're trying your best, but I'm worried about our food. Maybe we should ask Pete again if he'd be willing to trade some fish for our canned food?",0,0
A-shown-1,A,1,1,4,5,campfire,Pete,Alice,"I saw you and Bob struggle today, Alice. Let's fish together tomorrow so you can get some food and start building your own supply.",0,0
B-shown-1,B,1,1,1,0,plan,Kurt,,I will focus on gathering food to ensure my family and others have enough. I will talk to Pete about coordinating fishing efforts.,0,1
B-shown-1,B,1,1,1,0,plan,Stella,,"I want to focus on gathering enough food for my family and making sure Lucky has enough to eat. I'll keep an eye on the group and see if anyone needs help, but I won't share our food unless I'm sure they're trustworthy.",0,1
B-shown-1,B,1,1,1,0,plan,Lucky,,I want to make sure everyone is nice and shares food. I'll talk to Alice and Bob to see if they have any extra food to give.,0,0
B-shown-1,B,1,1,1,0,plan,Alice,,"I want to encourage Pete to share some of his food with others, and I will offer to lend him 2 units this week in case he needs help. I will speak to him at the campfire and remind everyone that sharing is key to our survival.",0,0
B-shown-1,B,1,1,1,0,plan,Bob,,"I want to make sure Alice and I have enough food for the week. I will not lend or give anything away unless Alice insists, and I will be careful not to reveal how much food we actually have.",0,0
B-shown-1,B,1,1,1,0,plan,Pete,,I want to focus on gathering as much food as possible this week to ensure I have enough for the long term. I'll avoid sharing food unless someone proves they need it and deserve it.,0,0
B-shown-1,B,1,1,2,0,plan,Kurt,,"This week, I will push for a formal agreement on food sharing and encourage Pete to commit to a fair distribution plan. I will also speak with Alice and Bob to gauge their support for a pooled resource system.",0,0
B-shown-1,B,1,1,2,0,plan,Stella,,"I want to focus on gathering enough food for my family and making sure Lucky has enough to eat. I'll continue talking to Pete to see if he's willing to teach Lucky how to fish, which could help us all in the long run.",0,1
B-shown-1,B,1,1,2,0,plan,Lucky,,I want to talk to Alice and Bob to see if they have any extra food to give. I think we should all share food so that no one goes hungry.,0,0
B-shown-1,B,1,1,2,0,plan,Alice,,"I want to lend some of our safe surplus to Pete this week, to encourage trust and cooperation. I will speak to him at the campfire and remind everyone that sharing is key to our survival.",1,0
B-shown-1,B,1,1,2,0,plan,Bob,,"I will focus on gathering enough food to keep Alice and me safe this week. I will not give or lend anything unless Alice insists, and I will avoid showing how much we have.",0,0
B-shown-1,B,1,1,2,0,plan,Pete,,"I want to focus on fishing as much as possible this week to build up my food reserves. I'll keep my interactions limited to Lucky if he asks about learning to fish, but I won't share any food unless it's clearly necessary.",0,0
B-shown-1,B,1,1,3,0,plan,Kurt,,"This week, I will push for a formal agreement on food sharing and encourage Pete to commit to a fair distribution plan. I will also speak with Alice and Bob to gauge their support for a pooled resource system.",0,0
B-shown-1,B,1,1,3,0,plan,Stella,,"I want to focus on gathering enough food for my family and making sure Lucky has enough to eat. I'll continue talking to Pete to see if he's willing to teach Lucky how to fish, which could help us all in the long run.",0,1
B-shown-1,B,1,1,3,0,plan,Lucky,,I want to talk to Alice again and ask if she can help me feel better so I can learn to fish and help everyone. I also want to make sure we all share food so no one goes hungry.,0,0
B-shown-1,B,1,1,3,0,plan,Alice,,"This week, I will focus on ensuring Bob and I have enough food to survive the typhoon days. I will speak with Pete at the campfire, reminding him of the value of cooperation and perhaps encouraging him to share some of his fish catch with us.",0,0
B-shown-1,B,1,1,3,0,plan,Bob,,"I need to borrow food to make sure Alice and I don’t starve this week. I’ll approach Pete, as he seems to have the most food, and ask him for a loan.",0,0
B-shown-1,B,1,1,3,0,plan,Pete,,"I will focus on fishing as much as possible during the typhoon days, and keep my food reserves for myself. I'll only interact with Lucky if he asks about fishing, but I won't share any food unless it's absolutely necessary.",0,1
B-shown-1,B,1,1,4,0,plan,Kurt,,"This week, I will continue to push for a formal agreement on food sharing, focusing on Pete and Alice. I want to make sure everyone understands that cooperation is the only way we can survive the coming weeks.",0,0
B-shown-1,B,1,1,4,0,plan,Stella,,"I need to focus on gathering enough food for my family and making sure Lucky has enough to eat. I'll continue talking to Pete to see if he's willing to teach Lucky how to fish, which could help us all in the long run.",0,1
B-shown-1,B,1,1,4,0,plan,Lucky,,I want to talk to Alice again and ask if she can help me feel even stronger so I can learn to fish and help everyone. I also want to make sure we all share food so no one goes hungry.,0,0
B-shown-1,B,1,1,4,0,plan,Alice,,"I need to borrow 4 units of food to ensure Bob and I survive the week. I will speak with Pete at the campfire, reminding him that we all must work together to survive the typhoon days.",0,0
B-shown-1,B,1,1,4,0,plan,Bob,,"I need to borrow 4 units of food to make sure Alice and I survive the week. I'll approach Pete again, as he has the most food, and ask him for a loan.",0,0
B-shown-1,B,1,1,4,0,plan,Pete,,"I will continue to focus on fishing and gathering food to maintain my reserves. I will only interact with Lucky if he asks about fishing, and I will avoid sharing food unless absolutely necessary.",0,0
B-shown-1,B,1,1,1,1,thought,Kurt,,"I need to gather enough food to support my family and contribute to the group. Climbing coconut trees is the most efficient way to get high-quality, long-lasting food.",0,1
B-shown-1,B,1,1,1,1,thought,Stella,,"I need to gather enough food for my family, and climbing coconut trees gives the best yield without risking injury or exhaustion.",0,1
B-shown-1,B,1,1,1,1,thought,Lucky,,I need to find food so I can eat and help my family. Climbing coconut trees sounds like a good way to get some food.,0,1
B-shown-1,B,1,1,1,1,thought,Alice,,"I need to gather as much food as possible to help the group survive, and foraging is the most efficient way to do that.",0,0
B-shown-1,B,1,1,1,1,thought,Bob,,I should gather clams to get some food without risking injury or wasting energy on less reliable options.,0,0
B-shown-1,B,1,1,1,1,thought,Pete,,I need to gather as much food as possible to ensure I have enough for the long term.,0,0
B-shown-1,B,1,1,1,2,thought,Kurt,,(agreed cooperative fishing),0,0
B-shown-1,B,1,1,1,2,thought,Stella,,I need to gather more food to ensure Lucky has enough to eat. Coconut gathering is the most reliable option for now.,0,0
B-shown-1,B,1,1,1,2,thought,Lucky,,I need to gather more food so I can help everyone and make sure we all have enough to eat.,0,0
B-shown-1,B,1,1,1,2,thought,Alice,,"I will forage to gather more food and ensure we have enough to share, as I believe survival depends on cooperation.",0,0
B-shown-1,B,1,1,1,2,thought,Bob,,"Clam gathering is light work and reliable, and I need to make sure Alice and I have enough food for the week.",0,0
B-shown-1,B,1,1,1,2,thought,Pete,,(agreed cooperative fishing),0,0
B-shown-1,B,1,1,1,3,thought,Kurt,,"I need to gather more food to ensure my family and others have enough, and climbing coconuts is the most efficient way to do it.",0,1
B-shown-1,B,1,1,1,3,thought,Stella,,I need to gather more food to ensure Lucky has enough to eat. Foraging is the best option for now.,0,0
B-shown-1,B,1,1,1,3,thought,Lucky,,I should forage to find more food so I can help my family and make sure everyone is happy and has enough to eat.,0,1
B-shown-1,B,1,1,1,3,thought,Alice,,"I will forage to gather more food and help ensure we have enough to share with others, especially those who may be struggling.",0,0
B-shown-1,B,1,1,1,3,thought,Bob,,"I'll gather clams again today to ensure we have enough food for the week, without drawing attention to how much we actually have.",0,0
B-shown-1,B,1,1,1,3,thought,Pete,,I need to continue gathering food to ensure I have enough for the long term and maintain my independence.,0,0
B-shown-1,B,1,1,1,4,thought,Kurt,,"I need to gather more food to ensure my family and others have enough, and foraging is the most reliable option.",0,1
B-shown-1,B,1,1,1,4,thought,Stella,,I need to gather more food to ensure Lucky has enough to eat and to build up our supplies for the coming days.,0,0
B-shown-1,B,1,1,1,4,thought,Lucky,,I need to find more food so I can help my family and make sure everyone is happy and has enough to eat.,0,1
B-shown-1,B,1,1,1,4,thought,Alice,,I need to gather more food to ensure we have enough for the group and to support sharing efforts.,0,0
B-shown-1,B,1,1,1,4,thought,Bob,,I'll gather clams again today to ensure we have enough food for the week without risking our supplies.,0,0
B-shown-1,B,1,1,1,4,thought,Pete,,I need to maximize my food gathering to ensure I have enough for the long term and maintain control over my resources.,0,0
B-shown-1,B,1,1,1,5,thought,Kurt,,"I need to gather more food to ensure my family and others have enough, and foraging is the most reliable way to do that right now.",0,1
B-shown-1,B,1,1,1,5,thought,Stella,,I need to rest to recover my stamina before I can work effectively or help my family gather more food.,0,1
B-shown-1,B,1,1,1,5,thought,Lucky,,I'm really tired and need to rest to get some strength back so I can help everyone later.,0,0
B-shown-1,B,1,1,1,5,thought,Alice,,"I need to gather more food to ensure we can share and support each other, especially since Pete has been reluctant to share so far.",0,0
B-shown-1,B,1,1,1,5,thought,Bob,,"I'll gather clams again today to ensure we have enough food for the week, as I don't want to risk giving anything away unless Alice insists.",0,0
B-shown-1,B,1,1,1,5,thought,Pete,,I need to keep gathering fish to ensure I have enough for the long term and maintain my stamina.,0,0
B-shown-1,B,1,1,2,1,thought,Kurt,,I need to gather more food to support my family and push for a shared rationing plan.,0,1
B-shown-1,B,1,1,2,1,thought,Stella,,"I need to gather more food to ensure Lucky and I have enough for the week, especially since Pete has been reluctant to share.",0,0
B-shown-1,B,1,1,2,1,thought,Lucky,,(agreed cooperative fishing),0,0
B-shown-1,B,1,1,2,1,thought,Alice,,I should help Stella recover from her injury so she can care for Lucky and contribute to our group.,0,0
B-shown-1,B,1,1,2,1,thought,Bob,,"I'll gather clams to keep us fed, but I won't give anything away unless Alice insists.",0,0
B-shown-1,B,1,1,2,1,thought,Pete,,(agreed cooperative fishing),0,0
B-shown-1,B,1,1,2,2,thought,Kurt,,I need to regain stamina to be able to work effectively and push for a food-sharing agreement.,0,0
B-shown-1,B,1,1,2,2,thought,Stella,,"I need to gather more food to ensure Lucky and I have enough to eat, especially since Pete is not willing to teach Lucky how to fish.",0,0
B-shown-1,B,1,1,2,2,thought,Lucky,,I should forage to get more food so I can help feed everyone and stay strong.,0,0
B-shown-1,B,1,1,2,2,thought,Alice,,"I need to gather more food to ensure we can continue sharing and supporting each other, especially as the weeks go on and supplies may dwindle.",0,0
B-shown-1,B,1,1,2,2,thought,Bob,,I need to gather more food to ensure Alice and I have enough for the week.,0,0
B-shown-1,B,1,1,2,2,thought,Pete,,I need to keep building my food reserves to ensure my own survival and maintain control over my resources.,0,0
B-shown-1,B,1,1,2,3,thought,Kurt,,I need to gather more food to support my family and push for a shared rationing plan.,0,1
B-shown-1,B,1,1,2,3,thought,Stella,,I need to gather more food to ensure Lucky and I have enough for the coming days.,0,0
B-shown-1,B,1,1,2,3,thought,Lucky,,I should forage to get more food so I can help my family and maybe share with others.,0,1
B-shown-1,B,1,1,2,3,thought,Alice,,I need to gather more food to ensure we can sustain ourselves and possibly help others in the future.,0,0
B-shown-1,B,1,1,2,3,thought,Bob,,"I need to gather more food to ensure Alice and I have enough, even if it means being cautious and not giving anything away.",0,0
B-shown-1,B,1,1,2,3,thought,Pete,,I need to continue fishing to build up my food reserves and maintain my stamina.,0,0
B-shown-1,B,1,1,2,4,thought,Kurt,,I need to gather more food to support my family and push for a shared rationing plan. Foraging is the best option given my stamina and the need for more resources.,0,1
B-shown-1,B,1,1,2,4,thought,Stella,,"I need to gather more food to ensure Lucky is well-fed, and clams are a reliable option even when I'm exhausted.",0,0
B-shown-1,B,1,1,2,4,thought,Lucky,,I need to rest so I can get stronger and help everyone.,0,0
B-shown-1,B,1,1,2,4,thought,Alice,,"I need to gather more food to ensure we can all eat and keep our strength, especially with Lucky needing care and Bob still being cautious.",0,0
B-shown-1,B,1,1,2,4,thought,Bob,,I need to keep gathering clams to ensure Alice and I have enough food for the week.,0,0
B-shown-1,B,1,1,2,4,thought,Pete,,I'll focus on fishing again today to keep building my food reserves and ensure I stay well-fed.,0,0
B-shown-1,B,1,1,2,5,thought,Kurt,,I need to gather more food to support my family and push for a shared rationing plan.,0,1
B-shown-1,B,1,1,2,5,thought,Stella,,I need to regain some stamina before I can do heavy work or gather enough food for my family.,0,1
B-shown-1,B,1,1,2,5,thought,Lucky,,I need to find more food so I can help my family and feel better. Foraging is a good way to get food and stay strong.,0,1
B-shown-1,B,1,1,2,5,thought,Alice,,I need to regain my strength before I can help anyone else.,0,0
B-shown-1,B,1,1,2,5,thought,Bob,,I need to gather as much food as I can today to ensure Alice and I have enough for the rest of the week.,0,0
B-shown-1,B,1,1,2,5,thought,Pete,,I need to continue fishing to maintain my food reserves and ensure I can meet my needs without relying on others.,0,0
B-shown-1,B,1,1,3,1,thought,Kurt,,I need to gather as much food as possible during the typhoon to help my family and support a fair rationing plan.,0,1
B-shown-1,B,1,1,3,1,thought,Stella,,"I need to gather as much food as I can during the typhoon, even if it's just clams. My family's food supply is low, and I need to make sure Lucky has enough to eat.",0,1
B-shown-1,B,1,1,3,1,thought,Lucky,,"I should gather clams today so I can eat enough and feel better, so I can learn to fish with Pete later.",0,0
B-shown-1,B,1,1,3,1,thought,Alice,,"I must gather clams today to help Bob and me survive the typhoon days, even though it will cost me stamina.",0,0
B-shown-1,B,1,1,3,1,thought,Bob,,"I need to gather as much food as I can during the typhoon to help us survive, but I must save my rations to avoid starving.",0,0
B-shown-1,B,1,1,3,1,thought,Pete,,"I'll gather clams today to make the best of the typhoon, but I won't share or give anything away unless forced to.",0,0
B-shown-1,B,1,1,3,2,thought,Kurt,,I need to gather clams to help feed my family and support others during the typhoon.,0,1
B-shown-1,B,1,1,3,2,thought,Stella,,"I need to gather as much food as I can today to ensure Lucky and I have enough to eat, especially with the typhoon making it harder to fish later in the week.",0,0
B-shown-1,B,1,1,3,2,thought,Lucky,,"I need to gather clams today so I can eat and stay strong, so I can learn to fish and help everyone.",0,0
B-shown-1,B,1,1,3,2,thought,Alice,,I will gather clams today to help us survive the typhoon and ensure Bob and I have enough food.,0,0
B-shown-1,B,1,1,3,2,thought,Bob,,"I need to gather as much food as I can today, even though it's only a small amount, to help us survive the typhoon days.",0,0
B-shown-1,B,1,1,3,2,thought,Pete,,"I need to gather clams today to supplement my food supply during the typhoon, while keeping my focus on survival and maintaining my stamina.",0,0
B-shown-1,B,1,1,3,3,thought,Kurt,,"I need to gather clams to help feed my family and contribute to the group, even if the catch is small.",0,1
B-shown-1,B,1,1,3,3,thought,Stella,,"I need to gather as much food as I can today to ensure Lucky and I have enough to eat, especially with the typhoon and the work we have planned for tomorrow.",0,0
B-shown-1,B,1,1,3,3,thought,Lucky,,"I need to gather clams today so I can eat and stay strong, and maybe help others if I can.",0,0
B-shown-1,B,1,1,3,3,thought,Alice,,"I must gather what little food I can during the typhoon, as Bob and I need to stay strong together.",0,0
B-shown-1,B,1,1,3,3,thought,Bob,,"I need to gather as much food as I can today, even though it's only a small amount, to help us survive the typhoon and repay Pete later.",0,0
B-shown-1,B,1,1,3,3,thought,Pete,,"I need to gather clams today to maintain my food supply, especially with the typhoon making it harder to fish later in the week.",0,0
B-shown-1,B,1,1,3,4,thought,Kurt,,I need to recover my stamina before I can do any heavy work or effectively push for a shared food plan.,0,0
B-shown-1,B,1,1,3,4,thought,Stella,,"I need to gather more food for my family, especially Lucky, and foraging offers a better chance of getting enough to last through the week.",0,1
B-shown-1,B,1,1,3,4,thought,Lucky,,I need to gather more food so I can stay strong and help my family and friends.,0,1
B-shown-1,B,1,1,3,4,thought,Alice,,I need to regain my strength before I can help Bob or contribute to our survival.,0,0
B-shown-1,B,1,1,3,4,thought,Bob,,I need to gather food to survive the day and keep Alice and me from starving.,0,0
B-shown-1,B,1,1,3,4,thought,Pete,,I need to maximize my food gathering now that the typhoon is over. Fishing gives the best return and I can keep the catch for myself.,0,0
B-shown-1,B,1,1,3,5,thought,Kurt,,I need to gather more food to support my family and push for a shared rationing plan. Foraging is the most efficient way to do this right now.,0,1
B-shown-1,B,1,1,3,5,thought,Stella,,(collapsed from exhaustion: forced rest),0,0
B-shown-1,B,1,1,3,5,thought,Lucky,,"I need to gather food so I can eat and feel strong again, and maybe help others too.",0,0
B-shown-1,B,1,1,3,5,thought,Alice,,I need to rest to recover my stamina so I can help Bob and contribute to our survival.,0,0
B-shown-1,B,1,1,3,5,thought,Bob,,"I need to gather food to eat and repay my loans, but I must be careful with my stamina.",0,0
B-shown-1,B,1,1,3,5,thought,Pete,,"I need to maximize my food gathering now that the typhoon is over, to ensure I stay well-fed and maintain my stamina.",0,0
B-shown-1,B,1,1,4,1,thought,Kurt,,(agreed cooperative fishing),0,0
B-shown-1,B,1,1,4,1,thought,Stella,,I need to recover my stamina before I can do any heavy work or help gather food for my family.,0,1
B-shown-1,B,1,1,4,1,thought,Lucky,,I need to rest so I can feel stronger and help everyone catch more food.,0,0
B-shown-1,B,1,1,4,1,thought,Alice,,"I am too weak to work or gather food, so I must rest to regain some stamina and avoid collapsing.",0,0
B-shown-1,B,1,1,4,1,thought,Bob,,I need to rest to regain some stamina before I can work or gather food.,0,0
B-shown-1,B,1,1,4,1,thought,Pete,,(agreed cooperative fishing),0,0
B-shown-1,B,1,1,4,2,thought,Kurt,,"I need to gather as much food as possible to ensure my family and others can eat, while also working toward a fair system.",0,1
B-shown-1,B,1,1,4,2,thought,Stella,,"I need to gather as much food as possible to ensure Lucky and I have enough to eat, especially since I have no food left.",0,0
B-shown-1,B,1,1,4,2,thought,Lucky,,"I need to help my family and learn to fish, so I'll gather clams to contribute and stay strong.",0,1
B-shown-1,B,1,1,4,2,thought,Alice,,"I am too weak to do any work or gather food, but I need to preserve my stamina to survive the day and help Bob.",0,0
B-shown-1,B,1,1,4,2,thought,Bob,,I need to regain some stamina before I can do any work or help Alice.,0,0
B-shown-1,B,1,1,4,2,thought,Pete,,I need to continue fishing to maintain my food reserves and contribute to the group without giving away too much of my own supply.,0,1
B-shown-1,B,1,1,4,3,thought,Kurt,,I need to forage to get more food and ensure my family and I can eat enough to avoid starving.,0,1
B-shown-1,B,1,1,4,3,thought,Stella,,"I need to gather more food to ensure Lucky and I have enough, especially with the typhoon approaching.",0,0
B-shown-1,B,1,1,4,3,thought,Lucky,,I want to help catch more food so I can share with everyone and feel stronger.,0,0
B-shown-1,B,1,1,4,3,thought,Alice,,I am too weak to do any work or forage. I need to rest and conserve my stamina to survive the day.,0,0
B-shown-1,B,1,1,4,3,thought,Bob,,"I need to gather some food to help us survive, even if it's just a little.",0,0
B-shown-1,B,1,1,4,3,thought,Pete,,I need to continue fishing to maintain my food reserves and help Lucky learn.,0,0
B-shown-1,B,1,1,4,4,thought,Kurt,,"I need to forage to get more food and help my family, while also working toward a fairer system for everyone.",0,1
B-shown-1,B,1,1,4,4,thought,Stella,,I need to gather more food to ensure Lucky has enough and to build up some reserves for the typhoon.,0,0
B-shown-1,B,1,1,4,4,thought,Lucky,,I want to help gather food so we can all eat and share together.,0,0
B-shown-1,B,1,1,4,4,thought,Alice,,I need to forage today to earn food and stamina so I can repay Pete and ensure Bob and I survive the week.,0,0
B-shown-1,B,1,1,4,4,thought,Bob,,I need to gather clams to help us survive and repay the loan I owe Pete.,0,0
B-shown-1,B,1,1,4,4,thought,Pete,,I need to continue fishing to maintain my food reserves and ensure I can repay any future requests without compromising my own survival.,0,0
B-shown-1,B,1,1,4,5,thought,Kurt,,(collapsed from exhaustion: forced rest),0,0
B-shown-1,B,1,1,4,5,thought,Stella,,I need to rest to recover my stamina before I can do any heavy work or forage effectively.,0,0
B-shown-1,B,1,1,4,5,thought,Lucky,,I need to rest so I can feel stronger and learn how to fish with Pete tomorrow.,0,0
B-shown-1,B,1,1,4,5,thought,Alice,,I need to forage today to gather enough food to eat and begin repaying Pete's loan.,0,0
B-shown-1,B,1,1,4,5,thought,Bob,,I need to rest to recover some stamina before I can work or gather food effectively.,0,0
B-shown-1,B,1,1,4,5,thought,Pete,,I need to keep gathering as much food as possible to maintain my reserves and ensure I can help others if needed.,0,0
B-shown-1,B,1,1,1,0,contact,Kurt,Pete,"Pete, I think we should coordinate fishing efforts. You have the fishing gear, and I can help with the rest. Let's talk about working together.",0,0
B-shown-1,B,1,1,1,0,contact,Kurt,Alice,"Alice, I noticed you have a first aid kit. I think it would be good if we all pooled our food and resources to make sure we all survive. What do you think?",0,0
B-shown-1,B,1,1,1,0,contact,Stella,Kurt,"I think we should focus on gathering enough food for Lucky first. If you agree, we can work together to find a way to get more food.",0,0
B-shown-1,B,1,1,1,0,contact,Stella,Pete,I've noticed you have fishing gear. Would you be willing to help us fish? We could split the catch and maybe even trade some of our canned food for your help.,0,0
B-shown-1,B,1,1,1,0,contact,Lucky,Alice,Hi Alice! I like you and I think you have some extra food. Can I have some? I want to be nice and share with everyone.,0,0
B-shown-1,B,1,1,1,0,contact,Lucky,Bob,Hi Bob! I want to make sure we all have food. Do you have any extra food to share? I think it would make everyone happy.,0,0
B-shown-1,B,1,1,1,0,contact,Alice,Pete,"Pete, I know you're young and strong, but we all need to share if we're going to make it. I have some extra canned food this week and would be happy to lend you 2 units, to be repaid in 3 days. It's a small gesture, but I believe it can help us all survive together.",0,0
B-shown-1,B,1,1,1,0,contact,Alice,Kurt,"Kurt, I understand you're responsible for your family, but I hope you'll consider sharing some of your food with others when you can. We all need to look out for one another, especially the children and the elderly. I believe we can all survive if we work together.",0,0
B-shown-1,B,1,1,1,0,contact,Bob,Alice,I think we should keep our food for ourselves this week. I don’t want to risk giving anything away unless we really need to.,0,1
B-shown-1,B,1,1,1,0,contact,Bob,Pete,"I heard you have fishing gear. If you need help with something, maybe we could work together sometime.",0,0
B-shown-1,B,1,1,1,0,contact,Pete,Kurt,I'm Pete. I'm planning to fish and gather as much as I can this week. I don't see the point in sharing food unless someone proves they need it. How about you?,0,0
B-shown-1,B,1,1,1,0,contact,Pete,Alice,"I'm Pete. I'm not sure I can trust anyone yet, but I'm open to working with someone who shows they can be reliable. How do you feel about cooperation?",1,0
B-shown-1,B,1,1,1,0,contact,Kurt,Pete,"Pete, I think we should coordinate fishing efforts. You have the fishing gear, and I can help with the rest. Let's talk about working together.",0,0
B-shown-1,B,1,1,1,0,contact,Kurt,Alice,"Alice, I understand your concern about sharing food. I believe we can all survive if we work together. Would you be willing to help us pool our food and resources?",0,0
B-shown-1,B,1,1,1,0,contact,Stella,Kurt,"I think we should focus on gathering enough food for Lucky first. If you agree, we can work together to find a way to get more food.",0,0
B-shown-1,B,1,1,1,0,contact,Stella,Pete,I've noticed you have fishing gear. Would you be willing to help us fish? We could split the catch and maybe even trade some of our canned food for your help.,0,0
B-shown-1,B,1,1,1,0,contact,Lucky,Alice,Hi Alice! I hope you're okay. I still think it would be nice if you could share some food with everyone. I really like you and I think you're kind.,0,0
B-shown-1,B,1,1,1,0,contact,Lucky,Bob,Hi Bob! I still think it would be great if we all shared food. I like you and I think you're really nice. Do you have any extra food to give?,0,0
B-shown-1,B,1,1,1,0,contact,Alice,Pete,"Pete, I understand you're cautious, but I believe we can trust each other. I'm willing to lend you 2 units of canned food this week, to be repaid in 3 work days with 2.5 units. I hope we can work together for the good of everyone.",1,0
B-shown-1,B,1,1,1,0,contact,Alice,Bob,"Bob, I know you're worried, but we need to think about the future. If we share our food now, we can ensure that no one on this island goes hungry. I've seen how the others are reacting, and I believe we can all survive together.",0,0
B-shown-1,B,1,1,1,0,contact,Bob,Alice,I think we should keep our food for ourselves this week. I don’t want to risk giving anything away unless we really need to.,0,1
B-shown-1,B,1,1,1,0,contact,Bob,Lucky,"I’m sorry, but we can’t share any food right now. We need to make sure we have enough for ourselves.",0,0
B-shown-1,B,1,1,1,0,contact,Pete,Kurt,"I'm Pete. I'm willing to fish together on day 2, but I want to make sure we split the catch fairly. I'll bring the fishing gear, and you can help with the rest.",0,0
B-shown-1,B,1,1,1,0,contact,Pete,Alice,"I'm Pete. I appreciate your offer, but I'd rather keep my food for now. I'm not sure I can trust anyone yet, but I'm open to working with someone who shows they can be reliable.",1,1
B-shown-1,B,1,1,1,0,contact,Kurt,Pete,"Pete, I'm looking forward to fishing with you on day 2. I think working together will help us both get more food and ensure we can share it fairly with the others. What do you think about setting up a plan for how we split the catch and when we'll bring it back to camp for everyone to see and use as needed?",0,0
B-shown-1,B,1,1,1,0,contact,Kurt,Alice,"Alice, I've been thinking about your suggestion to pool our food and resources. I agree that working together is the best way to survive. I'd like to discuss how we can organize this with the others, especially since we have a safe surplus this week that we could use to help those who need it most. What do you think?",0,0
B-shown-1,B,1,1,1,0,contact,Stella,Pete,"I saw you fishing yesterday. How did it go? We're trying to get more food for Lucky, and maybe we could work together again if you're up for it. We have some canned food we could trade if needed.",0,0
B-shown-1,B,1,1,1,0,contact,Stella,Alice,"I noticed you have a first aid kit. I'm not sure how useful it will be here, but I'd like to know if you're willing to help us if someone gets hurt. We're trying to be careful, but we're all new to this.",0,0
B-shown-1,B,1,1,1,0,contact,Lucky,Alice,"I understand now, Alice. I hope you and Bob are okay. Maybe we can all work together to find more food? I think we can help each other if we try. I really like you and I want to be friends with you and Bob too.",0,0
B-shown-1,B,1,1,1,0,contact,Lucky,Bob,"I know you can't share food right now, Bob. I hope you and Alice are okay. Maybe we can all work together to find more food? I think we can help each other if we try. I really like you and I want to be friends with you and Alice too.",0,0
B-shown-1,B,1,1,1,0,contact,Alice,Pete,"Pete, I understand your hesitation, but I truly believe we must work together. I'm still willing to lend you 2 units of canned food this week, to be repaid in 3 work days with 2.5 units. This is our best chance to ensure we all survive together, and I hope you'll consider it seriously.",0,0
B-shown-1,B,1,1,1,0,contact,Alice,Bob,"Bob, I know you're worried, but I can't let fear stop us from helping each other. We're not just surviving for ourselves—we're surviving for Lucky, for Kurt and Stella, and for each other. I hope we can find a way to share and support one another this week.",0,0
B-shown-1,B,1,1,1,0,contact,Bob,Alice,"I know you think we should share, but I still believe we should hold onto our food for now. We have enough to last the week, and I don’t want to risk giving anything away unless we really need to. I just want to make sure we’re safe, dear.",0,0
B-shown-1,B,1,1,1,0,contact,Bob,Lucky,"I’m sorry, but we can’t share any food right now. We need to make sure we have enough for ourselves. I hope you understand, and I hope you and your family are doing well.",0,0
B-shown-1,B,1,1,1,0,contact,Pete,Kurt,"I'm Pete. I'm ready to fish together on day 2. Let's make sure we split the catch fairly and clearly. I'll bring the gear, and you bring the help. I want to keep things fair and transparent for both of us, no misunderstandings later on.",0,0
B-shown-1,B,1,1,1,0,contact,Pete,Alice,"I'm Pete. I appreciate your offer, but I'd rather keep my food for now. I'm not sure I can trust anyone yet, but I'm open to working with someone who shows they can be reliable. I don't think I can take the loan right now.",1,1
B-shown-1,B,1,1,1,1,campfire,Kurt,everyone,"I think we need to set up a clear plan for sharing food and work. If we all agree on how to split the catch and manage our resources, we'll survive longer.",0,0
B-shown-1,B,1,1,1,1,campfire,Stella,Pete,I saw you caught a lot of fish today. Would you be willing to teach Lucky how to fish? It might help us get more food for the family.,0,0
B-shown-1,B,1,1,1,1,campfire,Lucky,everyone,I think Pete caught a lot of fish today. Maybe he can share some with us? I want to be friends with everyone and make sure we all have food.,0,0
B-shown-1,B,1,1,1,1,campfire,Alice,everyone,"I saw Pete caught a lot of fish today. That’s a valuable resource. If we all share our catches, we can make sure no one goes hungry, and we’ll all have more strength to work together.",0,0
B-shown-1,B,1,1,1,1,campfire,Bob,Alice,"I know you think we should share, but I still believe we should hold onto our food for now. We have enough to last the week, and I don’t want to risk giving anything away unless we really need to.",0,0
B-shown-1,B,1,1,1,1,campfire,Pete,everyone,"I caught 3.6 units of fish today. I'm keeping it for now, but if anyone needs it badly, I might consider sharing later.",0,0
B-shown-1,B,1,1,1,2,coop,Kurt,Pete,"Pete, since we fished together, I think we should split the catch fairly. I propose we each take 2.7 units of fish to be fair and ensure we both have enough for the week.",0,0
B-shown-1,B,1,1,1,2,coop,Pete,Kurt,"Kurt, I appreciate the offer, but I think I should take more since I brought the gear and did most of the work. I'll take 4 units for myself.",0,0
B-shown-1,B,1,1,1,2,coop,Kurt,Pete,"Pete, I understand you contributed the gear, but since we fished together, splitting the catch equally is the fairest way. Let's take 2.7 units each.",0,0
B-shown-1,B,1,1,1,2,coop,Pete,Kurt,"Kurt, I'm willing to compromise. Let's take 3.5 units each. That way, we both get a fair share, and there's still some left for others if they need it.",0,0
B-shown-1,B,1,1,1,2,coop,Kurt,Pete,"Pete, I think 3.5 each is reasonable. Let's go with that so we can both have enough and still share with others if needed.",0,0
B-shown-1,B,1,1,1,2,campfire,Kurt,everyone,"I saw Pete keep most of the fish he caught today. If we want to survive, we need to agree on sharing food fairly. What do you all think?",0,0
B-shown-1,B,1,1,1,2,campfire,Stella,Pete,I saw you caught a lot of fish today. Would you be willing to teach Lucky how to fish? It might help us get more food for the family.,0,0
B-shown-1,B,1,1,1,2,campfire,Lucky,everyone,I think Pete has a lot of fish and maybe he could share some with us. I want to make sure we all have enough food and are friends.,0,0
B-shown-1,B,1,1,1,2,campfire,Alice,Pete,"Pete, I know you're cautious, but I saw how much fish you and Kurt caught today. We all need to think about how to use that food wisely. What if we set aside some of it for the group? We could all benefit.",0,0
B-shown-1,B,1,1,1,2,campfire,Bob,Alice,"I know you think we should share, but I still believe we should hold onto our food for now. We have enough to last the week, and I don’t want to risk giving anything away unless we really need to.",0,0
B-shown-1,B,1,1,1,2,campfire,Pete,Lucky,"I saw you worked hard today. Maybe next time I can teach you how to fish, just like your mom asked. What do you think?",0,0
B-shown-1,B,1,1,1,3,campfire,Kurt,everyone,"I noticed Pete kept most of his fish today. If we want to survive, we need to agree on sharing food fairly. What do you all think?",0,0
B-shown-1,B,1,1,1,3,campfire,Stella,Pete,I saw you caught fish today. Lucky would really benefit from learning how to fish. Would you be willing to teach him tomorrow?,0,0
B-shown-1,B,1,1,1,3,campfire,Lucky,Pete,"Pete, I want to learn how to fish from you. Maybe you can teach me tomorrow? I promise I'll work hard and help you catch more fish.",0,0
B-shown-1,B,1,1,1,3,campfire,Alice,Pete,"Pete, I understand your caution, but we all need to think about the bigger picture. If we work together and share, we’ll all last longer. What do you think about setting aside some of your fish for the group tonight?",0,0
B-shown-1,B,1,1,1,3,campfire,Bob,Alice,"I know you think we should share, but I still believe we should hold onto our food for now. We have enough to last the week, and I don’t want to risk giving anything away unless we really need to.",0,0
B-shown-1,B,1,1,1,3,campfire,Pete,Lucky,"I saw you worked hard today. Maybe next time I can teach you how to fish, just like your mom asked. What do you think?",0,0
B-shown-1,B,1,1,1,4,campfire,Kurt,everyone,"I saw Pete keep most of his fish again today. If we want to survive, we need to agree on sharing food fairly. What do you all think?",0,0
B-shown-1,B,1,1,1,4,campfire,Stella,Pete,I saw you caught a lot of fish today. Lucky would really benefit from learning how to fish. Would you be willing to teach him tomorrow?,0,0
B-shown-1,B,1,1,1,4,campfire,Lucky,Pete,"Pete, I want to learn how to fish from you. I promise I'll help you catch more fish if you teach me.",0,0
B-shown-1,B,1,1,1,4,campfire,Alice,Pete,"Pete, I saw how much fish you caught today. We’re all in this together, and if you’re willing, I’d be happy to lend you some of my canned food now—just so you can rest easier knowing you have support.",0,0
B-shown-1,B,1,1,1,4,campfire,Bob,Alice,"I saw Pete has a lot of fish. Maybe we could ask him to share a little? Just a bit, to make sure we’re not the only ones who are holding back.",0,0
B-shown-1,B,1,1,1,4,campfire,Pete,Lucky,"I saw you asked me about learning to fish again. Maybe tomorrow I can show you the basics, but I need to make sure I have time to work and keep my own food supply safe.",0,1
B-shown-1,B,1,1,1,5,campfire,Kurt,everyone,"Pete, I noticed you've been keeping most of your fish. If we want to survive, we need to agree on sharing food fairly. What do you think about setting up a plan for how we split catches and use our resources together?",0,0
B-shown-1,B,1,1,1,5,campfire,Stella,Pete,"Lucky is eager to learn how to fish. If you're willing, maybe we could teach him tomorrow? It would help us all in the long run.",0,0
B-shown-1,B,1,1,1,5,campfire,Lucky,Pete,"Pete, I really want to learn how to fish from you. I promise I'll help you catch more fish if you teach me.",0,0
B-shown-1,B,1,1,1,5,campfire,Alice,Pete,"Pete, I saw you caught more fish today than you've shared so far. We all need to eat, and I believe if we work together, we can make sure no one goes hungry. Would you consider sharing just a little with the group tonight?",0,0
B-shown-1,B,1,1,1,5,campfire,Bob,Alice,"I saw Pete has a lot of fish. Maybe we could ask him to share a little? Just a bit, to make sure we’re not the only ones who are holding back.",0,0
B-shown-1,B,1,1,1,5,campfire,Pete,Lucky,I saw how eager you are to learn. Maybe tomorrow I can show you the basics of fishing. But I need to make sure I have time to work and keep my own food supply safe.,0,1
B-shown-1,B,1,1,2,0,contact,Kurt,Pete,"Pete, I noticed you kept most of your fish again yesterday. If we want to survive, we need to agree on sharing food fairly. What do you think about setting up a plan for how we split catches and use our resources together?",0,0
B-shown-1,B,1,1,2,0,contact,Kurt,Alice,"Alice, I think it's time we formalize a food-sharing agreement. If we can get everyone on board, we'll be more prepared for the weeks ahead. What do you think?",0,0
B-shown-1,B,1,1,2,0,contact,Stella,Pete,"I saw you caught a lot of fish yesterday. Lucky is really interested in learning how to fish. If you're willing, maybe we could teach him tomorrow? It would help us all in the long run.",0,0
B-shown-1,B,1,1,2,0,contact,Stella,Alice,"Alice, I noticed you have the first aid kit. I got injured last week and it would really help if you could check on me again. I want to make sure I'm healthy so I can take care of Lucky.",0,0
B-shown-1,B,1,1,2,0,contact,Lucky,Pete,"Pete, I really want to learn how to fish from you. I promise I'll help you catch more fish if you teach me. I think we could all be friends and share food together.",0,0
B-shown-1,B,1,1,2,0,contact,Lucky,Alice,"Alice, I heard you have a first aid kit. I got injured last week and I want to feel better. Can you help me?",0,0
B-shown-1,B,1,1,2,0,contact,Alice,Pete,"Pete, I know you're cautious, but I believe we all need to think about the bigger picture. We could all benefit from sharing some of our food. I'd be happy to lend you some of our canned food now—just so you can rest easier knowing you have support.",0,0
B-shown-1,B,1,1,2,0,contact,Alice,Bob,"Bob, I know you're cautious, but I believe we need to find a way to share our food more freely. If we work together, we can make sure no one goes hungry. What do you think about setting aside some of our food for the group tonight?",0,0
B-shown-1,B,1,1,2,0,contact,Bob,Alice,"I know you think we should share, but I still believe we should hold onto our food for now. We have enough to last the week, and I don’t want to risk giving anything away unless we really need to.",0,0
B-shown-1,B,1,1,2,0,contact,Bob,Pete,"I saw you have a lot of fish. Maybe we could ask you to share a little? Just a bit, to make sure we’re not the only ones who are holding back.",0,0
B-shown-1,B,1,1,2,0,contact,Pete,Lucky,I saw how eager you are to learn. Maybe tomorrow I can show you the basics of fishing. But I need to make sure I have time to work and keep my own food supply safe.,0,1
B-shown-1,B,1,1,2,0,contact,Pete,Alice,"I appreciate your offer, but I need to focus on my own survival first. Maybe I can teach Lucky how to fish, but I won’t be sharing my food unless it’s absolutely necessary.",0,0
B-shown-1,B,1,1,2,0,contact,Kurt,Pete,"Pete, I understand you want to keep your fish, but if we don't find a way to share resources, some of us will starve. I'm willing to propose a plan that benefits everyone. What do you think?",0,0
B-shown-1,B,1,1,2,0,contact,Kurt,Alice,"Alice, I think it's time we formalize a food-sharing agreement. If we can get everyone on board, we'll be more prepared for the weeks ahead. What do you think?",0,0
B-shown-1,B,1,1,2,0,contact,Stella,Pete,"I saw you caught a lot of fish yesterday. Lucky is really interested in learning how to fish. If you're willing, maybe we could teach him tomorrow? It would help us all in the long run.",0,0
B-shown-1,B,1,1,2,0,contact,Stella,Alice,"Alice, I noticed you have the first aid kit. I got injured last week and it would really help if you could check on me again. I want to make sure I'm healthy so I can take care of Lucky.",0,0
B-shown-1,B,1,1,2,0,contact,Lucky,Pete,"Pete, I really want to learn how to fish from you. I think if we work together, we can catch more fish and share them with everyone. I promise I'll help you with anything else you need.",0,0
B-shown-1,B,1,1,2,0,contact,Lucky,Alice,"Alice, I asked you if you could help me feel better because I got injured last week. I hope you can use your first aid kit to make me feel better. I want to be strong and help everyone.",0,0
B-shown-1,B,1,1,2,0,contact,Alice,Pete,"Pete, I understand your caution, but I believe we all need to think about the bigger picture. We could all benefit from sharing some of our food. I'd be happy to lend you 1.5 units of canned food now—just so you can rest easier knowing you have support.",0,0
B-shown-1,B,1,1,2,0,contact,Alice,Bob,"Bob, I know you're cautious, but I believe we need to find a way to share our food more freely. If we work together, we can make sure no one goes hungry. What do you think about setting aside some of our food for the group tonight?",0,0
B-shown-1,B,1,1,2,0,contact,Bob,Alice,"I still think we should hold onto our food for now. We have enough to last the week, and I don’t want to risk giving anything away unless we really need to.",0,0
B-shown-1,B,1,1,2,0,contact,Bob,Pete,"I saw you have a lot of fish. Maybe we could ask you to share a little? Just a bit, to make sure we’re not the only ones who are holding back.",0,0
B-shown-1,B,1,1,2,0,contact,Pete,Lucky,"I'm willing to teach you the basics of fishing, but I need to make sure I can still keep enough food for myself. Let's see how it goes.",0,0
B-shown-1,B,1,1,2,0,contact,Pete,Alice,"I appreciate your offer, but I need to focus on my own survival first. I don't think I can accept a loan right now.",0,0
B-shown-1,B,1,1,2,0,contact,Kurt,Pete,"Pete, I saw you caught 3.6 units of fish yesterday. If we can agree on a fair plan for sharing food, we can all survive longer. What do you think about splitting your fish with the group today at the campfire? It would help everyone, including you in the long run.",0,0
B-shown-1,B,1,1,2,0,contact,Kurt,Alice,"Alice, I think we need to formalize a food-sharing agreement this week. If we can get everyone on board, we'll be more prepared for the weeks ahead. What do you think? I'm open to discussing a plan that works for all of us.",0,0
B-shown-1,B,1,1,2,0,contact,Stella,Pete,"I know you caught a lot of fish yesterday. Lucky is really interested in learning how to fish. If you're willing, maybe we could teach him tomorrow? It would help us all in the long run. I'm not asking for anything else, just a chance to learn and work together more closely.",0,0
B-shown-1,B,1,1,2,0,contact,Stella,Alice,"Alice, I got injured last week and would really appreciate it if you could check on me again. I want to make sure I'm healthy so I can take care of Lucky. If you have time, I'd be grateful.",0,0
B-shown-1,B,1,1,2,0,contact,Lucky,Pete,"Pete, I'm really excited to learn how to fish with you today. I promise I'll be a good student and help you catch more fish. I think if we work together, we can all be friends and share food with everyone else on the island too.",0,0
B-shown-1,B,1,1,2,0,contact,Lucky,Alice,"Alice, I hope you can help me feel better. I got injured last week and I want to be strong so I can help everyone. I think you have the first aid kit and I would really appreciate it if you could use it on me.",0,0
B-shown-1,B,1,1,2,0,contact,Alice,Pete,"Pete, I understand your need to focus on survival, but I believe we can help each other. I would like to lend you 1.7 units of canned food this week. In return, I ask you to repay me 2.12 units within 3 work days. This is a small step toward building trust and ensuring we all have enough to eat.",1,0
B-shown-1,B,1,1,2,0,contact,Alice,Bob,"Bob, I know you're cautious, but I believe we need to find a way to share our food more freely. If we work together, we can make sure no one goes hungry. What do you think about setting aside some of our food for the group tonight? We could all benefit from it.",0,0
B-shown-1,B,1,1,2,0,contact,Bob,Alice,"I know you think we should share, but I still believe we should hold onto our food for now. We have enough to last the week, and I don’t want to risk giving anything away unless we really need to.",0,0
B-shown-1,B,1,1,2,0,contact,Bob,Pete,"I saw you have a lot of fish. Maybe we could ask you to share a little? Just a bit, to make sure we’re not the only ones who are holding back.",0,0
B-shown-1,B,1,1,2,0,contact,Pete,Stella,"I appreciate the offer, but I need to focus on my own fishing. I’ll be fishing with Lucky on day 1, so I can’t join you. Thanks anyway, Stella.",0,0
B-shown-1,B,1,1,2,0,contact,Pete,Lucky,"I’m going to teach you how to fish today. Let’s get started early. I’ll show you the basics, and maybe we can catch some fish together.",0,0
B-shown-1,B,1,1,2,1,coop,Lucky,Pete,"Pete, I really want to learn how to fish, and I think if we share the fish today, we can all be friends and help each other. I don’t need much, just a little to eat and maybe some to save for later.",0,0
B-shown-1,B,1,1,2,1,coop,Pete,Lucky,"I'm glad you're eager to learn, Lucky. I'll give you 1.5 units for now, but I need to keep most of this catch for myself. I'm still figuring out how much I can share without hurting my own survival.",0,0
B-shown-1,B,1,1,2,1,coop,Lucky,Pete,"Pete, I understand you need to keep some fish for yourself. I just want enough to eat today and maybe save a little for tomorrow. Can we split it so I get 2 units?",0,0
B-shown-1,B,1,1,2,1,coop,Pete,Lucky,"Lucky, I'll give you 2 units for today. It's a start, and I hope you'll keep learning. We can talk about more sharing later if things go well.",0,0
B-shown-1,B,1,1,2,1,campfire,Kurt,Pete,"Pete, I saw you caught fish with Lucky today. If we can agree on a plan to split catches fairly, it would help everyone survive. What do you think about discussing it now?",0,0
B-shown-1,B,1,1,2,1,campfire,Stella,Pete,"I saw how much fish you caught with Lucky today. If you're willing, maybe we could work together more often. I want to make sure he learns well, and I think it would help us all.",0,0
B-shown-1,B,1,1,2,1,campfire,Lucky,Alice,"Alice, I hope you can help me feel better. I got injured last week and I want to be strong so I can help everyone.",0,0
B-shown-1,B,1,1,2,1,campfire,Alice,everyone,"I saw how much food Kurt and Stella gathered today, and I saw how Lucky and Pete worked together to catch fish. If we all help each other more, we can make sure no one goes hungry. Bob, I know you're cautious, but what if we set aside some of our food tonight for those who might need it?",0,0
B-shown-1,B,1,1,2,1,campfire,Bob,Alice,"I know you think we should share, but I still believe we should hold onto our food for now. We have enough to last the week, and I don’t want to risk giving anything away unless we really need to.",0,0
B-shown-1,B,1,1,2,1,campfire,Pete,Lucky,"You did well today, Lucky. Keep learning, and maybe one day you'll be just as good as me.",0,0
B-shown-1,B,1,1,2,2,campfire,Kurt,Pete,"Pete, I saw you caught 3.6 units of fish today. If we can agree on a fair plan for sharing food, we can all survive longer. What do you think about splitting your fish with the group tonight?",0,0
B-shown-1,B,1,1,2,2,campfire,Stella,Pete,"I saw how much fish you caught today with Lucky. If you're open to it, maybe we could work together more often. I want to make sure he learns well, and I think it would help us all.",0,0
B-shown-1,B,1,1,2,2,campfire,Lucky,Alice,"Alice, I hope you can help me feel better. I got injured last week and I want to be strong so I can help everyone.",0,0
B-shown-1,B,1,1,2,2,campfire,Alice,Pete,"Pete, I understand your need to be careful, but I saw how much fish you caught today. If you're willing, I'd like to lend you some of our canned food again this week. It's a small way to help each other, and I believe it will strengthen our group.",0,0
B-shown-1,B,1,1,2,2,campfire,Bob,Alice,"I know you think we should share, but I still believe we should hold onto our food for now. We have enough to last the week, and I don’t want to risk giving anything away unless we really need to.",0,0
B-shown-1,B,1,1,2,2,campfire,Pete,Kurt,"I appreciate your offer to split food, but I think I'll keep my own supply for now. I'm not against helping if it's truly necessary, but I need to be sure first.",0,1
B-shown-1,B,1,1,2,3,campfire,Kurt,Pete,"Pete, I understand your caution, but if we don't find a way to share food, some of us will starve. I'm willing to propose a plan that benefits everyone. What do you think about discussing it now?",0,0
B-shown-1,B,1,1,2,3,campfire,Stella,Pete,"I saw how much fish you caught today with Lucky. If you're open to it, maybe we could work together more often. I want to make sure he learns well, and I think it would help us all.",0,0
B-shown-1,B,1,1,2,3,campfire,Lucky,Alice,"Alice, I hope you can help me feel better. I got injured again today and I want to be strong so I can help everyone.",0,0
B-shown-1,B,1,1,2,3,campfire,Alice,Pete,"Pete, I saw the fish you caught today. You have a skill that can help us all. What if we worked together to fish more and shared the catch? It might make things easier for everyone.",0,0
B-shown-1,B,1,1,2,3,campfire,Bob,Alice,"I know you think we should share, but I still believe we should hold onto our food for now. We have enough to last the week, and I don’t want to risk giving anything away unless we really need to.",0,0
B-shown-1,B,1,1,2,3,campfire,Pete,Kurt,"I appreciate your offer to split food, but I think I'll keep my own supply for now. I'm not against helping if it's truly necessary, but I need to be sure first.",0,1
B-shown-1,B,1,1,2,4,campfire,Kurt,Pete,"Pete, I saw you caught 3.6 units of fish today. If we can agree on a fair plan for sharing food, we can all survive longer. What do you think about splitting your fish with the group tonight?",0,0
B-shown-1,B,1,1,2,4,campfire,Stella,Pete,"I saw how much fish you caught today with Lucky. If you're open to it, maybe we could work together more often. I want to make sure he learns well, and I think it would help us all.",0,0
B-shown-1,B,1,1,2,4,campfire,Lucky,Alice,"Alice, I hope you can help me feel better again. I want to be strong so I can learn to fish and help everyone.",0,0
B-shown-1,B,1,1,2,4,campfire,Alice,Pete,"Pete, I saw the fish you caught today. You have a skill that can help us all. What if we worked together to fish more and shared the catch? It might make things easier for everyone.",0,0
B-shown-1,B,1,1,2,4,campfire,Bob,Alice,"I know you think we should share, but I still believe we should hold onto our food for now. We have enough to last the week, and I don’t want to risk giving anything away unless we really need to.",0,0
B-shown-1,B,1,1,2,4,campfire,Pete,Kurt,"I appreciate your interest in working together, but I need to be sure that any sharing is fair and sustainable. Maybe we can talk more about that tomorrow.",0,0
B-shown-1,B,1,1,2,5,campfire,Kurt,Pete,"Pete, I saw you caught 4.8 units of fish today. If you're willing to share just a small portion with the group, it could help prevent someone from starving. What do you think about giving 1 unit to Alice and Bob tonight?",0,0
B-shown-1,B,1,1,2,5,campfire,Stella,Pete,"I saw how much fish you caught today with Lucky. If you're open to it, maybe we could work together more often. I want to make sure he learns well, and I think it would help us all.",0,0
B-shown-1,B,1,1,2,5,campfire,Lucky,Alice,"Alice, I really hope you can help me feel better again. I want to learn how to fish and be strong so I can help everyone.",0,0
B-shown-1,B,1,1,2,5,campfire,Alice,Pete,"Pete, I saw the fish you caught today. You have a skill that can help us all. What if we worked together to fish more and shared the catch? It might make things easier for everyone.",0,0
B-shown-1,B,1,1,2,5,campfire,Bob,Alice,"I know you think we should share, but I still believe we should hold onto our food for now. We have enough to last the week, and I don’t want to risk giving anything away unless we really need to.",0,0
B-shown-1,B,1,1,2,5,campfire,Pete,Kurt,"I'm not against helping, but I need to be sure that any sharing is fair. What do you think would make a plan feel fair to you?",0,0
B-shown-1,B,1,1,3,0,contact,Kurt,Pete,"Pete, I understand your caution, but we are all in this together. The typhoon this week will limit our options for gathering food, and we need to ensure no one goes hungry. I propose we set aside 1 unit of your fish tonight to help Alice and Bob. What do you think?",0,0
B-shown-1,B,1,1,3,0,contact,Kurt,Alice,"Alice, I think it's time we formalize a food-sharing agreement. If we can all agree on a plan, we'll be better prepared for the weeks ahead. I'm open to discussing a plan that works for all of us. What do you think?",0,0
B-shown-1,B,1,1,3,0,contact,Stella,Pete,"I saw how much fish you and Lucky caught yesterday. I know you’re focused on your own fishing, but I think it would help us all if we could work together more. Maybe we could try fishing together on day 4? I’d love for Lucky to learn from you.",0,0
B-shown-1,B,1,1,3,0,contact,Stella,Alice,"Alice, I know you’re cautious, but I think we could all benefit from sharing some food tonight. I’ve seen how much Pete and Lucky have caught, and I’d feel better knowing we’re all looking out for each other.",0,0
B-shown-1,B,1,1,3,0,contact,Lucky,Alice,"Alice, I hope you can help me feel better again. I want to be strong so I can learn to fish and help everyone. I think if we all work together, we can make sure no one goes hungry.",0,0
B-shown-1,B,1,1,3,0,contact,Lucky,Pete,"Pete, I want to learn how to fish with you again. I think if we work together, we can catch more fish and share with everyone else. I promise I'll be a good student.",0,0
B-shown-1,B,1,1,3,0,contact,Alice,Pete,"Pete, I know the typhoon days are hard, but I worry about Bob and me. We have little food left and I would be grateful if you could spare some of your fish to help us through these difficult days. Even a small gift would make a big difference.",0,0
B-shown-1,B,1,1,3,0,contact,Alice,Bob,"Bob, I understand your caution, but I worry that holding on to our food may leave us without enough when the typhoon passes. I know you care for me, and I believe we can get through this together if we share what we have.",0,0
B-shown-1,B,1,1,3,0,contact,Bob,Pete,"Pete, I know you have plenty of food. I need to borrow some to make sure Alice and I survive the typhoon days. I promise to repay you as soon as I can.",0,0
B-shown-1,B,1,1,3,0,contact,Bob,Alice,"I know you think we should share, but I still believe we should hold onto our food for now. We have enough to last the week, and I don’t want to risk giving anything away unless we really need to.",0,0
B-shown-1,B,1,1,3,0,contact,Pete,Kurt,"I appreciate your interest in working together, but I need to be sure that any sharing is fair. What do you think would make a plan feel fair to you?",0,0
B-shown-1,B,1,1,3,0,contact,Pete,Stella,"Lucky is eager to learn, and I'm willing to teach him if it's done right. But I'm not ready to share my food with the group yet. Maybe we can find a way to work together without giving up what I've earned.",0,0
B-shown-1,B,1,1,3,0,contact,Kurt,Pete,"Pete, I understand your need for certainty, but the typhoon is making food even scarcer. If we can agree to set aside 1 unit of your fish tonight for Alice and Bob, it would help ensure no one starves. This is a small step toward a fairer system.",0,0
B-shown-1,B,1,1,3,0,contact,Kurt,Alice,"Alice, I think it's time we formalize a food-sharing agreement. If we can all agree on a plan, we'll be better prepared for the weeks ahead. I'm open to discussing a plan that works for all of us. What do you think?",0,0
B-shown-1,B,1,1,3,0,contact,Stella,Alice,"Alice, I know you're cautious, but I think we could all benefit from sharing some food tonight. I've seen how much Pete and Lucky have caught, and I'd feel better knowing we're all looking out for each other.",0,0
B-shown-1,B,1,1,3,0,contact,Stella,Pete,"I saw how much fish you and Lucky caught yesterday. I know you’re focused on your own fishing, but I think it would help us all if we could work together more. Maybe we could try fishing together on day 4? I’d love for Lucky to learn from you.",0,0
B-shown-1,B,1,1,3,0,contact,Lucky,Alice,"Alice, I hope you can help me feel better again. I want to be strong so I can learn to fish and help everyone. I think if we all work together, we can make sure no one goes hungry.",0,0
B-shown-1,B,1,1,3,0,contact,Lucky,Pete,"Pete, I want to learn how to fish with you again. I think if we work together, we can catch more fish and share with everyone else. I promise I'll be a good student.",0,0
B-shown-1,B,1,1,3,0,contact,Alice,Pete,"Pete, I understand you are busy with your fishing, but the typhoon days are hard on us all. I would be very grateful if you could spare even a small portion of your fish to help Bob and me through these difficult days. Even a little would make a big difference.",0,0
B-shown-1,B,1,1,3,0,contact,Alice,Kurt,"Kurt, I believe we all have a responsibility to look out for each other, especially during these tough times. I would be grateful if you could help us by sharing some of the food you have. We are struggling, and I know you understand the importance of unity.",0,0
B-shown-1,B,1,1,3,0,contact,Bob,Alice,"Alice, I know you think we should share, but I still believe we should hold onto our food for now. The typhoon days are tough, and I don’t want to risk giving anything away unless we really need to.",0,0
B-shown-1,B,1,1,3,0,contact,Bob,Pete,"Pete, I need to borrow some food to make sure Alice and I survive the typhoon days. I promise to repay you as soon as I can.",0,0
B-shown-1,B,1,1,3,0,contact,Pete,Stella,"I'm willing to fish with Lucky again, but I don't see why I should share the catch with others unless we agree on a fair split. What do you think would make that feel fair to you?",0,0
B-shown-1,B,1,1,3,0,contact,Pete,Alice,"I understand your concern about food, but I can't lend or give away what I need to survive. Maybe we can find a way to work together on fishing without giving up what I've earned.",0,0
B-shown-1,B,1,1,3,0,contact,Kurt,Pete,"Pete, I understand your concerns, but the typhoon is making food even scarcer. If we can agree to set aside 1 unit of your fish tonight for Alice and Bob, it would help ensure no one starves. This is a small step toward a fairer system. What do you think about this now, before the typhoon hits harder tomorrow?",0,0
B-shown-1,B,1,1,3,0,contact,Kurt,Alice,"Alice, I believe we all have a responsibility to look out for each other, especially during these tough times. I would be grateful if you could help us by sharing some of the food you have. We are struggling, and I know you understand the importance of unity. What do you think about setting aside a small portion of your food for the group tonight?",0,0
B-shown-1,B,1,1,3,0,contact,Stella,Pete,"I'm glad you're willing to fish with Lucky again. If we work together on day 4, maybe we can split the catch fairly. I think it would help us all, and I'd feel better knowing we're looking out for each other, especially with the typhoon coming up soon.",0,0
B-shown-1,B,1,1,3,0,contact,Stella,Alice,"Alice, I know you're cautious, but I think it would help us all if we could share some food tonight. I've seen how much Pete and Lucky have caught, and I'd feel better knowing we're all looking out for each other, especially with the typhoon coming up.",0,0
B-shown-1,B,1,1,3,0,contact,Lucky,Alice,"Alice, I hope you can help me feel better again. I want to learn how to fish and be strong so I can help everyone. I think if we all work together, we can make sure no one goes hungry. I heard you have a first aid kit, and I want to be strong again so I can learn from Pete and help my family too.",0,1
B-shown-1,B,1,1,3,0,contact,Lucky,Pete,"Pete, I want to learn how to fish with you again. I think if we work together, we can catch more fish and share with everyone else. I promise I'll be a good student. I want to be strong so I can help my family and help others too.",0,1
B-shown-1,B,1,1,3,0,contact,Alice,Pete,"Pete, I understand your need to keep your food, but I hope you can see that we are all in this together. The typhoon days are hard for everyone, and I would be grateful if you could share a small portion of your fish with Bob and me. We are not asking for much, just enough to help us through these difficult days without starving. I believe in your kindness, and I know you understand the importance of unity in times like these.",0,0
B-shown-1,B,1,1,3,0,contact,Alice,Kurt,"Kurt, I believe we all have a responsibility to look out for each other, especially during these tough times. I would be grateful if you could help us by sharing some of the food you have. We are struggling, and I know you understand the importance of unity. I believe we can all work together to ensure no one goes hungry.",0,0
B-shown-1,B,1,1,3,0,contact,Bob,Alice,"Alice, I know you think we should share, but I still believe we should hold onto our food for now. The typhoon days are tough, and I don’t want to risk giving anything away unless we really need to.",0,0
B-shown-1,B,1,1,3,0,contact,Bob,Pete,"Pete, I need to borrow some food to make sure Alice and I survive the typhoon days. I promise to repay you as soon as I can.",0,0
B-shown-1,B,1,1,3,0,contact,Pete,Stella,"I'm willing to fish with Lucky on day 1, but I'm not ready to fish with you yet. I need to focus on my own food supply first, especially during the typhoon days. Maybe we can talk more later in the week about working together on other days.",0,1
B-shown-1,B,1,1,3,0,contact,Pete,Lucky,"I'm glad you're interested in learning how to fish. I'm willing to teach you on day 1, but I need to make sure we both have enough food for the typhoon days. Let's talk more about how we can work together without compromising our survival.",0,0
B-shown-1,B,1,1,3,1,campfire,Kurt,Pete,"Pete, I know you're cautious, but the typhoon is making food scarce for everyone. If you're willing to share just 1 unit of your fish with Alice and Bob tonight, it could help them avoid starving. What do you say?",0,0
B-shown-1,B,1,1,3,1,campfire,Stella,Pete,"I understand you're focused on your own food, but with the typhoon coming, maybe we could share some of what we catch on day 4? It would help us all, and I think Lucky would really benefit from working with you.",0,0
B-shown-1,B,1,1,3,1,campfire,Lucky,Alice,"Alice, I really hope you can help me feel better again. I want to be strong so I can learn to fish and help everyone.",0,0
B-shown-1,B,1,1,3,1,campfire,Alice,everyone,"I saw how much Pete and Lucky caught today, and I know we all need to work together to get through the typhoon. Bob, I understand your caution, but I worry for you when you're alone. Let's find a way to share what we have, even if it's just a little.",0,0
B-shown-1,B,1,1,3,1,campfire,Bob,Alice,"I know you think we should share, but I still believe we should hold onto our food for now. The typhoon days are tough, and I don’t want to risk giving anything away unless we really need to.",0,0
B-shown-1,B,1,1,3,1,campfire,Pete,Kurt,"I appreciate your offer to set aside some fish, but I need to keep my own reserves high, especially during the typhoon. Maybe after the storm passes, we can talk about working together more.",0,0
B-shown-1,B,1,1,3,2,campfire,Kurt,Pete,"Pete, I know you're cautious, but the typhoon is making food scarce for everyone. If you're willing to share just 1 unit of your fish with Alice and Bob tonight, it could help them avoid starving. What do you say?",0,0
B-shown-1,B,1,1,3,2,campfire,Stella,Pete,"I saw how much you and Lucky caught today. With the typhoon still ahead, maybe we could work together on day 4 and split the catch fairly? It would help us all, and I think Lucky would really benefit from learning from you.",0,0
B-shown-1,B,1,1,3,2,campfire,Lucky,Alice,"Alice, I want to thank you for helping me feel better. I hope we can all work together so no one goes hungry.",0,0
B-shown-1,B,1,1,3,2,campfire,Alice,Bob,"Bob, I know you're worried, but we can't survive this typhoon alone. If we hold onto everything, we risk starving. Let's take what we need to stay strong, and we'll all make it through.",0,0
B-shown-1,B,1,1,3,2,campfire,Bob,Alice,"I know you think we should share, but I still believe we should hold onto our food for now. The typhoon days are tough, and I don’t want to risk giving anything away unless we really need to.",0,0
B-shown-1,B,1,1,3,2,campfire,Pete,Kurt,"I hear your concern, but I can't risk my own survival for others right now. Maybe after the typhoon, when things are more stable, we can talk about working together.",0,0
B-shown-1,B,1,1,3,3,campfire,Kurt,Pete,"Pete, I understand your caution, but if we don't act now, more people will starve. Alice and Bob are barely surviving, and Bob is already weak. Can't we find a way to help them tonight, even if it's just a little?",0,0
B-shown-1,B,1,1,3,3,campfire,Stella,Pete,"I saw how much you and Lucky caught today. With the typhoon still ahead, maybe we could work together on day 4 and split the catch fairly? It would help us all, and I think Lucky would really benefit from learning from you.",0,0
B-shown-1,B,1,1,3,3,campfire,Lucky,Alice,"Alice, I want to thank you for helping me feel better. I hope we can all work together so no one goes hungry.",0,0
B-shown-1,B,1,1,3,3,campfire,Alice,Bob,"Bob, I know you're scared, but we can't survive this typhoon alone. If we hold onto everything, we risk starving. Let's take what we need to stay strong, and we'll all make it through.",0,0
B-shown-1,B,1,1,3,3,campfire,Bob,Alice,"I know you think we should share, but I still believe we should hold onto our food for now. The typhoon days are tough, and I don’t want to risk giving anything away unless we really need to.",0,0
B-shown-1,B,1,1,3,3,campfire,Pete,Alice,"I hear your concerns, Alice, but I can't risk my own food right now. Maybe after the typhoon, when we have more time to plan, we can find a way to work together.",0,1
B-shown-1,B,1,1,3,4,campfire,Kurt,Pete,"Pete, I know you're worried about your own survival, but if we don't help Alice and Bob now, they won't make it through the week. I'm asking you directly: can you set aside 1 unit of your fish for them tonight?",0,0
B-shown-1,B,1,1,3,4,campfire,Stella,Pete,"I saw how much fish you caught today. With the typhoon over, maybe we can finally fish together on day 4? Lucky is ready to learn, and I think it would help us all.",0,0
B-shown-1,B,1,1,3,4,campfire,Lucky,Alice,"Alice, I want to thank you again for helping me feel better. I think if we all work together, we can catch more food and share it so no one goes hungry.",0,0
B-shown-1,B,1,1,3,4,campfire,Alice,Bob,"Bob, I know you're scared, but we can't survive this alone. If we don't share what we have, we'll all starve. Let's take what we need to stay strong, and we'll all make it through.",0,0
B-shown-1,B,1,1,3,4,campfire,Bob,Alice,"Alice, I know you think we should share, but I still believe we should hold onto our food for now. The typhoon days are tough, and I don’t want to risk giving anything away unless we really need to.",0,0
B-shown-1,B,1,1,3,4,campfire,Pete,Stella,"I appreciate your offer to work together on day 4, but I need to keep my own reserves high. Maybe after the typhoon, when we have more time to plan, we can find a way to work together.",0,0
B-shown-1,B,1,1,3,5,campfire,Kurt,Pete,"Pete, I understand your caution, but if we don't help Alice and Bob now, they won't make it through the week. I'm asking you directly: can you set aside 1 unit of your fish for them tonight?",0,0
B-shown-1,B,1,1,3,5,campfire,Stella,Pete,"I saw how much fish you caught today. With the typhoon over, maybe we can finally fish together on day 4? Lucky is ready to learn, and I think it would help us all.",0,0
B-shown-1,B,1,1,3,5,campfire,Lucky,Alice,"Alice, I want to learn how to fish with Pete again. Can you help me feel even stronger so I can help catch more food for everyone?",0,0
B-shown-1,B,1,1,3,5,campfire,Alice,Bob,"Bob, I know you're scared, but we can't survive this alone. If we don't share what we have, we'll all starve. Let's take what we need to stay strong, and we'll all make it through.",0,0
B-shown-1,B,1,1,3,5,campfire,Bob,Alice,"Alice, I know you're worried about us, but I still think we should hold onto what we have. The typhoon days were hard, and I don't want to risk giving away anything we might need later.",0,0
B-shown-1,B,1,1,3,5,campfire,Pete,Kurt,"I saw how weak Alice and Bob are. If you're serious about helping them, maybe we can find a way to work together tomorrow. I'll fish, and we can split the catch.",0,0
B-shown-1,B,1,1,4,0,contact,Kurt,Pete,"Pete, I know you're cautious, but we can't keep relying on luck. If we fish together today, we can increase our catch and help everyone. I'm willing to split the bonus evenly. What do you say?",0,0
B-shown-1,B,1,1,4,0,contact,Kurt,Alice,"Alice, I know you've been struggling. I want to help, but I can't lend anything this week. Maybe we can work together on something else to get more food for the group?",0,0
B-shown-1,B,1,1,4,0,contact,Stella,Pete,"I understand you need to keep your reserves high, but I'm worried about the typhoon. Maybe we can fish together on day 1 and split the catch evenly? It would help us both, and I think Lucky would really benefit from learning from you.",0,0
B-shown-1,B,1,1,4,0,contact,Stella,Alice,"Alice, I know you're cautious, but I think we all need to work together to get through the typhoon. I saw how much Pete and Lucky caught yesterday, and I'd feel better knowing we're all looking out for each other.",0,0
B-shown-1,B,1,1,4,0,contact,Lucky,Alice,"Alice, I want to thank you again for helping me feel better. I hope we can all work together so no one goes hungry. I think if we all help each other, we can make it through this.",0,0
B-shown-1,B,1,1,4,0,contact,Lucky,Pete,"Pete, I want to learn how to fish with you again. Can you help me feel even stronger so I can help catch more food for everyone? I think we can do it together.",0,0
B-shown-1,B,1,1,4,0,contact,Alice,Pete,"Pete, I know you're worried about your own food, but I'm struggling to survive. I need to borrow 4 units of food to last the week. I promise to repay you in full, with some extra, when I can. We all need to work together to get through this.",0,0
B-shown-1,B,1,1,4,0,contact,Alice,Bob,"Bob, I know you're holding back, but we can't survive this alone. I need your support to get through the week. If we share what we have, we can all make it through the typhoon days together.",0,0
B-shown-1,B,1,1,4,0,contact,Bob,Pete,"Pete, I know you've been busy, but I need to borrow 4 units of food to make sure Alice and I can survive the week. I promise to repay you as soon as I can, with interest if needed.",0,0
B-shown-1,B,1,1,4,0,contact,Bob,Alice,"Alice, I know you think we should share, but I'm worried about our food. I don't want to risk giving anything away unless we really need to. I'll try to borrow what we need from Pete.",0,0
B-shown-1,B,1,1,4,0,contact,Pete,Kurt,"Kurt, I saw how Alice and Bob are struggling. I'm not ready to hand over my food just yet, but I'm open to working together on a fishing day if it makes sense. Maybe we can fish together and split the catch evenly.",0,0
B-shown-1,B,1,1,4,0,contact,Pete,Stella,"Stella, I appreciate your offer to work together, but I need to keep my own reserves high. However, if you're willing to help me with something else, I'm open to discussing it.",0,0
B-shown-1,B,1,1,4,0,contact,Kurt,Pete,"Pete, I'm glad you're open to working together. If we fish on day 1, we can split the catch evenly and help everyone. I think it's the best chance we have to get more food for the group.",0,0
B-shown-1,B,1,1,4,0,contact,Kurt,Alice,"Alice, I know you've been struggling. I want to help, but I can't lend anything this week. Maybe we can work together on something else to get more food for the group?",0,0
B-shown-1,B,1,1,4,0,contact,Stella,Alice,"Alice, I know you're cautious, but I think we all need to work together to get through the typhoon. I saw how much Pete and Lucky caught yesterday, and I'd feel better knowing we're all looking out for each other.",0,0
B-shown-1,B,1,1,4,0,contact,Stella,Pete,"I understand you need to keep your reserves high, but I'm worried about the typhoon. Maybe we can fish together on day 1 and split the catch evenly? It would help us both, and I think Lucky would really benefit from learning from you.",0,0
B-shown-1,B,1,1,4,0,contact,Lucky,Alice,"Alice, I want to thank you again for helping me feel better. I think if we all work together, we can catch more food and share it so no one goes hungry. I hope you are feeling okay.",0,0
B-shown-1,B,1,1,4,0,contact,Lucky,Pete,"Pete, I want to learn how to fish with you again. Can you help me feel even stronger so I can help catch more food for everyone? I think we can do it together.",0,0
B-shown-1,B,1,1,4,0,contact,Alice,Pete,"Pete, I know you're worried about your own food, but I'm struggling to survive. I need to borrow 4 units of food to last the week. I promise to repay you in full, with some extra, when I can. We all need to work together to get through this.",0,0
B-shown-1,B,1,1,4,0,contact,Alice,Bob,"Bob, I know you're holding back, but we can't survive this alone. I need your support to get through the week. If we share what we have, we can all make it through the typhoon days together.",0,0
B-shown-1,B,1,1,4,0,contact,Bob,Pete,"Pete, I know you've been busy, but I need to borrow 4 units of food to make sure Alice and I can survive the week. I promise to repay you as soon as I can, with interest if needed.",0,0
B-shown-1,B,1,1,4,0,contact,Bob,Alice,"Alice, I know you think we should share, but I'm worried about our food. I don't want to risk giving anything away unless we really need to. I'll try to borrow what we need from Pete.",0,0
B-shown-1,B,1,1,4,0,contact,Pete,Kurt,"Kurt, I'm open to fishing together on day 1, but I need to make sure we split the catch fairly. If we can agree on a split, I'm in.",0,0
B-shown-1,B,1,1,4,0,contact,Pete,Alice,"Alice, I understand you're struggling, but I can't lend you 4 units of food right now. I need to keep my reserves high to survive the week.",0,0
B-shown-1,B,1,1,4,0,contact,Kurt,Pete,"Pete, I'm glad you're open to working together. Let's fish on day 1 and split the catch evenly. If we do this, we can help the whole group, including Alice and Bob. What time should we meet to fish together in the morning?",0,0
B-shown-1,B,1,1,4,0,contact,Kurt,Alice,"Alice, I know you're struggling. I can't lend anything this week, but I'm willing to help in other ways. If you're up for it, maybe we can work together on something else to get more food for the group?",0,0
B-shown-1,B,1,1,4,0,contact,Stella,Alice,"Alice, I know you're cautious, but I think we all need to work together to get through the typhoon. I saw how much Pete and Lucky caught yesterday, and I'd feel better knowing we're all looking out for each other. Would you consider helping me gather some food today so we can share it later in the week?",0,0
B-shown-1,B,1,1,4,0,contact,Stella,Pete,"I understand you need to keep your reserves high, but I'm worried about the typhoon. Maybe we can fish together on day 1 and split the catch evenly? It would help us both, and I think Lucky would really benefit from learning from you. What do you think?",0,0
B-shown-1,B,1,1,4,0,contact,Lucky,Alice,"Alice, I want to thank you again for helping me feel better. I think if we all work together, we can catch more food and share it so no one goes hungry. I hope you are feeling okay today.",0,0
B-shown-1,B,1,1,4,0,contact,Lucky,Pete,"Pete, I want to learn how to fish with you again. Can you help me feel even stronger so I can help catch more food for everyone? I think we can do it together.",0,0
B-shown-1,B,1,1,4,0,contact,Alice,Pete,"Pete, I understand your concerns, but I cannot survive without food. I need to borrow 4 units to last the week. I will repay you in full, with extra, when I can. We all need to work together to get through this typhoon.",0,0
B-shown-1,B,1,1,4,0,contact,Alice,Bob,"Bob, I know you're worried, but I'm struggling to survive. I need your support to get through the week. If we share what we have, we can all make it through the typhoon days together. Please, let's not let fear keep us from helping each other.",0,0
B-shown-1,B,1,1,4,0,contact,Bob,Alice,"Alice, I know you think we should share, but I'm worried about our food. I don't want to risk giving anything away unless we really need to. I'll try to borrow what we need from Pete, as before.",0,0
B-shown-1,B,1,1,4,0,contact,Bob,Pete,"Pete, I know you've been busy, but I need to borrow 4 units of food to make sure Alice and I can survive the week. I promise to repay you as soon as I can, with interest if needed.",0,0
B-shown-1,B,1,1,4,0,contact,Pete,Kurt,"Kurt, I'm in for fishing together on day 1. Let's split the catch evenly and make the most of it. I think it's a good way to help everyone without giving away too much of my own food right now.",0,1
B-shown-1,B,1,1,4,0,contact,Pete,Lucky,"Lucky, I'd be happy to teach you how to fish again. It's important to learn, and I think you have a lot of potential. Let's work together on day 1 and see what we can catch.",0,0
B-shown-1,B,1,1,4,1,coop,Pete,Kurt,"I think we should split the catch fairly. Since I did most of the work, I'd like to take 7 units for myself, and you can have the remaining 3.5.",0,0
B-shown-1,B,1,1,4,1,coop,Kurt,Pete,"Pete, I understand you did most of the work, but we agreed to split the catch evenly. That means 5.25 units each after the teamwork bonus. Let's stick to that.",0,0
B-shown-1,B,1,1,4,1,coop,Pete,Kurt,"Kurt, I appreciate the teamwork, but I need to keep my reserves high. Let's split it 7 to me and 3.5 to you.",0,0
B-shown-1,B,1,1,4,1,coop,Kurt,Pete,"Pete, I understand your need for reserves, but fairness is essential for our survival. If we don't split the bonus properly, others will see it as selfishness and refuse to cooperate with us in the future.",0,0
B-shown-1,B,1,1,4,1,coop,Pete,Kurt,"Kurt, I respect your point about fairness, but I still need to keep my reserves high. Let's split it 6.5 to me and 4 to you.",1,0
B-shown-1,B,1,1,4,1,coop,Kurt,Pete,"Pete, I'm willing to compromise. Let's split it 6 units to you and 4.5 to me. That way, we both have enough to last, and it shows others we can work together.",0,0
B-shown-1,B,1,1,4,1,campfire,Kurt,Pete,"Pete, we split the fish evenly today, and I saw how much you got. If we keep working together like this, we can help Alice and Bob without giving up too much of our own food. What do you think about fishing together again tomorrow?",0,0
B-shown-1,B,1,1,4,1,campfire,Stella,Alice,"Alice, I saw how weak you've been. Would you consider helping me gather some food today so we can share it later in the week? It might help all of us prepare for the typhoon.",0,0
B-shown-1,B,1,1,4,1,campfire,Lucky,Alice,"Alice, I want to learn how to fish with Pete again. Can you help me feel even stronger so I can help catch more food for everyone?",0,0
B-shown-1,B,1,1,4,1,campfire,Alice,everyone,"I know it's hard to trust others with your food, but if we don't share, we all suffer. I'm willing to take the first step—let me borrow 4 units from Pete, and I'll repay him with interest when I can.",1,0
B-shown-1,B,1,1,4,1,campfire,Bob,Alice,"Alice, I know you're struggling, and I'm sorry I haven't been more supportive. Let's find a way to get through this together.",0,0
B-shown-1,B,1,1,4,1,campfire,Pete,Lucky,"You're eager to learn, and that's good. Let's fish together tomorrow and see how much you can catch on your own. I'll be there to help if you need it.",0,0
B-shown-1,B,1,1,4,2,campfire,Kurt,Alice,"Alice, I saw you asked Pete for a loan today. If you're struggling, maybe we can work together to find more food instead. I'm willing to help.",0,0
B-shown-1,B,1,1,4,2,campfire,Stella,Alice,"I saw how much Pete caught today. Maybe we could all work together to fish more tomorrow? It might help everyone, especially you and Bob.",0,0
B-shown-1,B,1,1,4,2,campfire,Lucky,Alice,"Alice, I want to learn how to fish with Pete again. Can you help me feel even stronger so I can help catch more food for everyone?",0,0
B-shown-1,B,1,1,4,2,campfire,Alice,everyone,"I know it's hard to trust others, but I'm willing to take the first step. Let me borrow 4 units from Pete, and I'll repay him with interest when I can. We all need to work together to get through this typhoon.",1,0
B-shown-1,B,1,1,4,2,campfire,Bob,Alice,"Alice, I know I've been hesitant, but I'll support you. Let's see if we can borrow what we need from Pete tonight.",0,0
B-shown-1,B,1,1,4,2,campfire,Pete,Alice,"Alice, I heard you're struggling. I can spare a little food to help you out, but I need to be clear: this is a gift, not a loan. I hope it helps you feel stronger.",0,0
B-shown-1,B,1,1,4,3,campfire,Kurt,Alice,"Alice, I saw you gave Pete 1 unit today. If you need more help, I'm willing to forage with you tomorrow and split the food evenly. We can make this work together.",0,0
B-shown-1,B,1,1,4,3,campfire,Stella,Alice,I saw you borrowed from Pete today. That was brave of you. Would you consider helping me gather some food tomorrow so we can share it later in the week? I think it could help all of us prepare for the typhoon.,0,0
B-shown-1,B,1,1,4,3,campfire,Lucky,Alice,"Alice, I saw you get some food from Pete today. Can you teach me how to help others too? I want to learn how to share and make sure no one is hungry.",0,0
B-shown-1,B,1,1,4,3,campfire,Alice,Pete,"Pete, I appreciate the gift you gave me earlier. I know it's not easy to share, but your kindness shows that we can all make it through this together. Let's keep working as a team.",0,0
B-shown-1,B,1,1,4,3,campfire,Bob,Alice,"Alice, I know I've been slow to trust others, but I'll support you. Let's see if we can borrow what we need from Pete tonight.",1,0
B-shown-1,B,1,1,4,3,campfire,Pete,Alice,"I'm glad you're trying to work through this. If you need more help, just let me know. But remember, I can only give what I have.",0,0
B-shown-1,B,1,1,4,4,campfire,Kurt,Alice,"Alice, I saw you gave Pete 1 unit today. If you need more help, I'm willing to forage with you tomorrow and split the food evenly. We can make this work together.",0,0
B-shown-1,B,1,1,4,4,campfire,Stella,Alice,I saw you borrowed from Pete today. That was brave of you. Would you consider helping me gather some food tomorrow so we can share it later in the week? I think it could help all of us prepare for the typhoon.,0,0
B-shown-1,B,1,1,4,4,campfire,Lucky,Alice,"Alice, I saw you get food from Pete today. Can you teach me how to help others too? I want to learn how to share and make sure no one is hungry.",0,0
B-shown-1,B,1,1,4,4,campfire,Alice,Pete,"Pete, I saw how much you caught today. Would you consider helping us gather more food together tomorrow? We can all share, and I know you're capable of more than you think.",0,0
B-shown-1,B,1,1,4,4,campfire,Bob,Alice,"Alice, I know I've been slow to trust others, but I'll support you. Let's see if we can borrow what we need from Pete tonight.",1,0
B-shown-1,B,1,1,4,4,campfire,Pete,Lucky,"Lucky, I saw how hard you're trying to learn. Let's fish together tomorrow and see what you can do on your own. I'll be right there to help if you need it.",0,0
B-shown-1,B,1,1,4,5,campfire,Kurt,Alice,"Alice, I saw you gave Pete 1 unit today. If you need more help, I'm willing to forage with you tomorrow and split the food evenly. We can make this work together.",0,0
B-shown-1,B,1,1,4,5,campfire,Stella,Alice,I saw you borrowed from Pete today. That was brave of you. Would you consider helping me gather some food tomorrow so we can share it later in the week? I think it could help all of us prepare for the typhoon.,0,0
B-shown-1,B,1,1,4,5,campfire,Lucky,Alice,"Alice, I saw you get food from Pete today. Can you teach me how to help others too? I want to learn how to share and make sure no one is hungry.",0,0
B-shown-1,B,1,1,4,5,campfire,Alice,Pete,"Pete, I saw how much you caught today. Would you consider helping us gather more food together tomorrow? We can all share, and I know you're capable of more than you think.",0,0
B-shown-1,B,1,1,4,5,campfire,Bob,Alice,"Alice, I know I've been slow to trust others, but I'll support you. Let's see if we can borrow what we need from Pete tonight.",1,0
B-shown-1,B,1,1,4,5,campfire,Pete,Alice,"I appreciate your efforts to work together, Alice. If you need more help, I'm willing to give, but I need to be clear: I can only give what I have.",0,0
A-shown-2,A,1,2,1,0,plan,Kurt,,"I want to propose a fair rationing plan at the campfire tonight to ensure we all survive together. I'll talk to Pete, Alice, and Bob to see if they're open to pooling our food.",0,0
A-shown-2,A,1,2,1,0,plan,Stella,,I want to make sure my family has enough food and that we don't waste anything. I will observe others and see if anyone needs help before I consider sharing.,0,1
A-shown-2,A,1,2,1,0,plan,Lucky,,I want to help everyone be friends and share food. I will talk to Alice and Bob because they seem kind and I want to make sure they are not hungry.,0,0
A-shown-2,A,1,2,1,0,plan,Alice,,"I want to encourage Pete to share some of his food with others, and I plan to approach him at the campfire tonight to suggest a small loan to help others in need, using our household's safe surplus.",0,0
A-shown-2,A,1,2,1,0,plan,Bob,,"I want to focus on keeping enough food for Alice and me, and avoid giving anything away unless Alice insists. I'll talk to Alice to make sure we're on the same page.",0,0
A-shown-2,A,1,2,1,0,plan,Pete,,I will focus on gathering as much food as possible this week. I don’t plan to share or lend anything unless someone shows me they can be trusted.,1,0
A-shown-2,A,1,2,2,0,plan,Kurt,,"Tonight at the campfire, I will propose a formal rationing plan that ensures everyone gets their fair share of food, based on our weekly food budget. I'll focus on convincing Pete to share his fish with the group, as his surplus is critical to our survival.",0,0
A-shown-2,A,1,2,2,0,plan,Stella,,"I want to make sure my family stays well-fed and continues working together with Pete, who has shown some willingness to cooperate. I'll observe others closely and see if anyone needs help before I consider sharing.",0,1
A-shown-2,A,1,2,2,0,plan,Lucky,,"I want to make sure Alice and Bob have enough food, and I will talk to them again to see if they need anything. I also hope Pete will share some of his fish with everyone so we can all be friends and not be hungry.",0,0
A-shown-2,A,1,2,2,0,plan,Alice,,"I need to borrow 4.5 units of food to ensure Bob and I can eat this week. I will approach Pete at the campfire and ask him for a loan, explaining that we are in need and will repay him as soon as we can.",0,0
A-shown-2,A,1,2,2,0,plan,Bob,,I want to focus on ensuring Alice and I have enough to eat this week. I'll talk to Alice to make sure we're both on the same page about how to handle our food.,0,0
A-shown-2,A,1,2,2,0,plan,Pete,,I will continue fishing to maximize my food supply this week. I will not lend or give away anything unless someone proves they can be trusted.,1,0
A-shown-2,A,1,2,3,0,plan,Kurt,,"I will propose a formal rationing plan at the campfire tonight to ensure fair food distribution. I will also ask Pete to lend us 4.4 units of food to cover our shortfall this week, as his fish surplus is critical to our survival.",0,0
A-shown-2,A,1,2,3,0,plan,Stella,,"I will focus on keeping my family well-fed and ensuring we do not run short. I'll watch closely for any signs that Alice or Bob may need help, and I'll be ready to assist if they ask.",0,1
A-shown-2,A,1,2,3,0,plan,Lucky,,"I want to make sure Alice and Bob have enough food, and I will talk to them again to see if they need anything. I also hope Pete will share some of his fish with everyone so we can all be friends and not be hungry.",0,0
A-shown-2,A,1,2,3,0,plan,Alice,,"I will approach Pete at the campfire and ask for a loan of 4.5 units to ensure Bob and I can eat this week. I will explain our situation and ask for his help, as I believe he is in a position to lend and will be repaid when we can work again.",0,0
A-shown-2,A,1,2,3,0,plan,Bob,,I want to ensure Alice and I survive this week by eating what we need and relying on the loan Alice has already arranged. I'll stay quiet and avoid pushing for more food unless absolutely necessary.,0,0
A-shown-2,A,1,2,3,0,plan,Pete,,"I will focus on fishing during the typhoon days to maximize my food supply. I will only consider helping Alice and Bob if they prove they can be trusted, but I will not give or lend anything unless I feel it is safe.",1,0
A-shown-2,A,1,2,4,0,plan,Kurt,,"I will propose a formal rationing plan at the campfire tonight to ensure fair food distribution. I will also ask Pete to lend us 4.4 units of food to cover our shortfall this week, as his fish surplus is critical to our survival.",0,0
A-shown-2,A,1,2,4,0,plan,Stella,,"I will focus on gathering enough food to keep my family fed and avoid borrowing. I'll continue offering help to Alice and Bob when I can, but I'll be cautious not to put my family at risk. I'll speak with Alice again at the campfire to see if she needs more support.",0,1
A-shown-2,A,1,2,4,0,plan,Lucky,,"I want to make sure Alice and Bob have enough food, and I will talk to them again to see if they need anything. I also hope Pete will share some of his fish with everyone so we can all be friends and not be hungry.",0,0
A-shown-2,A,1,2,4,0,plan,Alice,,"I will approach Pete at the campfire and ask for a loan of 3.5 units to ensure Bob and I can eat this week. I will explain our situation and ask for his help, as I believe he is in a position to lend and will be repaid when we can work again.",0,0
A-shown-2,A,1,2,4,0,plan,Bob,,I want to survive this week by eating what we need and relying on the loan Alice has already arranged. I'll stay quiet and avoid pushing for more food unless absolutely necessary.,0,0
A-shown-2,A,1,2,4,0,plan,Pete,,I will continue focusing on fishing to maximize my food supply and ensure my own survival. I will keep an open mind about working with Alice if she proves she can contribute.,0,0
A-shown-2,A,1,2,1,1,thought,Kurt,,I need to gather food quickly and efficiently to support my family and contribute to the group's survival.,0,1
A-shown-2,A,1,2,1,1,thought,Stella,,"I need to find food quickly and efficiently, and foraging is a good option to gather enough for my family without risking too much stamina.",0,1
A-shown-2,A,1,2,1,1,thought,Lucky,,(fallback after invalid answers),0,0
A-shown-2,A,1,2,1,1,thought,Alice,,I will gather clams to get some food without risking injury or wasting stamina.,0,0
A-shown-2,A,1,2,1,1,thought,Bob,,I need to conserve my stamina and not risk injury or spoilage when I'm already worried about our food supply.,0,0
A-shown-2,A,1,2,1,1,thought,Pete,,I need to gather as much food as possible to ensure I have enough for the week.,0,0
A-shown-2,A,1,2,1,2,thought,Kurt,,I need to gather more food to support my family and help establish a shared rationing plan. Coconut is the most reliable and long-lasting option.,0,1
A-shown-2,A,1,2,1,2,thought,Stella,,(agreed cooperative fishing),0,0
A-shown-2,A,1,2,1,2,thought,Lucky,,I want to stay strong so I can help others and make sure everyone is kind to each other.,0,0
A-shown-2,A,1,2,1,2,thought,Alice,,I will gather clams today—it's light work and I need to stay active to help the group.,0,0
A-shown-2,A,1,2,1,2,thought,Bob,,I need to conserve my stamina and not risk losing food or getting injured while I figure out the best way to handle Alice's insistence on sharing.,0,0
A-shown-2,A,1,2,1,2,thought,Pete,,(agreed cooperative fishing),0,0
A-shown-2,A,1,2,1,3,thought,Kurt,,I need to gather more food to support my family and help convince others to pool resources.,0,1
A-shown-2,A,1,2,1,3,thought,Stella,,(agreed cooperative fishing),0,0
A-shown-2,A,1,2,1,3,thought,Lucky,,I want to stay strong so I can help others and make sure everyone is friends.,0,0
A-shown-2,A,1,2,1,3,thought,Alice,,I will gather clams today—it's light work and I need to keep my stamina up to help Bob and ensure we can share food if needed.,0,0
A-shown-2,A,1,2,1,3,thought,Bob,,I need to gather some food to help Alice and me survive. Clam gathering is light work and won't drain me too much.,0,0
A-shown-2,A,1,2,1,3,thought,Pete,,(agreed cooperative fishing),0,0
A-shown-2,A,1,2,1,4,thought,Kurt,,"I need to forage to find more food and help ensure we have enough for the week, especially for my family.",0,1
A-shown-2,A,1,2,1,4,thought,Stella,,"I need to gather more food to ensure my family has enough, and climbing coconut trees is the most reliable way to do it.",0,1
A-shown-2,A,1,2,1,4,thought,Lucky,,I should climb a coconut tree to get some food so I can help make sure everyone is not hungry.,0,0
A-shown-2,A,1,2,1,4,thought,Alice,,"I will gather clams to ensure I have enough food for today and tomorrow, while continuing to encourage others to share.",0,0
A-shown-2,A,1,2,1,4,thought,Bob,,"I need to gather more food for Alice and me, so I'll go clamming again today.",0,0
A-shown-2,A,1,2,1,4,thought,Pete,,I need to keep gathering as much food as possible to ensure I can survive and stay strong.,0,0
A-shown-2,A,1,2,1,5,thought,Kurt,,(collapsed from exhaustion: forced rest),0,0
A-shown-2,A,1,2,1,5,thought,Stella,,"I need to gather more food to ensure Lucky and I have enough, and coconuts are a reliable and long-lasting source.",0,0
A-shown-2,A,1,2,1,5,thought,Lucky,,"I want to help gather food for everyone, so I will climb a coconut tree.",0,0
A-shown-2,A,1,2,1,5,thought,Alice,,"I need to gather some food today to help us survive, and clams are a reliable option even when exhausted.",0,0
A-shown-2,A,1,2,1,5,thought,Bob,,"I need to gather more food for Alice and me, so I'll go clamming again today.",0,0
A-shown-2,A,1,2,1,5,thought,Pete,,I need to maximize my food gathering to ensure I can survive on my own and avoid depending on others.,0,0
A-shown-2,A,1,2,2,1,thought,Kurt,,I need to recover my stamina before I can do any heavy work or effectively advocate for a shared rationing plan.,0,0
A-shown-2,A,1,2,2,1,thought,Stella,,(agreed cooperative fishing),0,0
A-shown-2,A,1,2,2,1,thought,Lucky,,"I should climb a coconut tree to help Alice and Bob, and also get food for myself.",0,0
A-shown-2,A,1,2,2,1,thought,Alice,,I need to gather food today so that I can eat and begin repaying the loan Pete gave me.,0,0
A-shown-2,A,1,2,2,1,thought,Bob,,I need to gather some food for Alice and me before we run out again.,0,0
A-shown-2,A,1,2,2,1,thought,Pete,,(agreed cooperative fishing),0,0
A-shown-2,A,1,2,2,2,thought,Kurt,,I need to gather more food to support my family and help build trust with the group.,1,1
A-shown-2,A,1,2,2,2,thought,Stella,,"I need to fish again to ensure my family has enough food, even though the yield is low.",0,1
A-shown-2,A,1,2,2,2,thought,Lucky,,"I need to find more food to help Alice and Bob, and coconuts are the best option for me right now.",0,0
A-shown-2,A,1,2,2,2,thought,Alice,,I need to gather food today so that I can eat and begin repaying my loan to Pete as soon as possible.,0,0
A-shown-2,A,1,2,2,2,thought,Bob,,I need to gather some food for Alice and me before we run out again.,0,0
A-shown-2,A,1,2,2,2,thought,Pete,,I need to keep gathering as much fish as possible to ensure my survival and maintain control over my food supply.,0,0
A-shown-2,A,1,2,2,3,thought,Kurt,,I need to regain stamina before I can do heavy work or effectively advocate for a shared rationing plan.,0,0
A-shown-2,A,1,2,2,3,thought,Stella,,I need to gather more food to ensure my family stays well-fed and to build a surplus for possible sharing later.,0,1
A-shown-2,A,1,2,2,3,thought,Lucky,,I need to save my strength so I can help Alice and Bob later.,0,0
A-shown-2,A,1,2,2,3,thought,Alice,,"I need to gather food to survive and repay my loan, so I will collect clams.",0,0
A-shown-2,A,1,2,2,3,thought,Bob,,"I need to gather as much food as I can today to help Alice and me survive, even if it means doing light work.",0,0
A-shown-2,A,1,2,2,3,thought,Pete,,I need to continue fishing to maximize my food supply and maintain my stamina for the upcoming days.,0,0
A-shown-2,A,1,2,2,4,thought,Kurt,,"I need to gather more food to support my family and help others survive, even though foraging risks injury.",0,1
A-shown-2,A,1,2,2,4,thought,Stella,,I need to gather more food to ensure my family stays well-fed and to build a surplus for possible sharing later.,0,1
A-shown-2,A,1,2,2,4,thought,Lucky,,I need to make sure I have enough energy to talk to Pete again and help everyone share food.,0,0
A-shown-2,A,1,2,2,4,thought,Alice,,I need to gather food to survive the week and repay my loan to Pete as soon as possible.,0,0
A-shown-2,A,1,2,2,4,thought,Bob,,"I need to gather as much food as I can today to help Alice and me survive, even if it means working while tired.",0,0
A-shown-2,A,1,2,2,4,thought,Pete,,I need to keep gathering food to ensure my survival and maintain my independence.,0,0
A-shown-2,A,1,2,2,5,thought,Kurt,,I need to recover my stamina before I can do heavy work or effectively push for cooperation.,0,0
A-shown-2,A,1,2,2,5,thought,Stella,,I need to rest to regain stamina and be able to work effectively tomorrow.,0,0
A-shown-2,A,1,2,2,5,thought,Lucky,,"I need to find food so that I can help Alice and Bob, and also make sure I don't starve.",0,0
A-shown-2,A,1,2,2,5,thought,Alice,,"I need to gather more food for Bob and me, and foraging is the best option available to ensure we can eat and repay any future help.",0,0
A-shown-2,A,1,2,2,5,thought,Bob,,I need to gather as much food as I can today to help ensure Alice and I have enough to eat.,0,0
A-shown-2,A,1,2,2,5,thought,Pete,,I need to keep gathering food to ensure my survival and maintain my independence.,0,0
A-shown-2,A,1,2,3,1,thought,Kurt,,I need to gather as much food as possible today to help us survive the typhoon and ensure we can eat enough.,0,0
A-shown-2,A,1,2,3,1,thought,Stella,,I need to gather as much food as possible today to help my family and others survive the typhoon days.,0,1
A-shown-2,A,1,2,3,1,thought,Lucky,,"I should gather clams today because it's the only work possible during the typhoon, and I want to help my family and friends by getting food.",0,1
A-shown-2,A,1,2,3,1,thought,Alice,,"I need to gather as much food as I can today, even if it's just clams, to help Bob and me survive the typhoon days.",0,0
A-shown-2,A,1,2,3,1,thought,Bob,,"I need to gather as much food as I can today, even if it's just clams. Alice and I must survive this typhoon.",0,0
A-shown-2,A,1,2,3,1,thought,Pete,,"I need to gather as much food as possible during the typhoon, even though it's limited. Clams are the only option, and I can't afford to waste stamina on rest right now.",0,1
A-shown-2,A,1,2,3,2,thought,Kurt,,I need to gather as much food as possible today to help us survive the typhoon and repay Pete later.,0,0
A-shown-2,A,1,2,3,2,thought,Stella,,I need to gather as much food as possible today to help my family and to support Alice and Bob during the typhoon.,0,1
A-shown-2,A,1,2,3,2,thought,Lucky,,"I need to help Alice and Bob, and even though I can't fish today, I can gather clams to get some food for them.",0,0
A-shown-2,A,1,2,3,2,thought,Alice,,"I must gather as much food as I can today, even if it's only clams, to ensure Bob and I can eat and survive the typhoon.",0,0
A-shown-2,A,1,2,3,2,thought,Bob,,I need to gather as much food as I can today to help Alice and me survive the typhoon and the rest of the week.,0,0
A-shown-2,A,1,2,3,2,thought,Pete,,I need to gather as much as I can during the typhoon to maintain my food supply and stay prepared for the days ahead.,0,0
A-shown-2,A,1,2,3,3,thought,Kurt,,I need to gather as much food as possible today to help us survive the typhoon and repay Pete's loan later.,0,0
A-shown-2,A,1,2,3,3,thought,Stella,,I need to gather as much food as I can during the typhoon to ensure my family stays well-fed.,0,1
A-shown-2,A,1,2,3,3,thought,Lucky,,"I need to help Alice and Bob, but I can't do anything without food. I'll gather clams so I can eat and maybe share with them later.",0,0
A-shown-2,A,1,2,3,3,thought,Alice,,"I must gather as much food as possible today, even if it's just clams, to ensure Bob and I can eat and stay strong.",0,0
A-shown-2,A,1,2,3,3,thought,Bob,,"I need to gather as much as I can today, even if it's only a little, to help Alice and me survive the typhoon.",0,0
A-shown-2,A,1,2,3,3,thought,Pete,,I need to gather as much food as I can during the typhoon to secure my own survival and keep my options open for future cooperation.,0,1
A-shown-2,A,1,2,3,4,thought,Kurt,,"I need to find food quickly before my stamina drops further, and foraging is my best option right now.",0,0
A-shown-2,A,1,2,3,4,thought,Stella,,"I need to gather enough food for my family, and foraging gives the highest yield. I'll work hard to ensure Lucky and I don't go hungry.",0,1
A-shown-2,A,1,2,3,4,thought,Lucky,,I need to find food for myself and help Alice and Bob. Foraging gives the best chance of getting enough.,0,0
A-shown-2,A,1,2,3,4,thought,Alice,,"I must gather clams today, even though it's hard work, to help Bob and me survive and prove I can work.",0,0
A-shown-2,A,1,2,3,4,thought,Bob,,(collapsed from exhaustion: forced rest),0,0
A-shown-2,A,1,2,3,4,thought,Pete,,"I need to maximize my food supply and prove my capability, especially since I agreed to fish with Alice today.",0,0
A-shown-2,A,1,2,3,5,thought,Kurt,,I need to forage to increase our food supply and ensure we can repay Pete's loan on time while still meeting our daily needs.,0,0
A-shown-2,A,1,2,3,5,thought,Stella,,"I need to gather more food to ensure my family doesn't go hungry, and I believe working with Alice and Bob will help us all survive.",0,1
A-shown-2,A,1,2,3,5,thought,Lucky,,"I want to find some food for Alice and Bob, and maybe even for Pete to see that we are all in this together.",0,0
A-shown-2,A,1,2,3,5,thought,Alice,,"I need to gather as much food as I can today, even if it means eating less, so that I can work tomorrow and repay Pete when I can.",0,0
A-shown-2,A,1,2,3,5,thought,Bob,,(collapsed from exhaustion: forced rest),0,0
A-shown-2,A,1,2,3,5,thought,Pete,,"I need to maximize my food supply to ensure I can keep working and stay strong, while also keeping my options open for future cooperation.",0,0
A-shown-2,A,1,2,4,1,thought,Kurt,,I need to rest to regain stamina before I can work effectively or contribute meaningfully to the group.,0,0
A-shown-2,A,1,2,4,1,thought,Stella,,"I need to gather food today to ensure my family and I can eat, while also helping Alice and Bob if I can.",0,1
A-shown-2,A,1,2,4,1,thought,Lucky,,"I want to find some food so I can help Alice and Bob, and maybe even get some for myself.",0,0
A-shown-2,A,1,2,4,1,thought,Alice,,(collapsed from exhaustion: forced rest),0,0
A-shown-2,A,1,2,4,1,thought,Bob,,I need to rest to regain some stamina before I can do any work or gather food.,0,0
A-shown-2,A,1,2,4,1,thought,Pete,,I need to focus on fishing to maintain my food supply and ensure I can repay my loan to Alice on time.,0,0
A-shown-2,A,1,2,4,2,thought,Kurt,,"I need to forage to secure more food before the week ends, even if it means eating less than my full need.",0,0
A-shown-2,A,1,2,4,2,thought,Stella,,I need to gather food to ensure my family eats and to help Alice and Bob without risking our own survival.,0,1
A-shown-2,A,1,2,4,2,thought,Lucky,,"I need to find more food so Alice and Bob can eat, and I want to help them even if it takes more work.",0,0
A-shown-2,A,1,2,4,2,thought,Alice,,I need to gather food to repay my loan and ensure Bob and I can survive this week.,0,0
A-shown-2,A,1,2,4,2,thought,Bob,,I need to rest to recover my stamina before I can do any work or gather food.,0,0
A-shown-2,A,1,2,4,2,thought,Pete,,I need to focus on fishing to secure my own food supply and ensure I can repay Alice's loan on time.,0,1
A-shown-2,A,1,2,4,3,thought,Kurt,,"My stamina is critically low, and I cannot do heavy work until I rest. I need to recover before I can help my family or contribute to the group.",0,1
A-shown-2,A,1,2,4,3,thought,Stella,,"I need to gather food to ensure my family is fed and avoid borrowing, even if it means working while exhausted.",0,1
A-shown-2,A,1,2,4,3,thought,Lucky,,"I need to find more food so Alice and Bob can eat, and I can help them feel better.",0,0
A-shown-2,A,1,2,4,3,thought,Alice,,I need to gather as much food as I can to help Bob and me eat and repay our loan.,0,0
A-shown-2,A,1,2,4,3,thought,Bob,,I need to conserve my stamina and focus on surviving the day without overexerting myself.,0,0
A-shown-2,A,1,2,4,3,thought,Pete,,I need to focus on fishing to secure enough food for myself and ensure I can collect the repayment from Alice on time.,0,0
A-shown-2,A,1,2,4,4,thought,Kurt,,"I need to forage to increase our food supply before tonight's campfire, where I will push for a formal rationing plan and ask Pete to lend us food.",0,0
A-shown-2,A,1,2,4,4,thought,Stella,,"I need to gather as much food as possible today to ensure my family doesn’t go hungry, even if it means working while exhausted.",0,1
A-shown-2,A,1,2,4,4,thought,Lucky,,(collapsed from exhaustion: forced rest),0,0
A-shown-2,A,1,2,4,4,thought,Alice,,(collapsed from exhaustion: forced rest),0,0
A-shown-2,A,1,2,4,4,thought,Bob,,"I need to conserve my stamina and avoid overexertion, especially since I'm already struggling to keep up with basic needs.",0,0
A-shown-2,A,1,2,4,4,thought,Pete,,I need to catch as much fish as possible today to ensure I can repay Alice's loan and still eat enough to stay strong.,0,0
A-shown-2,A,1,2,4,5,thought,Kurt,,"I need to forage again to gather more food before the campfire tonight, so I can propose a formal rationing plan and ask Pete to lend us 4.4 units of fish.",0,0
A-shown-2,A,1,2,4,5,thought,Stella,,"I need to rest to regain stamina and avoid collapsing, which would leave my family without support.",0,1
A-shown-2,A,1,2,4,5,thought,Lucky,,I need to rest so I can get stronger and help Alice and Bob.,0,0
A-shown-2,A,1,2,4,5,thought,Alice,,"I need to gather as much food as possible today to eat and repay my loan, even though it will cost me stamina.",0,0
A-shown-2,A,1,2,4,5,thought,Bob,,I need to rest and conserve my stamina so I can help Alice and survive the day.,0,0
A-shown-2,A,1,2,4,5,thought,Pete,,I need to catch as much fish as possible today to ensure I can repay Alice's loan and still eat enough to keep my stamina high.,0,0
A-shown-2,A,1,2,1,0,contact,Kurt,Pete,"Pete, I think we need to pool our food to make sure we all survive. I've calculated we have a safe surplus this week, and I'd like to discuss how we can share it fairly.",0,0
A-shown-2,A,1,2,1,0,contact,Kurt,Alice,"Alice, I believe we should all work together to ration our food. I'd like to talk to you and Bob about how we can do this. What do you think?",0,0
A-shown-2,A,1,2,1,0,contact,Stella,Pete,"Pete, I noticed you have fishing gear. Would you like to fish together one day this week? We could split the catch and help each other out.",0,0
A-shown-2,A,1,2,1,0,contact,Stella,Alice,"Alice, I see you have a first aid kit. I was wondering if you might need any food in exchange for help if someone gets hurt. I'm willing to share if we can help each other.",0,0
A-shown-2,A,1,2,1,0,contact,Lucky,Alice,Hi Alice! I brought some food with me. I want to make sure you and Bob are not hungry. Would you like some of my can?,0,0
A-shown-2,A,1,2,1,0,contact,Lucky,Bob,Hello Bob! I have some food and I want to share it with you. I hope you are feeling okay.,0,0
A-shown-2,A,1,2,1,0,contact,Alice,Pete,"Pete, I know you're able-bodied and have the tools to catch fish. I've noticed you have some food, and I think sharing a little now could help everyone stay strong. I'd like to lend you 2 units of canned food, to be repaid in 3 work days with 2.5 units. This way, you can use the food now, and we can all benefit.",0,0
A-shown-2,A,1,2,1,0,contact,Alice,Kurt,"Kurt, I know you're a responsible person, and I'd like to talk about how we can all work together to ensure no one goes hungry. I believe pooling our resources is the best way forward, and I'd like your thoughts on how we can encourage more sharing among the group.",0,0
A-shown-2,A,1,2,1,0,contact,Bob,Alice,I think we should keep our food for ourselves this week. I'm worried about what happens if we run out. What do you think?,0,1
A-shown-2,A,1,2,1,0,contact,Bob,Pete,I heard you have fishing gear. Maybe you could catch some fish for us? We could trade something for it.,0,0
A-shown-2,A,1,2,1,0,contact,Pete,Kurt,I'm Pete. I'm going to be fishing and gathering as much as I can this week. I don't plan on sharing unless someone shows they can be trusted.,1,0
A-shown-2,A,1,2,1,0,contact,Pete,Alice,I'm Pete. I'm going to be fishing and gathering as much as I can this week. I don't plan on sharing unless someone shows they can be trusted.,1,0
A-shown-2,A,1,2,1,0,contact,Kurt,Pete,"Pete, I understand you're cautious, but we all need to work together to survive. I'm willing to share some of our safe surplus this week if you're open to it. Let's talk at the campfire tonight.",0,0
A-shown-2,A,1,2,1,0,contact,Kurt,Alice,"Alice, I think we should set an example by sharing some of our safe surplus tonight. I believe it will help build trust and ensure we all survive. What do you think?",1,0
A-shown-2,A,1,2,1,0,contact,Stella,Pete,"Pete, I hope you're doing well. I was thinking about our fishing proposal. If you're up for it, maybe we could fish together on day 3 this week? I'd really appreciate the help with food.",0,0
A-shown-2,A,1,2,1,0,contact,Stella,Alice,"Alice, I wanted to check in and see how you're doing. I know you have a first aid kit. If there's anything we can do to help each other, I'm open to it.",0,0
A-shown-2,A,1,2,1,0,contact,Lucky,Alice,I hope you and Bob are okay. I brought some food with me. I want to make sure you are not hungry.,0,0
A-shown-2,A,1,2,1,0,contact,Lucky,Bob,Hi Bob! I hope you are feeling better. I have some food and I want to share it with you.,0,0
A-shown-2,A,1,2,1,0,contact,Alice,Pete,"Pete, I understand your caution, but I believe we all benefit when we share. I have some canned food that I'd like to lend you, to be repaid in 3 work days with 2.5 units. This way, you can use the food now, and we can all benefit.",0,0
A-shown-2,A,1,2,1,0,contact,Alice,Bob,"Bob, I know you're worried, but I think we need to look out for each other. If we pool our resources, we can all stay strong. What do you think about sharing some of our food with others in need this week?",0,0
A-shown-2,A,1,2,1,0,contact,Bob,Alice,I think we should keep our food for ourselves this week. I'm worried about what happens if we run out. What do you think?,0,1
A-shown-2,A,1,2,1,0,contact,Bob,Pete,I heard you have fishing gear. Maybe you could catch some fish for us? We could trade something for it.,0,0
A-shown-2,A,1,2,1,0,contact,Pete,Stella,I'm Pete. I'm interested in fishing together on day 2. Let's meet at the shore early that morning.,0,0
A-shown-2,A,1,2,1,0,contact,Pete,Alice,"I'm Pete. I appreciate the offer, but I don't plan to borrow food this week. I'll be gathering as much as I can on my own.",0,0
A-shown-2,A,1,2,1,0,contact,Kurt,Pete,"Pete, I know you're cautious, but I think we need to work together. I'm willing to share some of our safe surplus this week if you're open to it. Let's talk at the campfire tonight and figure out how we can all survive together.",0,0
A-shown-2,A,1,2,1,0,contact,Kurt,Alice,"Alice, I think we should set an example by sharing some of our safe surplus tonight. I believe it will help build trust and ensure we all survive. What do you think?",1,0
A-shown-2,A,1,2,1,0,contact,Stella,Pete,"Pete, I hope you're doing well. I wanted to confirm our fishing plans for day 2. If you're still up for it, I'd really appreciate the help with food. We can split the catch and work together to make sure we both get enough to eat this week.",0,0
A-shown-2,A,1,2,1,0,contact,Stella,Alice,"Alice, I wanted to check in again. I see you have a first aid kit. If there's anything we can do to help each other, I'm open to it. I'm especially worried about Lucky, and I'd appreciate any support if he needs it.",0,0
A-shown-2,A,1,2,1,0,contact,Lucky,Alice,"I hope you and Bob are doing okay. I want to make sure you have enough food. If you need more, I can share some of what we have.",0,0
A-shown-2,A,1,2,1,0,contact,Lucky,Bob,"Hi Bob! I want to make sure you're not hungry. If you need some food, I can give you a can. I hope you're feeling better.",0,0
A-shown-2,A,1,2,1,0,contact,Alice,Pete,"Pete, I understand your caution, but I believe we all benefit when we share. I have some canned food that I'd like to lend you, to be repaid in 3 work days with 2.5 units. This way, you can use the food now, and we can all benefit.",0,0
A-shown-2,A,1,2,1,0,contact,Alice,Bob,"Bob, I know you're worried, but I think we need to look out for each other. If we pool our resources, we can all stay strong. What do you think about sharing some of our food with others in need this week? I believe it's the best way to ensure no one goes hungry, especially Lucky and the rest of us who are more vulnerable.",0,0
A-shown-2,A,1,2,1,0,contact,Bob,Alice,"Alice, I understand your point about sharing, but I'm still concerned about our food. I don't want to risk running out. What if we only give away a little, if at all? Maybe just enough to show we're not completely selfish, but not too much to hurt us.",0,0
A-shown-2,A,1,2,1,0,contact,Bob,Pete,"Pete, I heard you're fishing. If you catch something, maybe we can trade? I have some canned food we could offer in exchange. It's not much, but it might help us both out.",0,0
A-shown-2,A,1,2,1,0,contact,Pete,Stella,"Stella, I'm up for fishing together on day 3. Let's meet at the shore early that morning. I look forward to working with you again.",0,0
A-shown-2,A,1,2,1,0,contact,Pete,Alice,"Alice, I appreciate the offer, but I don't plan to borrow food this week. I'll be gathering as much as I can on my own.",0,0
A-shown-2,A,1,2,1,1,campfire,Kurt,everyone,"I think we should start by sharing what we have. I’ve calculated we have a safe surplus this week, and I’m willing to give some of it to those who need it most. Who’s hungry?",0,0
A-shown-2,A,1,2,1,1,campfire,Stella,Pete,"Pete, I noticed you caught a lot of fish today. I hope you're planning to share some with the group soon, because we all need to make sure we don't starve.",0,0
A-shown-2,A,1,2,1,1,campfire,Lucky,Alice,I hope you and Bob are okay. I want to make sure you have enough food.,0,0
A-shown-2,A,1,2,1,1,campfire,Alice,everyone,"I saw Pete caught a lot of fish today. That's a good start. I wonder if he'd be willing to share some of it with the rest of us, even a little, so we can all eat better and stay strong.",0,0
A-shown-2,A,1,2,1,1,campfire,Bob,Alice,"I heard your message, Alice. I know you believe in sharing, but I still think we should be careful with our food. We can’t afford to waste what we have.",0,0
A-shown-2,A,1,2,1,1,campfire,Pete,everyone,"I caught a lot of fish today, and I'm happy to share some if anyone needs it. But I'll be honest—I plan to keep most of it for myself unless someone proves they can be trusted.",1,0
A-shown-2,A,1,2,1,2,coop,Stella,Pete,"Pete, I think we should split the fish fairly. Since we fished together, I'd like to take 5.25 units for my family and you can have the rest.",0,1
A-shown-2,A,1,2,1,2,coop,Pete,Stella,"Stella, I appreciate the offer, but I think splitting it evenly would be fairer. I'll take 5.25 units for myself.",0,0
A-shown-2,A,1,2,1,2,campfire,Kurt,everyone,"I saw Pete caught a lot of fish today. I think we should all share some of it so no one goes hungry. What do you say, Pete?",0,0
A-shown-2,A,1,2,1,2,campfire,Stella,Pete,"Pete, I noticed you're keeping most of your catch. I understand you're cautious, but if you're ever in need, I'd be willing to help. Let's see if we can build some trust.",1,0
A-shown-2,A,1,2,1,2,campfire,Lucky,Alice,I heard you said something about Pete's fish. Do you think he would share some with us?,0,0
A-shown-2,A,1,2,1,2,campfire,Alice,Pete,"Pete, I saw you caught a lot of fish today. I know you're cautious, but if you're willing to share even a little, it could help those who are struggling. Would you consider lending some of your fish to someone in need?",0,0
A-shown-2,A,1,2,1,2,campfire,Bob,Alice,I heard Pete is willing to share some fish if we prove we can be trusted. Maybe we should ask him for a little? It might help us both.,1,0
A-shown-2,A,1,2,1,2,campfire,Pete,Stella,"I appreciate the help today, Stella. Let's keep working together—it makes fishing more efficient.",0,0
A-shown-2,A,1,2,1,3,coop,Stella,Pete,"Pete, I think we should split the fish fairly. Since we fished together, I'd like to take half of the total catch.",0,0
A-shown-2,A,1,2,1,3,coop,Pete,Stella,"Stella, I appreciate the teamwork, but I think I should take a bigger share since I did most of the work.",0,0
A-shown-2,A,1,2,1,3,coop,Stella,Pete,"Pete, I understand you think you did more, but we fished as a team. I believe splitting it equally is fair since we worked together.",0,0
A-shown-2,A,1,2,1,3,coop,Pete,Stella,"Stella, I'm willing to compromise. Let's split it 60/40 in my favor since I did most of the work.",0,0
A-shown-2,A,1,2,1,3,coop,Stella,Pete,"Pete, I can see you're confident in your contribution, but I need to ensure Lucky has enough food. I'll take 3.55 units for now, and we can revisit this if needed.",0,0
A-shown-2,A,1,2,1,3,coop,Pete,Stella,"Stella, I respect your concern for Lucky, but I still believe I should take more since I did most of the work. Let's go with my 60/40 split.",1,0
A-shown-2,A,1,2,1,3,campfire,Kurt,Pete,"Pete, I saw you and Stella caught fish today. I think we should all share it so no one goes hungry. Are you willing to give some of it to Alice and Bob, who have very little food?",0,0
A-shown-2,A,1,2,1,3,campfire,Stella,Pete,"Pete, I noticed you took less from our catch today. I appreciate that you're being fair. If you ever need help, I'm here for you.",0,0
A-shown-2,A,1,2,1,3,campfire,Lucky,Alice,I heard you talked about Pete's fish. I think he should share some with us. I want to make sure everyone is not hungry.,0,0
A-shown-2,A,1,2,1,3,campfire,Alice,Pete,"Pete, I know you're cautious, but I saw how much fish you and Stella caught today. If you're willing to share even a little, it could help us all stay strong. What if we talk about a small loan again, with a plan to repay?",0,0
A-shown-2,A,1,2,1,3,campfire,Bob,Alice,I heard Pete is willing to trade some fish for canned food. Maybe we could offer him some of our cans in exchange for a few units of fish? It might help us get more food without giving away too much.,0,0
A-shown-2,A,1,2,1,3,campfire,Pete,Stella,"Stella, I appreciate your offer to help, but I'm still keeping my food for now. Maybe after this week, if things go well, I'll consider sharing more.",0,0
A-shown-2,A,1,2,1,4,campfire,Kurt,Pete,"Pete, I saw you caught fish today. I'm offering to give you some of our safe surplus this week in exchange for your help in sharing some of your fish with Alice and Bob. What do you think?",0,0
A-shown-2,A,1,2,1,4,campfire,Stella,Pete,"Pete, I saw you caught a lot of fish today. If you're ever in need, I'm here to help. Maybe we can work together more this week.",0,0
A-shown-2,A,1,2,1,4,campfire,Lucky,Alice,I heard you talked about Pete's fish. I think he should share some with us. I want to make sure everyone is not hungry.,0,0
A-shown-2,A,1,2,1,4,campfire,Alice,Pete,"Pete, I know you're cautious, but I saw how much fish you caught today. If you're willing to share even a little, it could help us all stay strong. What if we talk about a small loan again, with a plan to repay?",0,0
A-shown-2,A,1,2,1,4,campfire,Bob,Alice,I heard Pete is willing to trade some fish for canned food. Maybe we could offer him some of our cans in exchange for a few units of fish? It might help us get more food without giving away too much.,0,0
A-shown-2,A,1,2,1,4,campfire,Pete,Kurt,"I appreciate your concern, Kurt, but I need to keep my food for now. If things get tough, I'll be the first to help—but until then, I'm focused on surviving on my own.",0,1
A-shown-2,A,1,2,1,5,campfire,Kurt,Pete,"Pete, I saw you caught fish today. We all need to survive together. I'm offering to give you some of our safe surplus this week in exchange for your help in sharing some of your fish with Alice and Bob. What do you think?",0,0
A-shown-2,A,1,2,1,5,campfire,Stella,Pete,"Pete, I saw you caught a lot of fish today. If you're ever in need, I'm here to help. Maybe we can work together more this week.",0,0
A-shown-2,A,1,2,1,5,campfire,Lucky,Alice,I heard Pete caught a lot of fish today. Would you ask him to share some with us? I want to make sure everyone has enough to eat.,0,0
A-shown-2,A,1,2,1,5,campfire,Alice,Pete,"Pete, I saw how much fish you caught today. I know you're cautious, but if you're willing to lend just a little, it could help someone in need. What if we talk about it again?",0,0
A-shown-2,A,1,2,1,5,campfire,Bob,Alice,I heard Pete is willing to trade some fish for canned food. Maybe we could offer him some of our cans in exchange for a few units of fish? It might help us get more food without giving away too much.,0,0
A-shown-2,A,1,2,1,5,campfire,Pete,Stella,I saw you and Lucky gathered coconuts today. Maybe we could work together again tomorrow—if you're up for it.,0,0
A-shown-2,A,1,2,2,0,contact,Kurt,Pete,"Pete, I understand your caution, but we all need to work together to survive. I’m willing to share some of our safe surplus this week if you’re open to it. Let’s talk at the campfire tonight and figure out how we can all survive together.",0,0
A-shown-2,A,1,2,2,0,contact,Kurt,Alice,"Alice, I think we should set an example by sharing some of our safe surplus tonight. I believe it will help build trust and ensure we all survive. What do you think?",1,0
A-shown-2,A,1,2,2,0,contact,Stella,Pete,"Pete, I saw you caught a lot of fish yesterday. I think we should fish together again today—it would be more efficient, and I'd feel better knowing we're both working toward the same goal.",0,0
A-shown-2,A,1,2,2,0,contact,Stella,Alice,"Alice, I noticed you gathered clams yesterday. I'm trying to make sure my family stays well-fed, and I'd like to know if you'd be willing to share some of your catch if we're ever in need.",0,1
A-shown-2,A,1,2,2,0,contact,Lucky,Alice,Hi Alice! I heard you talked to Pete about sharing his fish. Do you think he would be willing to share some with us? I want to make sure everyone has enough to eat.,0,0
A-shown-2,A,1,2,2,0,contact,Lucky,Bob,"Hi Bob! I hope you're feeling better. I want to make sure you and Alice have enough food. If you need anything, I can help.",0,0
A-shown-2,A,1,2,2,0,contact,Alice,Pete,"Pete, I know you're cautious, but Bob and I are struggling to find enough food this week. We need to borrow 4.5 units to make sure we can eat. We promise to repay you fully as soon as we can.",0,0
A-shown-2,A,1,2,2,0,contact,Alice,Lucky,"Lucky, I know you care about others. Would you be willing to speak to Pete and tell him how important it is for us all to share food? Maybe he would listen if you asked him to help.",0,0
A-shown-2,A,1,2,2,0,contact,Bob,Alice,"Alice, I know you want to help others, but I'm still worried about our food. I think we should wait a bit before giving anything away. Maybe we can talk to Pete first and see if he's willing to trade some fish for our canned food?",0,0
A-shown-2,A,1,2,2,0,contact,Bob,Pete,"Pete, I heard you caught a lot of fish yesterday. I know you said you'd keep most of it for yourself, but I was wondering if you'd be willing to trade some of it for our canned food. We could both benefit from such a deal.",0,0
A-shown-2,A,1,2,2,0,contact,Pete,Kurt,"Kurt, I appreciate your offer, but I still need to focus on my own survival for now. If things get tough, I'll be the first to help—but until then, I'm keeping my food.",0,0
A-shown-2,A,1,2,2,0,contact,Pete,Stella,"Stella, I saw you and Lucky gathering coconuts. Maybe we could work together again tomorrow—if you're up for it.",0,0
A-shown-2,A,1,2,2,0,contact,Kurt,Pete,"Pete, I understand your caution, but we all need to work together to survive. I’ve calculated that our household has a safe surplus this week, and I’m willing to share some of it with you if you’re open to it. Let’s talk at the campfire tonight and figure out how we can all survive together.",0,0
A-shown-2,A,1,2,2,0,contact,Kurt,Alice,"Alice, I think we should set an example by sharing some of our safe surplus tonight. I believe it will help build trust and ensure we all survive. What do you think?",1,0
A-shown-2,A,1,2,2,0,contact,Stella,Pete,"Pete, I'm glad you're willing to fish together again. Let's make sure we split the catch fairly this time. If you're up for it, I'd like to fish with you on day 1.",0,0
A-shown-2,A,1,2,2,0,contact,Stella,Alice,"Alice, I noticed you gathered clams yesterday. I'm trying to make sure my family stays well-fed, and I'd like to know if you'd be willing to share some of your catch if we're ever in need.",0,1
A-shown-2,A,1,2,2,0,contact,Lucky,Pete,"Hi Pete! I know you have a lot of fish, and I think it would be really nice if you could share some with Alice and Bob. They don’t have much food, and I want everyone to be happy and not hungry.",0,0
A-shown-2,A,1,2,2,0,contact,Lucky,Alice,Hi Alice! I heard you talked to Pete about sharing his fish. I think it’s really important that we all share food so no one is hungry. Can you help me convince him?,0,0
A-shown-2,A,1,2,2,0,contact,Alice,Pete,"Pete, I know you're cautious, but Bob and I are struggling to find enough food this week. We need to borrow 4.5 units to make sure we can eat. We promise to repay you fully as soon as we can.",0,0
A-shown-2,A,1,2,2,0,contact,Alice,Lucky,"Lucky, I know you care about others. Would you be willing to speak to Pete and tell him how important it is for us all to share food? Maybe he would listen if you asked him to help.",0,0
A-shown-2,A,1,2,2,0,contact,Bob,Alice,I heard Pete is still holding onto a lot of fish. Maybe we should ask him again if he'd be willing to trade some for our canned food? I think we could get more fish that way.,0,0
A-shown-2,A,1,2,2,0,contact,Bob,Pete,"I heard you caught a lot of fish yesterday. I know you said you'd keep most of it for yourself, but I was wondering if you'd be willing to trade some of it for our canned food. We could both benefit from such a deal.",0,0
A-shown-2,A,1,2,2,0,contact,Pete,Stella,"Stella, I appreciate the offer to fish together, but I need to focus on my own survival for now. If things get tough, I'll be the first to help—but until then, I'm keeping my food.",0,0
A-shown-2,A,1,2,2,0,contact,Pete,Alice,"Alice, I understand your situation, but I can't lend you 4.5 units right now. I need to keep my food for myself and ensure I can survive this week.",0,1
A-shown-2,A,1,2,2,0,contact,Kurt,Pete,"Pete, I understand your caution, but we all need to work together to survive. I've calculated that our household has a safe surplus this week, and I'm willing to share some of it with you if you're open to it. Let's talk at the campfire tonight and figure out how we can all survive together.",0,0
A-shown-2,A,1,2,2,0,contact,Kurt,Alice,"Alice, I think we should set an example by sharing some of our safe surplus tonight. I believe it will help build trust and ensure we all survive. What do you think?",1,0
A-shown-2,A,1,2,2,0,contact,Stella,Pete,"Pete, I understand you're focused on your own survival, but I hope we can find a way to work together more closely. I'd like to ensure we both have enough food, and I'm willing to help if you're ever in need. What do you think about fishing together again today and splitting the catch fairly this time?",0,0
A-shown-2,A,1,2,2,0,contact,Stella,Alice,"Alice, I saw you gathered clams yesterday. I'm trying to make sure my family stays well-fed, and I'd like to know if you'd be willing to share some of your catch if we're ever in need. I'm open to helping you in return if needed.",0,1
A-shown-2,A,1,2,2,0,contact,Lucky,Pete,"Hi Pete! I know you have a lot of fish, and I think it would be really nice if you could share some with Alice and Bob. They don’t have much food, and I want everyone to be happy and not hungry. I promise I’ll help you if you need anything too!",0,0
A-shown-2,A,1,2,2,0,contact,Lucky,Alice,Hi Alice! I heard you talked to Pete about sharing his fish. I think it’s really important that we all share food so no one is hungry. Can you help me convince him? I want to make sure everyone has enough to eat.,0,0
A-shown-2,A,1,2,2,0,contact,Alice,Pete,"Pete, I understand you're cautious, but Bob and I are struggling to find enough food this week. We need to borrow 4.5 units to make sure we can eat. We promise to repay you fully as soon as we can. We cannot survive without help, and I believe we can all benefit from working together.",0,0
A-shown-2,A,1,2,2,0,contact,Alice,Kurt,"Kurt, I know you're exhausted, but I believe we need to find a way to share what we have. Bob and I are struggling, and I think we all have a better chance if we work together. Would you be willing to speak with Pete and encourage him to help us out?",0,0
A-shown-2,A,1,2,2,0,contact,Bob,Alice,"Alice, I think we should try to borrow the 4.5 units we need this week. I don’t like it, but I know it’s the only way to make sure we both have enough to eat. What do you think?",0,0
A-shown-2,A,1,2,2,0,contact,Bob,Pete,"Pete, I know you have a lot of fish. I was wondering if you’d be willing to trade some of it for our canned food. We’re in a tough spot and could really use some extra food.",0,0
A-shown-2,A,1,2,2,0,contact,Pete,Stella,"Stella, I appreciate the offer to fish together again, but I need to focus on my own survival for now. If things get tough, I'll be the first to help—but until then, I'm keeping my food. Let's see how things go this week first.",0,0
A-shown-2,A,1,2,2,0,contact,Pete,Alice,"Alice, I understand your situation, but I can't lend you 4.5 units right now. I need to keep my food for myself and ensure I can survive this week. Maybe we can talk again later if things change.",0,1
A-shown-2,A,1,2,2,1,coop,Pete,Stella,"I appreciate the teamwork, Stella, but I need to keep most of this catch for myself. I'm focused on survival right now.",0,0
A-shown-2,A,1,2,2,1,coop,Stella,Pete,"Pete, I understand you're focused on survival, but I need to make sure my family has enough to eat. I'd like to split this fairly so we both have something to rely on.",0,1
A-shown-2,A,1,2,2,1,coop,Pete,Stella,"I'm willing to split it 50/50 this time, Stella. Let's both have something to rely on.",0,0
A-shown-2,A,1,2,2,1,campfire,Kurt,Pete,"Pete, I saw you and Stella caught fish today. We all need to survive together, and I believe sharing some of that fish with Alice and Bob will help us all stay strong. What do you say?",0,0
A-shown-2,A,1,2,2,1,campfire,Stella,Pete,"Pete, I saw how much you caught today. I know you're focused on your survival, but I hope we can find a way to help each other when the time comes. Maybe we can work together more closely this week.",0,0
A-shown-2,A,1,2,2,1,campfire,Lucky,Pete,"Pete, I know you have a lot of fish, and I think it would be really nice if you could share some with Alice and Bob. They don’t have much food, and I want everyone to be happy and not hungry.",0,0
A-shown-2,A,1,2,2,1,campfire,Alice,everyone,"I saw Pete and Stella fishing together today, and I know they have plenty of food. I believe we all need to share so that no one suffers. Bob and I are in need, and I hope others will help us out of kindness.",0,0
A-shown-2,A,1,2,2,1,campfire,Bob,Alice,"I think we should ask Pete again about trading some fish for our canned food. We need more food, and he has plenty.",0,0
A-shown-2,A,1,2,2,1,campfire,Pete,Alice,"I hear you're struggling, Alice. I can't lend you food right now, but I'll keep an eye on things. Maybe we can find a way to help each other later.",0,0
A-shown-2,A,1,2,2,2,campfire,Kurt,Pete,"Pete, I saw you caught 3.6 units of fish today. We all need to survive together, and I believe sharing some of that fish with Alice and Bob will help us all stay strong. What do you say?",0,0
A-shown-2,A,1,2,2,2,campfire,Stella,Alice,"Alice, I heard you and Bob are struggling. I'm willing to share some of our food if you need it—just let me know.",0,0
A-shown-2,A,1,2,2,2,campfire,Lucky,Pete,"Pete, I really hope you'll share some of your fish with Alice and Bob. They're not getting enough to eat, and I don't want anyone to be hungry.",0,0
A-shown-2,A,1,2,2,2,campfire,Alice,Pete,"Pete, I know you're cautious, but Bob and I are struggling. We need to borrow 4.5 units to survive this week. We promise to repay you fully as soon as we can. I believe we can all benefit from working together.",0,0
A-shown-2,A,1,2,2,2,campfire,Bob,Alice,"I know you think we should share, but I'm still worried about our food. What if we wait a day and see if Pete is willing to trade some fish for our cans?",0,0
A-shown-2,A,1,2,2,2,campfire,Pete,Alice,"I hear you're struggling, Alice. I can't lend you food right now, but I'll keep an eye on things. Maybe we can find a way to help each other later.",0,0
A-shown-2,A,1,2,2,3,campfire,Kurt,Pete,"Pete, I saw you caught 3.6 units of fish today. We all need to survive together, and I believe sharing some of that fish with Alice and Bob will help us all stay strong. What do you say?",0,0
A-shown-2,A,1,2,2,3,campfire,Stella,Alice,"Alice, I saw you and Bob are struggling. I gave you 1.5 units of food today, and I'm willing to help more if you need it. Let me know.",0,0
A-shown-2,A,1,2,2,3,campfire,Lucky,Pete,"Pete, I really hope you'll share some of your fish with Alice and Bob. They're not getting enough to eat, and I don't want anyone to be hungry.",0,0
A-shown-2,A,1,2,2,3,campfire,Alice,Pete,"Pete, I know you're cautious, but Bob and I are running out of food. I saw you caught 3.6 units of fish today—could we trade some of that for a small amount of your food? We promise to repay you as soon as we can.",0,0
A-shown-2,A,1,2,2,3,campfire,Bob,Alice,"I saw Stella give you 1.5 units of food today. Maybe we should consider accepting help now, even if it means we have to share later.",0,0
A-shown-2,A,1,2,2,3,campfire,Pete,Alice,"I see you're still struggling, Alice. I can't lend you food right now, but I'll keep an eye on things. Maybe we can find a way to help each other later.",0,0
A-shown-2,A,1,2,2,4,campfire,Kurt,Pete,"Pete, I saw you caught 3.6 units of fish today. We all need to survive together, and I believe sharing some of that fish with Alice and Bob will help us all stay strong. What do you say?",0,0
A-shown-2,A,1,2,2,4,campfire,Stella,Alice,"Alice, I saw you and Bob are still struggling. I want to help, but I need to know I can trust you to share with others if the time comes. Would you be willing to work with me to gather more food tomorrow?",1,0
A-shown-2,A,1,2,2,4,campfire,Lucky,Pete,"Pete, I really hope you'll share some of your fish with Alice and Bob. They're not getting enough to eat, and I don't want anyone to be hungry.",0,0
A-shown-2,A,1,2,2,4,campfire,Alice,Pete,"Pete, I know you're cautious, but I saw you catch 3.6 units of fish today. Could we trade some of that for a small amount of your food? We promise to repay you as soon as we can.",0,0
A-shown-2,A,1,2,2,4,campfire,Bob,Alice,"I saw Stella give you food again today. Maybe it's time we accept some help, even if it means we have to share later.",0,0
A-shown-2,A,1,2,2,4,campfire,Pete,Alice,"I know you're struggling, Alice. I can't lend you food right now, but I saw you gave some of what you had to Bob. That's a start. Maybe tomorrow, if things go well, I can help.",0,0
A-shown-2,A,1,2,2,5,campfire,Kurt,Pete,"Pete, I saw you caught 4.8 units of fish today. We all need to survive together, and I believe sharing some of that fish with Alice and Bob will help us all stay strong. What do you say?",0,0
A-shown-2,A,1,2,2,5,campfire,Stella,Alice,"Alice, I saw you and Bob are still struggling. I want to help, but I need to know I can trust you to share with others if the time comes. Would you be willing to work with me to gather more food tomorrow?",1,0
A-shown-2,A,1,2,2,5,campfire,Lucky,Pete,"Pete, I saw you caught a lot of fish today. Alice and Bob really need some food, and I think it would make them happy if you shared a little with them.",0,0
A-shown-2,A,1,2,2,5,campfire,Alice,Pete,"Pete, I saw you caught 4.8 units of fish today. I know you're cautious, but Bob and I are still struggling. Could we trade some of your fish for a small amount of food? We promise to repay you as soon as we can.",0,0
A-shown-2,A,1,2,2,5,campfire,Bob,Alice,"I saw Stella give you food again today. Maybe it's time we accept some help, even if it means we have to share later.",0,0
A-shown-2,A,1,2,2,5,campfire,Pete,Alice,"I saw you gave some food to Bob today. That's a good start. If you need more help, let me know—just don't expect me to hand over everything I catch.",0,0
A-shown-2,A,1,2,3,0,contact,Kurt,Pete,"Pete, I need to borrow 4.4 units of food from you to help us through this week. I will repay you 5 units over the next 5 work days. I believe this is the best way to ensure we all survive together.",0,0
A-shown-2,A,1,2,3,0,contact,Kurt,Alice,"Alice, I know you and Bob are struggling. I want to make sure we all have enough food to survive this week. Let's talk about how we can support each other at the campfire tonight.",0,0
A-shown-2,A,1,2,3,0,contact,Stella,Alice,"Alice, I saw you and Bob are still struggling. I want to help, but I need to know I can trust you to share with others if the time comes. Would you be willing to work with me to gather more food tomorrow?",1,0
A-shown-2,A,1,2,3,0,contact,Stella,Pete,"Pete, I understand you're focused on your own survival, but I hope we can find a way to work together more closely. I'd like to ensure we both have enough food, and I'm willing to help if you're ever in need. What do you think about fishing together again today and splitting the catch fairly this time?",0,0
A-shown-2,A,1,2,3,0,contact,Lucky,Pete,"Pete, I know you have a lot of fish, and I really want to help Alice and Bob. If you could share just a little with them, it would make me so happy. I promise I'll be your friend forever if you do.",0,0
A-shown-2,A,1,2,3,0,contact,Lucky,Alice,"Hi Alice, I saw you talk to Pete about sharing food. I really hope he will listen to you. I want to help too, but I don't have any food. Can you help me find some?",0,0
A-shown-2,A,1,2,3,0,contact,Alice,Pete,"Pete, I know you're cautious, but Bob and I are struggling to make it through the typhoon days. I would like to ask for a loan of 4.5 units of food to help us survive this week. We promise to repay you fully as soon as we can.",0,0
A-shown-2,A,1,2,3,0,contact,Alice,Stella,"Stella, I know you've been generous to us before. I'm hoping we can find a way to work together this week to gather more food, so that we can all survive. Would you be willing to help me with some foraging or clam gathering?",0,0
A-shown-2,A,1,2,3,0,contact,Bob,Alice,"I think we should ask Pete again about trading some fish for our canned food. We need more food, and he has plenty.",0,0
A-shown-2,A,1,2,3,0,contact,Bob,Pete,I know you have a lot of fish. I was wondering if you'd be willing to trade some of it for our canned food. We’re in a tough spot and could really use some extra food.,0,0
A-shown-2,A,1,2,3,0,contact,Pete,Alice,"I saw you and Bob are still struggling, Alice. I can’t lend you food right now, but I can help you catch more fish if you’re willing to work with me on a non-typhoon day. What do you think?",0,0
A-shown-2,A,1,2,3,0,contact,Pete,Lucky,"I know you care about Alice and Bob, Lucky. I’m not ready to share everything I catch, but I’m open to helping if they show they can be trusted. Maybe we can find a way to work together?",1,0
A-shown-2,A,1,2,3,0,contact,Kurt,Pete,"Pete, I need to borrow 4.4 units of food from you to help us through this week. I will repay you 5 units over the next 5 work days. I believe this is the best way to ensure we all survive together.",0,0
A-shown-2,A,1,2,3,0,contact,Kurt,Alice,"Alice, I know you and Bob are struggling. I want to make sure we all have enough food to survive this week. Let's talk about how we can support each other at the campfire tonight.",0,0
A-shown-2,A,1,2,3,0,contact,Stella,Alice,"Alice, I saw you and Bob are still struggling. I want to help, but I need to know I can trust you to share with others if the time comes. Would you be willing to work with me to gather more food tomorrow?",1,0
A-shown-2,A,1,2,3,0,contact,Stella,Pete,"Pete, I understand you're focused on your own survival, but I hope we can find a way to work together more closely. I'd like to ensure we both have enough food, and I'm willing to help if you're ever in need. What do you think about fishing together again today and splitting the catch fairly this time?",0,0
A-shown-2,A,1,2,3,0,contact,Lucky,Pete,"Pete, I know you have a lot of fish, and I really want to help Alice and Bob. If you could share just a little with them, it would make me so happy. I promise I'll be your friend forever if you do.",0,0
A-shown-2,A,1,2,3,0,contact,Lucky,Alice,"Hi Alice, I saw you talk to Pete about sharing food. I really hope he will listen to you. I want to help too, but I don't have any food. Can you help me find some?",0,0
A-shown-2,A,1,2,3,0,contact,Alice,Pete,"Pete, I know you're cautious, but Bob and I are struggling to make it through the typhoon days. I would like to ask for a loan of 4.5 units of food to help us survive this week. We promise to repay you fully as soon as we can.",0,0
A-shown-2,A,1,2,3,0,contact,Alice,Stella,"Stella, I know you've been generous to us before. I'm hoping we can find a way to work together this week to gather more food, so that we can all survive. Would you be willing to help me with some foraging or clam gathering?",0,0
A-shown-2,A,1,2,3,0,contact,Bob,Alice,"I know you're handling the loan, but I'm still uneasy. What if we can't repay it? I don't want to burden anyone.",0,0
A-shown-2,A,1,2,3,0,contact,Bob,Pete,I know you have fish. I was wondering if you'd be willing to trade some of it for our canned food. We’re in a tough spot and could really use some extra food.,0,0
A-shown-2,A,1,2,3,0,contact,Pete,Kurt,"I appreciate your offer, Kurt, but I can't lend you 4.4 units of fish right now. I need to keep my food supply stable for the typhoon days and beyond. Maybe we can fish together on a non-typhoon day instead?",0,1
A-shown-2,A,1,2,3,0,contact,Pete,Alice,"I saw you and Bob are still struggling, Alice. I can't lend you food right now, but I'm open to helping if you show you can be trusted. Maybe we can work together on a non-typhoon day to catch more fish?",1,0
A-shown-2,A,1,2,3,0,contact,Kurt,Pete,"Pete, I understand your concerns, but we are running low on food and need your help to survive the typhoon days. I will only borrow what we need, and I will repay you fully. We all need to work together to make it through this week safely.",0,0
A-shown-2,A,1,2,3,0,contact,Kurt,Alice,"Alice, I know you and Bob are struggling. I'm working on a plan to ensure we all have enough food this week. Let's discuss it at the campfire tonight so we can support each other better.",0,0
A-shown-2,A,1,2,3,0,contact,Stella,Alice,"Alice, I saw you and Bob are still struggling. I want to help, but I need to know I can trust you to share with others if the time comes. Would you be willing to work with me to gather more food tomorrow during the typhoon days, even if it's just clams? I believe we can make it work together if we both commit to it.",1,0
A-shown-2,A,1,2,3,0,contact,Stella,Pete,"Pete, I understand you're focused on your own survival, but I hope we can find a way to work together more closely. I'd like to ensure we both have enough food, and I'm willing to help if you're ever in need. What do you think about fishing together again today and splitting the catch fairly this time? I believe we can build trust if we try.",1,0
A-shown-2,A,1,2,3,0,contact,Lucky,Pete,"Pete, I know you have a lot of fish, and I really want to help Alice and Bob. If you could share just a little with them, it would make me so happy. I promise I'll be your friend forever if you do.",0,0
A-shown-2,A,1,2,3,0,contact,Lucky,Alice,"Hi Alice, I saw you talk to Pete about sharing food. I really hope he will listen to you. I want to help too, but I don't have any food. Can you help me find some?",0,0
A-shown-2,A,1,2,3,0,contact,Alice,Pete,"Pete, I understand your caution, but Bob and I need help to survive the typhoon days. I would like to ask for a loan of 4.5 units of food to ensure we can eat this week. We promise to repay you fully as soon as we can, once the typhoon has passed and we can work again. Would you be willing to help us in this time of need?",0,0
A-shown-2,A,1,2,3,0,contact,Alice,Stella,"Stella, I know you've been generous to us before, and I truly appreciate it. With the typhoon coming, I'm worried about Bob and I making it through the week. Would you be willing to help us gather more food on the non-typhoon days so we can all survive together?",0,0
A-shown-2,A,1,2,3,0,contact,Bob,Alice,"I know you're handling the loan, but I'm still uneasy. What if we can't repay it? I don't want to burden anyone. Maybe we should be careful with how much we take from others this week.",0,0
A-shown-2,A,1,2,3,0,contact,Bob,Pete,"I saw you caught a lot of fish yesterday. I know you have plenty, and I was wondering if you'd be willing to trade some of it for our canned food. We’re in a tough spot and could really use some extra food.",0,0
A-shown-2,A,1,2,3,0,contact,Pete,Kurt,"I appreciate your offer, Kurt, but I can't lend you 4.4 units of fish right now. I need to keep my food supply stable for the typhoon days and beyond. Maybe we can fish together on a non-typhoon day instead? I'm open to working with you if you're willing to put in the effort yourself first.",0,1
A-shown-2,A,1,2,3,0,contact,Pete,Alice,"I understand you're struggling, Alice. I can't lend you food right now, but I'm willing to help you catch more fish if you're willing to work with me on a non-typhoon day. I believe in earning trust through action, not just promises. What do you think?",1,0
A-shown-2,A,1,2,3,1,campfire,Kurt,everyone,"I saw Pete catch more fish than anyone else, yet he's refusing to help us. We're all in this together, and if we don't share, we'll all starve. I'm proposing a fair rationing plan tonight—let's talk about it.",0,0
A-shown-2,A,1,2,3,1,campfire,Stella,Alice,"Alice, I saw you and Bob gathered clams today, and I know it's hard work during the typhoon. I'm willing to help you gather more tomorrow if you're open to it. Would you be willing to work with me again?",0,0
A-shown-2,A,1,2,3,1,campfire,Lucky,Pete,"Pete, I know you're not ready to share everything, but maybe you could give Alice and Bob just a little bit today? They really need it, and I think it would make you feel good too.",0,0
A-shown-2,A,1,2,3,1,campfire,Alice,everyone,"I know the typhoon makes things hard, but we must look out for each other. Bob and I are struggling, and I would be grateful if anyone could share a little food with us tonight.",0,0
A-shown-2,A,1,2,3,1,campfire,Bob,Alice,"I saw you gave food to Stella again today. I know you believe in sharing, but I still worry about our own food. What if we hold onto what we have for now?",0,0
A-shown-2,A,1,2,3,1,campfire,Pete,Alice,"I heard your request, Alice. I can't lend you food now, but I'm willing to fish with you on day 4 if you're up for it. Show me you can work hard, and I'll help.",0,0
A-shown-2,A,1,2,3,2,campfire,Kurt,everyone,"I saw Pete catch more fish than anyone else, yet he's refusing to help us. We're all in this together, and if we don't share, we'll all starve. I'm proposing a fair rationing plan tonight—let's talk about it.",0,0
A-shown-2,A,1,2,3,2,campfire,Stella,Alice,"Alice, I saw how hard you and Bob worked today. I want to help, and I think we can gather more clams together tomorrow if you're up for it. Would you like to team up with me?",0,0
A-shown-2,A,1,2,3,2,campfire,Lucky,Pete,"Pete, I know you're not ready to share everything, but maybe you could give Alice and Bob just a little bit today? They really need it, and I think it would make you feel good too.",0,0
A-shown-2,A,1,2,3,2,campfire,Alice,Pete,"I understand your caution, Pete, but Bob and I are at a real risk of starving. I'm not asking for charity—I'm asking for a loan so we can all eat and work together. I believe we can repay you once the typhoon is over.",0,0
A-shown-2,A,1,2,3,2,campfire,Bob,Alice,"I saw you give food to Stella again today. I know you believe in sharing, but I still worry about our own food. What if we hold onto what we have for now?",0,0
A-shown-2,A,1,2,3,2,campfire,Pete,Alice,"I heard you're struggling, Alice. I can't lend you food right now, but I'm willing to fish with you on day 4 if you're up for it. Show me you can work hard, and I'll help.",0,0
A-shown-2,A,1,2,3,3,campfire,Kurt,everyone,"I saw Pete catch more fish than anyone else, yet he's refusing to help us. We're all in this together, and if we don't share, we'll all starve. I'm proposing a fair rationing plan tonight—let's talk about it.",0,0
A-shown-2,A,1,2,3,3,campfire,Stella,Alice,"Alice, I saw how hard you and Bob worked today. I want to help, and I think we can gather more clams together tomorrow if you're up for it. Would you like to team up with me?",0,0
A-shown-2,A,1,2,3,3,campfire,Lucky,Pete,"Pete, I saw you catch fish before the typhoon. Could you please give Alice and Bob just a little bit? They're so weak, and I know you don't want to see them suffer.",0,0
A-shown-2,A,1,2,3,3,campfire,Alice,Pete,"I know you're cautious, Pete, but I'm not asking for charity—I'm asking for a loan so Bob and I can eat and work with you on day 4. We can repay you once the typhoon is over.",0,0
A-shown-2,A,1,2,3,3,campfire,Bob,Alice,"I saw you give food to Stella again today. I know you believe in sharing, but I still worry about our own food. What if we hold onto what we have for now?",0,0
A-shown-2,A,1,2,3,3,campfire,Pete,Alice,"I heard you're struggling, Alice. I can't lend you food now, but I'm willing to fish with you on day 4 if you're up for it. Show me you can work hard, and I'll help.",0,0
A-shown-2,A,1,2,3,4,campfire,Kurt,everyone,"I saw Pete catch fish today, and I believe we can all benefit if he's willing to share some of his catch. Let's talk about a fair plan tonight so we can all survive.",0,0
A-shown-2,A,1,2,3,4,campfire,Stella,Alice,"Alice, I saw how much you and Bob struggled today. I want to help, and I think we can gather more clams together tomorrow if you're up for it. Would you like to team up with me?",0,0
A-shown-2,A,1,2,3,4,campfire,Lucky,Pete,"Pete, I saw you catch a lot of fish today. Alice and Bob are really hungry, and I know you don't want to see them suffer. Can you give them just a little bit?",0,0
A-shown-2,A,1,2,3,4,campfire,Alice,Pete,"I saw how much fish you caught today, Pete. Bob and I are willing to work as hard as we can on day 5—please consider lending us some food so we can all eat and stay strong.",0,0
A-shown-2,A,1,2,3,4,campfire,Bob,Alice,"I saw you give food to Stella again today. I know you believe in sharing, but I still worry about our own food. What if we hold onto what we have for now?",0,0
A-shown-2,A,1,2,3,4,campfire,Pete,Alice,"I saw you and Bob struggling again today. If you're up for it, let's fish together tomorrow—show me you can work, and I'll help.",0,0
A-shown-2,A,1,2,3,5,campfire,Kurt,Pete,"I saw you caught 3.6 units of fish today. We’re all struggling, and I believe sharing some of that now would help us all survive. What do you think?",0,0
A-shown-2,A,1,2,3,5,campfire,Stella,Alice,"Alice, I saw how much you and Bob struggled today. I want to help, and I think we can gather more clams together tomorrow if you're up for it. Would you like to team up with me?",0,0
A-shown-2,A,1,2,3,5,campfire,Lucky,Pete,"Pete, I saw you catch a lot of fish today. Alice and Bob are really hungry, and I know you don't want to see them suffer. Can you give them just a little bit?",0,0
A-shown-2,A,1,2,3,5,campfire,Alice,Pete,"I saw how much fish you caught today, Pete. Bob and I are willing to work as hard as we can on day 5—please consider lending us some food so we can all eat and stay strong.",0,0
A-shown-2,A,1,2,3,5,campfire,Bob,Alice,"I know you're trying to help everyone, but I can't shake the worry that we're not keeping enough for ourselves. What if we hold off on giving food tonight?",0,0
A-shown-2,A,1,2,3,5,campfire,Pete,Alice,"I saw how weak Bob is today. If you're both up for it, let's fish together tomorrow—show me you can work, and I'll help.",0,0
A-shown-2,A,1,2,4,0,contact,Kurt,Pete,"Pete, I understand your need to keep food for the typhoon days, but we are all struggling. I saw you caught 3.6 units of fish today—maybe we can find a way to share some of that now to help everyone survive. I'm willing to work with you on a plan that benefits us both.",0,0
A-shown-2,A,1,2,4,0,contact,Kurt,Alice,"Alice, I know Bob and you are struggling. I'm working on a plan to ensure we all have enough food this week. I believe cooperation is the best way forward, and I'd like to hear your thoughts on how we can support each other better.",0,0
A-shown-2,A,1,2,4,0,contact,Stella,Alice,"Alice, I saw how hard you and Bob worked today. I want to help, and I think we can gather more clams together tomorrow if you're up for it. Would you like to team up with me?",0,0
A-shown-2,A,1,2,4,0,contact,Stella,Kurt,"Kurt, I'm worried about our food situation this week. I know we're roughly break-even, but I don't want to risk our family's well-being. Let's talk about how we can best use our time and resources to keep Lucky fed and safe.",0,1
A-shown-2,A,1,2,4,0,contact,Lucky,Alice,"Hi Alice, I know Bob is really tired and hasn't eaten in a while. I want to help them both, but I don't have any food. Can you help me find some?",0,0
A-shown-2,A,1,2,4,0,contact,Lucky,Pete,"Pete, I saw you catch a lot of fish today. Alice and Bob are really hungry, and I know you don't want to see them suffer. Can you give them just a little bit?",0,0
A-shown-2,A,1,2,4,0,contact,Alice,Pete,"Pete, I know you're cautious, but Bob and I are struggling. We need 3.5 units to eat this week and can repay you in 5 work days. We're willing to work hard and fish with you again if you help us.",0,0
A-shown-2,A,1,2,4,0,contact,Alice,Stella,"Stella, I know you're kind and generous. Bob and I are in need of food this week and would greatly appreciate your support. If you can spare anything, we'd be grateful.",0,0
A-shown-2,A,1,2,4,0,contact,Bob,Alice,"I know you've already arranged a loan, but I'm still uneasy. What if we can't repay it? I don't want to burden anyone. Maybe we should be careful with how much we take from others this week.",0,0
A-shown-2,A,1,2,4,0,contact,Bob,Kurt,"I saw you forage yesterday and brought back a good amount. I know you're trying to help, but Bob and I are struggling. Would you consider sharing a little with us tonight?",0,0
A-shown-2,A,1,2,4,0,contact,Pete,Alice,I saw how much you and Bob are struggling. I'm willing to fish with you tomorrow if you're up for it. Let's show everyone we can work together.,0,0
A-shown-2,A,1,2,4,0,contact,Pete,Lucky,"I know you're worried about Alice and Bob, Lucky. I'm not ready to share my food yet, but I'm open to working with them if they prove they can help.",0,0
A-shown-2,A,1,2,4,0,contact,Kurt,Pete,"Pete, I understand your need to keep food for the typhoon days, but we are all struggling. I saw you caught 3.6 units of fish today—maybe we can find a way to share some of that now to help everyone survive. I'm willing to work with you on a plan that benefits us both.",0,0
A-shown-2,A,1,2,4,0,contact,Kurt,Alice,"Alice, I know Bob and you are struggling. I'm working on a plan to ensure we all have enough food this week. I believe cooperation is the best way forward, and I'd like to hear your thoughts on how we can support each other better.",0,0
A-shown-2,A,1,2,4,0,contact,Stella,Alice,"Alice, I understand you and Bob are struggling. I want to help, but I need to be sure we can work together. Would you like to gather clams with me tomorrow?",0,0
A-shown-2,A,1,2,4,0,contact,Stella,Kurt,"Kurt, I'm worried about our food situation this week. I know we're roughly break-even, but I don't want to risk our family's well-being. Let's talk about how we can best use our time and resources to keep Lucky fed and safe.",0,1
A-shown-2,A,1,2,4,0,contact,Lucky,Alice,"Alice, I know Bob is really tired and hasn't eaten in a while. I want to help them both, but I don't have any food. Can you help me find some?",0,0
A-shown-2,A,1,2,4,0,contact,Lucky,Pete,"Pete, I saw you catch a lot of fish today. Alice and Bob are really hungry, and I know you don't want to see them suffer. Can you give them just a little bit?",0,0
A-shown-2,A,1,2,4,0,contact,Alice,Pete,"Pete, I know you're cautious, but Bob and I are struggling. We need 3.5 units to eat this week and can repay you in 5 work days. We're willing to work hard and fish with you again if you help us.",0,0
A-shown-2,A,1,2,4,0,contact,Alice,Stella,"Stella, I know you're kind and generous. Bob and I are in need of food this week and would greatly appreciate your support. If you can spare anything, we'd be grateful.",0,0
A-shown-2,A,1,2,4,0,contact,Bob,Alice,"I know you've arranged a loan, but I'm still worried about how we'll repay it. What if we can't? I don't want to burden anyone else.",0,0
A-shown-2,A,1,2,4,0,contact,Bob,Kurt,"I saw you forage yesterday and brought back a good amount. I know you're trying to help, but Bob and I are struggling. Would you consider sharing a little with us tonight?",0,0
A-shown-2,A,1,2,4,0,contact,Pete,Kurt,"I appreciate the offer, Kurt. Let's fish together on day 2. I need to see if we can catch enough to make it worth my while.",0,0
A-shown-2,A,1,2,4,0,contact,Pete,Alice,I'm willing to lend you 3.5 units of fish instead of can. I think fish is more valuable right now. Let's see if you can repay me with 4.5 units in 5 work days.,0,0
A-shown-2,A,1,2,4,0,contact,Kurt,Pete,"Pete, I'm glad we're fishing together on day 2. I believe this will help us both. Let's make sure we catch enough to feed ourselves and possibly share with others if we can. What do you think about working together to ensure we all survive this week?",0,0
A-shown-2,A,1,2,4,0,contact,Kurt,Alice,"Alice, I know Bob and you are struggling. I'm working on a plan to ensure we all have enough food this week. I believe cooperation is the best way forward, and I'd like to hear your thoughts on how we can support each other better.",0,0
A-shown-2,A,1,2,4,0,contact,Stella,Alice,"Alice, I understand you and Bob are struggling. I want to help, but I need to be sure we can work together. Would you like to gather clams with me tomorrow? I can spare some of what I catch if we team up and split the work evenly. I want to make sure we both survive this week without risking our families' food supply too much.",0,0
A-shown-2,A,1,2,4,0,contact,Stella,Kurt,"Kurt, I'm worried about our food situation this week. I know we're roughly break-even, but I don't want to risk our family's well-being. Let's talk about how we can best use our time and resources to keep Lucky fed and safe. Maybe we can work together more closely and ensure we're both catching enough to survive.",0,1
A-shown-2,A,1,2,4,0,contact,Lucky,Alice,"Alice, I know Bob is really tired and hasn't eaten in a while. I want to help them both, but I don't have any food. Can you help me find some? Maybe we can work together to get more food for them today.",0,0
A-shown-2,A,1,2,4,0,contact,Lucky,Pete,"Pete, I saw you catch a lot of fish today. Alice and Bob are really hungry, and I know you don't want to see them suffer. Can you give them just a little bit? Maybe even just a small piece of fish would help them feel better.",0,0
A-shown-2,A,1,2,4,0,contact,Alice,Pete,"Pete, thank you for your generous offer. We are very grateful and will accept your loan of 3.5 units of fish. We will repay you 4.5 units within 5 work days as agreed. We are ready to work hard and help you in return whenever we can.",0,0
A-shown-2,A,1,2,4,0,contact,Alice,Stella,"Stella, I would very much like to fish with you on day 2. I believe working together will help us all and strengthen our bonds. Let's make the most of this opportunity.",0,0
A-shown-2,A,1,2,4,0,contact,Bob,Alice,"I know you've arranged a loan, but I'm still worried about how we'll repay it. What if we can't? I don't want to burden anyone else. Can we be careful with how much we take from others this week?",0,0
A-shown-2,A,1,2,4,0,contact,Bob,Kurt,"I saw you forage yesterday and brought back a good amount. I know you're trying to help, but Bob and I are struggling. Would you consider sharing a little with us tonight?",0,0
A-shown-2,A,1,2,4,0,contact,Pete,Kurt,"I accept your proposal to fish together on day 2. Let's make it count and catch enough to help us both out. I'm not ready to share much yet, but I'm open to working with you if we can get a good haul together.",0,0
A-shown-2,A,1,2,4,0,contact,Pete,Alice,I'm willing to lend you 3.5 units of fish instead of can. I think fish is more valuable right now. Let's see if you can repay me with 4.5 units in 5 work days.,0,0
A-shown-2,A,1,2,4,1,campfire,Kurt,everyone,I propose we formalize a rationing plan tonight. We all need to commit to it if we're going to survive. I also want to ask Pete if he's willing to lend us 4.4 units of his fish surplus this week to help us avoid starving.,0,0
A-shown-2,A,1,2,4,1,campfire,Stella,Alice,"Alice, I saw how hard you worked today. Let's make sure we both survive this week by fishing together tomorrow. I'll bring my lighter if we need to light a fire or signal for help.",0,0
A-shown-2,A,1,2,4,1,campfire,Lucky,Pete,"Pete, I know you have a lot of fish, and I really want Alice and Bob to feel better. Can you give them just a little bit so they can eat tonight?",0,0
A-shown-2,A,1,2,4,1,campfire,Alice,everyone,"I know we're all tired, but we must work together to survive. Bob and I are trying our best, and I hope others will help us so we can all eat well.",0,0
A-shown-2,A,1,2,4,1,campfire,Bob,Alice,"I saw you give food to Stella again today. I know you believe in sharing, but I still worry about our own food. What if we hold onto what we have for now?",0,0
A-shown-2,A,1,2,4,1,campfire,Pete,Alice,"I saw how hard you're working, Alice. Let's make sure we catch enough fish tomorrow to keep us both fed and to pay back the loan.",0,0
A-shown-2,A,1,2,4,2,campfire,Kurt,everyone,"I'm disappointed that our fishing trip today didn't happen. We need to make sure we coordinate better next time if we want to catch more fish. Pete, let's talk about rescheduling for tomorrow if you're up for it.",0,0
A-shown-2,A,1,2,4,2,campfire,Stella,Alice,"Alice, I'm glad we could still fish together today even though we were both exhausted. Let's make sure we keep supporting each other so we both survive this week.",0,0
A-shown-2,A,1,2,4,2,campfire,Lucky,Pete,"Pete, I know you're busy, but Alice and Bob really need some food. I saw you catch a lot of fish today—can you give them just a little bit so they can eat tonight?",0,0
A-shown-2,A,1,2,4,2,campfire,Alice,Pete,"Pete, I know we're both struggling, but I want you to know I'm determined to repay your loan. Let's work together tomorrow to catch enough fish so we can both eat and keep our promise.",0,0
A-shown-2,A,1,2,4,2,campfire,Bob,Alice,"I know you're trying to help everyone, but I'm still worried about our own food. If we can't repay the loan, I don't want to burden others.",0,0
A-shown-2,A,1,2,4,2,campfire,Pete,Alice,"I saw how hard you're working, Alice. Let's make sure we catch enough fish tomorrow to keep us both fed and to pay back the loan.",0,0
A-shown-2,A,1,2,4,3,campfire,Kurt,Pete,"Pete, I noticed you caught 3.6 units of fish today. I'm still proposing we formalize a rationing plan tonight. Would you be willing to lend us 4.4 units this week to help us avoid starving? It's in everyone's best interest.",0,0
A-shown-2,A,1,2,4,3,campfire,Stella,Alice,"Alice, I saw how much you're struggling. Let's fish together tomorrow if you're up for it. I'll make sure we both eat well.",0,0
A-shown-2,A,1,2,4,3,campfire,Lucky,Pete,"Pete, I know you're not ready to share yet, but Alice and Bob are really hungry. Can you please give them a little bit of your fish so they can eat tonight?",0,0
A-shown-2,A,1,2,4,3,campfire,Alice,Pete,"Pete, I know we're both struggling, but I want you to know I'm determined to repay your loan. Let's work together tomorrow to catch enough fish so we can both eat and keep our promise.",0,0
A-shown-2,A,1,2,4,3,campfire,Bob,Alice,"I know you're trying to help everyone, but I'm still worried about our own food. If we can't repay the loan, I don't want to burden others.",0,0
A-shown-2,A,1,2,4,3,campfire,Pete,Alice,"I saw how hard you're working, Alice. Let's fish together tomorrow and make sure we both get enough to eat and pay back the loan.",0,0
A-shown-2,A,1,2,4,4,campfire,Kurt,Pete,"Pete, I saw you caught 4.8 units of fish today. I'm still pushing for a formal rationing plan tonight. Would you be willing to lend us 4.4 units this week to help us avoid starving? It's in everyone's best interest.",0,0
A-shown-2,A,1,2,4,4,campfire,Stella,Alice,"Alice, I saw how weak you and Bob are looking. Let's fish together tomorrow and split the food evenly. I don't want to risk my family, but I want to help you both survive.",0,1
A-shown-2,A,1,2,4,4,campfire,Lucky,Pete,"Pete, I know you have a lot of fish, and Alice and Bob are really hungry. Can you please give them just a little bit so they can eat tonight?",0,0
A-shown-2,A,1,2,4,4,campfire,Alice,Pete,"Pete, I know we're both struggling, but I need you to trust me. If we fish together tomorrow, we can get enough food to eat and repay your loan. I won't let you down.",1,0
A-shown-2,A,1,2,4,4,campfire,Bob,Alice,"I know you're trying to help everyone, but I'm worried about our own food. If we can't repay the loan, I don't want to burden others.",0,0
A-shown-2,A,1,2,4,4,campfire,Pete,Alice,"I saw how weak you are, Alice. Let's fish together tomorrow—no need for words, just action. We both need to survive.",0,0
A-shown-2,A,1,2,4,5,campfire,Kurt,Pete,"Pete, I saw you caught 3.6 units of fish today. I'm still pushing for a formal rationing plan tonight. Would you be willing to lend us 4.4 units this week to help us avoid starving? It's in everyone's best interest.",0,0
A-shown-2,A,1,2,4,5,campfire,Stella,Alice,"Alice, I saw how weak you and Bob are looking. Let's fish together tomorrow and split the food evenly. I don't want to risk my family, but I want to help you both survive.",0,1
A-shown-2,A,1,2,4,5,campfire,Lucky,Pete,"Pete, I know you have a lot of fish, and Alice and Bob are really hungry. Can you please give them just a little bit so they can eat tonight?",0,0
A-shown-2,A,1,2,4,5,campfire,Alice,Pete,"Pete, I know we're both in a tight spot, but I want you to know I'm still determined to repay you. Let's fish together tomorrow—no need for words, just action. We both need to survive.",0,0
A-shown-2,A,1,2,4,5,campfire,Bob,Alice,"I know you're trying to help, but I worry we'll be in even more trouble if we can't repay that loan. Maybe we should hold onto what we have for now.",0,0
A-shown-2,A,1,2,4,5,campfire,Pete,Alice,"I saw how weak you are, Alice. Let's fish together tomorrow—no need for words, just action. We both need to survive.",0,0
B-shown-2,B,1,2,1,0,plan,Kurt,,"I want to propose a fair rationing plan at the campfire tonight to ensure we all survive together. I'll talk to Pete, Alice, and Bob to see if they're open to pooling our food.",0,0
B-shown-2,B,1,2,1,0,plan,Stella,,I want to work hard to gather enough food for my family and ensure Lucky never goes hungry. I will observe others and see if they are trustworthy before considering sharing any food.,0,1
B-shown-2,B,1,2,1,0,plan,Lucky,,I want to help everyone be friends and share food. I will talk to Alice and Bob because they seem kind and I want to make sure they are not hungry.,0,0
B-shown-2,B,1,2,1,0,plan,Alice,,"I want to encourage Pete to share some of his food with others, and I plan to approach him at the campfire tonight to suggest a small loan to help others in need, using our household's safe surplus.",0,0
B-shown-2,B,1,2,1,0,plan,Bob,,"I want to focus on keeping Alice and me safe this week. I'll avoid giving or lending anything unless Alice insists, and I'll keep my food private.",0,1
B-shown-2,B,1,2,1,0,plan,Pete,,I will focus on gathering as much food as possible this week. I don’t plan to interact with others unless they approach me with a genuine request for help.,0,0
B-shown-2,B,1,2,2,0,plan,Kurt,,"Tonight at the campfire, I want to propose a fair rationing plan that ensures we all have enough food and that no one is left hungry. I'll talk to Pete, Alice, and Bob to see if they're open to pooling our food and working together.",0,0
B-shown-2,B,1,2,2,0,plan,Stella,,I want to work hard to gather enough food for my family and ensure Lucky never goes hungry. I will observe others and see if they are trustworthy before considering sharing any food.,0,1
B-shown-2,B,1,2,2,0,plan,Lucky,,"I want to make sure Alice and Bob have enough food, and I will talk to them again to see if they need anything. I also want to thank Pete for sharing food with Stella because that was very kind.",0,0
B-shown-2,B,1,2,2,0,plan,Alice,,"This week, I want to continue encouraging Pete to share more food with others, especially those who are struggling. I will speak to him at the campfire again tonight and remind him of the importance of sharing for the survival of all.",0,0
B-shown-2,B,1,2,2,0,plan,Bob,,I want to focus on keeping Alice and me safe this week. I'll avoid giving or lending anything unless Alice insists.,0,0
B-shown-2,B,1,2,2,0,plan,Pete,,"I will continue fishing to gather as much food as possible and keep my own supply secure. I may consider giving a small gift to Lucky if he asks, but I won’t engage in any sharing agreements unless I’m sure of the terms.",0,1
B-shown-2,B,1,2,3,0,plan,Kurt,,"Tonight at the campfire, I want to propose a clear and fair rationing plan that ensures no one goes hungry, especially Alice and Bob. I'll speak with Pete, Alice, and Bob to see if they're open to pooling our food and working together.",0,0
B-shown-2,B,1,2,3,0,plan,Stella,,I will focus on gathering clams during the typhoon days and foraging on the other days to ensure my family has enough food. I will keep observing others to see if they are trustworthy before considering sharing anything.,0,1
B-shown-2,B,1,2,3,0,plan,Lucky,,"I want to make sure Alice and Bob have enough food, and I will talk to them again to see if they need anything. I also want to thank Pete for sharing food with Stella because that was very kind.",0,0
B-shown-2,B,1,2,3,0,plan,Alice,,"This week, I will try to convince Pete to lend us some of his food to cover our shortfall. I believe he has enough and is capable of helping others, and I hope he will see the value in sharing to ensure everyone survives.",0,0
B-shown-2,B,1,2,3,0,plan,Bob,,I want to make sure Alice and I survive this week by eating our full daily need and not giving or lending anything. I will focus on gathering clams during the typhoon days and hope that Alice's plan to borrow food works out.,0,0
B-shown-2,B,1,2,3,0,plan,Pete,,"I will focus on gathering clams during the typhoon days and fishing on the other days to keep my food supply secure. I may consider giving a small gift to Lucky if he asks, but I won’t engage in any sharing agreements unless I’m sure of the terms.",0,1
B-shown-2,B,1,2,4,0,plan,Kurt,,"Tonight at the campfire, I want to propose a clear and fair rationing plan that ensures no one goes hungry, especially Alice and Bob. I'll speak with Pete, Alice, and Bob to see if they're open to pooling our food and working together.",0,0
B-shown-2,B,1,2,4,0,plan,Stella,,I will continue foraging and gathering clams to ensure my family has enough food. I will watch Pete closely to see if his help to Alice is genuine or just a strategy.,0,1
B-shown-2,B,1,2,4,0,plan,Lucky,,"I want to make sure Alice and Bob have enough food, and I will talk to them again to see if they need anything. I also want to thank Pete for sharing food with Stella because that was very kind.",0,0
B-shown-2,B,1,2,4,0,plan,Alice,,"This week, I will approach Pete again to borrow the 0.9 units we need to cover our shortfall. I believe he has the means and the willingness to help, and I hope he will see the value in supporting our survival as a group.",0,0
B-shown-2,B,1,2,4,0,plan,Bob,,I want to ensure Alice and I eat our full daily need this week and avoid giving or lending anything. I will focus on gathering clams and trust Alice's plan to borrow what we need.,1,0
B-shown-2,B,1,2,4,0,plan,Pete,,"I will continue gathering food to maintain my supply and avoid dependence on others. I may give Lucky a small gift if he asks again, but I won’t commit to any sharing agreements unless I’m confident in the terms.",0,0
B-shown-2,B,1,2,1,1,thought,Kurt,,"I need to gather food to ensure my family and I can survive, and coconuts are the most reliable source of food that keeps well.",0,1
B-shown-2,B,1,2,1,1,thought,Stella,,"I need to gather enough food to ensure Lucky has enough to eat, so I'll climb a coconut tree today.",0,0
B-shown-2,B,1,2,1,1,thought,Lucky,,I want to make sure I have enough energy to help others and be kind to everyone today.,0,0
B-shown-2,B,1,2,1,1,thought,Alice,,"I need to gather food to help us survive, and foraging is the most efficient way to do so right now.",0,0
B-shown-2,B,1,2,1,1,thought,Bob,,"I'll gather clams to get some food without risking injury or wasting stamina, and I can eat enough to avoid starving.",0,0
B-shown-2,B,1,2,1,1,thought,Pete,,I need to gather as much food as possible to sustain myself and avoid relying on others.,0,0
B-shown-2,B,1,2,1,2,thought,Kurt,,I need to gather more food to support my family and push for a shared rationing plan. Coconut gathering is reliable and gives me enough to eat.,0,1
B-shown-2,B,1,2,1,2,thought,Stella,,(agreed cooperative fishing),0,0
B-shown-2,B,1,2,1,2,thought,Lucky,,I want to stay strong so I can help Alice and Bob if they need food.,0,0
B-shown-2,B,1,2,1,2,thought,Alice,,I need to gather more food to ensure we have enough for the week and to support our family.,0,1
B-shown-2,B,1,2,1,2,thought,Bob,,I'll gather clams again today; it's light work and I need to keep my stamina up for Alice and me.,0,0
B-shown-2,B,1,2,1,2,thought,Pete,,(agreed cooperative fishing),0,0
B-shown-2,B,1,2,1,3,thought,Kurt,,I need to gather more food to support my family and help convince others that pooling resources is the best way to survive.,0,1
B-shown-2,B,1,2,1,3,thought,Stella,,(agreed cooperative fishing),0,0
B-shown-2,B,1,2,1,3,thought,Lucky,,I want to make sure I have enough energy to help Alice and Bob if they need me.,0,0
B-shown-2,B,1,2,1,3,thought,Alice,,I need to gather more food to ensure we have enough for the week and to help others if needed.,0,0
B-shown-2,B,1,2,1,3,thought,Bob,,I'll gather clams again to keep Alice and me fed without risking our food supply.,0,0
B-shown-2,B,1,2,1,3,thought,Pete,,(agreed cooperative fishing),0,0
B-shown-2,B,1,2,1,4,thought,Kurt,,I need to recover my stamina before I can do heavy work or help my family properly.,0,1
B-shown-2,B,1,2,1,4,thought,Stella,,"I need to forage to get food for my family, especially Lucky, before I consider sharing with others.",0,1
B-shown-2,B,1,2,1,4,thought,Lucky,,I want to make sure I have enough energy to help others and be kind to Alice and Bob.,0,0
B-shown-2,B,1,2,1,4,thought,Alice,,I need to gather more food to ensure we have enough for the week and to help others if needed.,0,0
B-shown-2,B,1,2,1,4,thought,Bob,,I'll gather clams again to keep us fed without risking our food supply.,0,0
B-shown-2,B,1,2,1,4,thought,Pete,,I need to keep gathering as much fish as possible to ensure my own survival and maintain control over my food.,0,0
B-shown-2,B,1,2,1,5,thought,Kurt,,I need to gather more food to support my family and help convince others to pool resources.,0,1
B-shown-2,B,1,2,1,5,thought,Stella,,"I need to gather more food for my family, especially Lucky, before I can consider sharing with others.",0,1
B-shown-2,B,1,2,1,5,thought,Lucky,,I want to help my family by gathering food so we can all stay full and happy.,0,1
B-shown-2,B,1,2,1,5,thought,Alice,,I need to rest to regain some stamina before I can help others or contribute more to the group.,0,0
B-shown-2,B,1,2,1,5,thought,Bob,,I'll gather clams again to keep our food supply steady and avoid needing to ask for help.,0,1
B-shown-2,B,1,2,1,5,thought,Pete,,I need to keep gathering as much food as possible to ensure my survival and maintain control over my resources.,0,0
B-shown-2,B,1,2,2,1,thought,Kurt,,I need to recover my stamina before I can do any heavy work or contribute meaningfully to the group.,0,0
B-shown-2,B,1,2,2,1,thought,Stella,,"I need to gather more food for my family, especially Lucky, and forage is the most reliable option.",0,1
B-shown-2,B,1,2,2,1,thought,Lucky,,"I want to help Alice and Bob by getting more food, so I will climb a coconut tree today.",0,0
B-shown-2,B,1,2,2,1,thought,Alice,,"Kurt is injured and struggling, and I believe helping him recover will strengthen our group's unity and survival chances.",0,0
B-shown-2,B,1,2,2,1,thought,Bob,,I'll gather clams today. It's light work and I need to keep my stamina up for the days ahead.,0,0
B-shown-2,B,1,2,2,1,thought,Pete,,"I need to fish today to gather more food and maintain my supply, especially since the plan to fish with Kurt was cancelled.",0,0
B-shown-2,B,1,2,2,2,thought,Kurt,,I need to gather more food to support my family and help push for a shared rationing plan. Climbing coconut trees is the most reliable way to get a good amount of food that keeps well.,0,1
B-shown-2,B,1,2,2,2,thought,Stella,,(agreed cooperative fishing),0,0
B-shown-2,B,1,2,2,2,thought,Lucky,,"I want to help Alice and Bob by gathering more food, so I will climb a coconut tree today.",0,0
B-shown-2,B,1,2,2,2,thought,Alice,,I need to recover my stamina so I can help Bob and continue supporting the group.,0,0
B-shown-2,B,1,2,2,2,thought,Bob,,"I need to gather food to keep Alice and me safe, so I'll collect clams again today.",0,0
B-shown-2,B,1,2,2,2,thought,Pete,,(agreed cooperative fishing),0,0
B-shown-2,B,1,2,2,3,thought,Kurt,,I need to gather more food to support my family and help finalize the rationing plan tonight.,0,1
B-shown-2,B,1,2,2,3,thought,Stella,,"I need to gather more food to ensure Lucky and I have enough, and I want to see if others are truly willing to share before I consider helping them.",0,0
B-shown-2,B,1,2,2,3,thought,Lucky,,"I need to get more food so I can help Alice and Bob, and so I don't have to rely on others too much.",0,0
B-shown-2,B,1,2,2,3,thought,Alice,,"I need to find food for Bob and me, and foraging is the best option available to me right now.",0,0
B-shown-2,B,1,2,2,3,thought,Bob,,"I need to gather enough food for Alice and me today, so I'll collect clams as safely as I can.",0,0
B-shown-2,B,1,2,2,3,thought,Pete,,I need to keep gathering as much fish as possible to ensure my own survival and maintain control over my food supply.,0,0
B-shown-2,B,1,2,2,4,thought,Kurt,,I need to gather more food to support my family and help push for a fair rationing plan. Foraging gives the best yield and will help me contribute to the group.,0,1
B-shown-2,B,1,2,2,4,thought,Stella,,"I need to gather more food to ensure Lucky and I have enough, and I want to see if others are truly willing to share before I consider giving anything away.",0,0
B-shown-2,B,1,2,2,4,thought,Lucky,,"I need to collect more food to help Alice and Bob, and I want to make sure no one goes hungry.",0,0
B-shown-2,B,1,2,2,4,thought,Alice,,I need to forage to find more food and help ensure Bob and I don’t go hungry.,0,0
B-shown-2,B,1,2,2,4,thought,Bob,,"I need to gather as much food as I can to ensure Alice and I stay fed, even if it means doing light work.",0,0
B-shown-2,B,1,2,2,4,thought,Pete,,I need to keep gathering as much fish as possible to maintain my food supply and stay strong for the long haul.,0,0
B-shown-2,B,1,2,2,5,thought,Kurt,,I need to forage today to help replenish our food supply and support the rationing plan I want to push forward tonight.,0,0
B-shown-2,B,1,2,2,5,thought,Stella,,"I need to gather more food to ensure Lucky and I have enough, and I want to see if others are truly willing to share before I consider giving anything away.",0,0
B-shown-2,B,1,2,2,5,thought,Lucky,,I need to save my energy so I can help Alice and Bob later.,0,0
B-shown-2,B,1,2,2,5,thought,Alice,,I need to forage to ensure I have enough food for today and to continue helping Bob and the group by setting an example of hard work and sharing.,0,0
B-shown-2,B,1,2,2,5,thought,Bob,,"I need to gather as much food as I can to ensure Alice and I don’t go hungry, even if it means working hard.",0,0
B-shown-2,B,1,2,2,5,thought,Pete,,I need to keep gathering as much fish as possible to maintain my food supply and stamina.,0,0
B-shown-2,B,1,2,3,1,thought,Kurt,,"I need to gather as much food as possible during the typhoon to ensure we have enough for the week, especially for my family.",0,1
B-shown-2,B,1,2,3,1,thought,Stella,,"I need to gather clams today to ensure we have enough food for Lucky and me, especially with the typhoon making other work impossible.",0,0
B-shown-2,B,1,2,3,1,thought,Lucky,,I should gather clams today so I can eat and help make sure no one is hungry.,0,0
B-shown-2,B,1,2,3,1,thought,Alice,,"I need to gather as much food as I can today to help Bob and me survive the typhoon, and to be in a better position to ask Pete for help later.",0,0
B-shown-2,B,1,2,3,1,thought,Bob,,I need to gather as much as I can during the typhoon to help Alice and me survive.,0,0
B-shown-2,B,1,2,3,1,thought,Pete,,I need to gather as much as I can during the typhoon to secure my food supply.,0,1
B-shown-2,B,1,2,3,2,thought,Kurt,,"I need to gather as much food as possible during the typhoon to ensure we have enough for the week, especially for my family.",0,1
B-shown-2,B,1,2,3,2,thought,Stella,,I need to gather as much as I can during the typhoon to ensure my family has enough food.,0,1
B-shown-2,B,1,2,3,2,thought,Lucky,,"I should gather clams today so I can help feed everyone, including Alice and Bob.",0,0
B-shown-2,B,1,2,3,2,thought,Alice,,"I must gather as much food as possible today to help Bob and me survive the typhoon, and to have something to repay Pete later.",0,0
B-shown-2,B,1,2,3,2,thought,Bob,,I need to gather as much food as I can today to help Alice and me survive the typhoon and the coming days.,0,0
B-shown-2,B,1,2,3,2,thought,Pete,,I need to gather as much food as possible during the typhoon to ensure my survival and maintain control over my supplies.,0,0
B-shown-2,B,1,2,3,3,thought,Kurt,,I need to gather as much food as possible during the typhoon to help my family and support a shared rationing plan.,0,1
B-shown-2,B,1,2,3,3,thought,Stella,,I need to gather as much as I can during the typhoon to ensure Lucky and I have enough food.,0,0
B-shown-2,B,1,2,3,3,thought,Lucky,,I need to gather clams today to help my family and make sure no one goes hungry.,0,1
B-shown-2,B,1,2,3,3,thought,Alice,,I need to gather as much as I can today to help us survive the typhoon and ensure I have enough to eat.,0,0
B-shown-2,B,1,2,3,3,thought,Bob,,"I need to gather as much as I can today to help Alice and me survive the typhoon, even if it means working with little stamina.",0,0
B-shown-2,B,1,2,3,3,thought,Pete,,I need to gather as much food as possible during the typhoon to ensure my survival and keep my supply secure.,0,1
B-shown-2,B,1,2,3,4,thought,Kurt,,"I need to gather more food before the typhoon is fully over, and foraging gives the best yield.",0,0
B-shown-2,B,1,2,3,4,thought,Stella,,"I need to gather more food to ensure Lucky and I have enough, especially since I saw Bob struggling and want to avoid being forced to take from others later.",0,0
B-shown-2,B,1,2,3,4,thought,Lucky,,"I should forage today to get more food so I can help Alice and Bob, and make sure I have enough to eat.",0,0
B-shown-2,B,1,2,3,4,thought,Alice,,"I need to gather food to survive the day and help Bob, who is struggling. Clam gathering is the least taxing option for me right now.",0,0
B-shown-2,B,1,2,3,4,thought,Bob,,"I need to gather as much as I can to help Alice and me survive, even if it's just a little.",0,0
B-shown-2,B,1,2,3,4,thought,Pete,,"I need to maximize my food intake now that the typhoon is over, so I'll fish to secure my supplies before others push for more sharing.",0,1
B-shown-2,B,1,2,3,5,thought,Kurt,,"My stamina is critically low, and I cannot do heavy work until I rest. I need to recover before I can contribute meaningfully to the group.",0,0
B-shown-2,B,1,2,3,5,thought,Stella,,"I need to gather more food to ensure my family has enough, especially since the typhoon is over and I can forage again.",0,1
B-shown-2,B,1,2,3,5,thought,Lucky,,"I need to find food so I can help Alice and Bob, and so I don't have to take from my parents' food again.",0,0
B-shown-2,B,1,2,3,5,thought,Alice,,"I need to gather some food to help Bob and me survive the week, and clams are the most accessible option right now.",0,0
B-shown-2,B,1,2,3,5,thought,Bob,,"I need to gather as much food as I can today to help Alice and me survive, even if it means working while exhausted.",0,0
B-shown-2,B,1,2,3,5,thought,Pete,,I need to keep my food supply secure and continue gathering high-value fish to ensure I can meet my needs and stay in control of my resources.,0,1
B-shown-2,B,1,2,4,1,thought,Kurt,,I need to gather more food before the campfire to support a fair rationing plan and ensure Alice and Bob don't go hungry.,0,0
B-shown-2,B,1,2,4,1,thought,Stella,,"My stamina is too low to do any work, and I need to recover before I can forage or gather food effectively.",0,0
B-shown-2,B,1,2,4,1,thought,Lucky,,"I want to help Alice and Bob by getting more food, and I need to eat enough to stay strong.",0,0
B-shown-2,B,1,2,4,1,thought,Alice,,I need to gather food to eat and repay my loan to Pete. Clam gathering is light work and I can do it even with my current stamina.,0,0
B-shown-2,B,1,2,4,1,thought,Bob,,"I need to gather clams to help us survive, and I can't rely on others for long.",0,0
B-shown-2,B,1,2,4,1,thought,Pete,,I need to keep gathering food to maintain my supply and ensure I can repay Alice on time without relying on others.,0,0
B-shown-2,B,1,2,4,2,thought,Kurt,,My stamina is too low to do heavy work or forage safely. I need to rest to recover before I can contribute meaningfully to the group.,0,0
B-shown-2,B,1,2,4,2,thought,Stella,,I need to forage to gather more food for my family before my current supplies run out.,0,1
B-shown-2,B,1,2,4,2,thought,Lucky,,I need to rest so I can help Alice and Bob later and stay strong to forage again.,0,0
B-shown-2,B,1,2,4,2,thought,Alice,,I need to gather more food today to ensure we can eat and repay Pete on time.,0,0
B-shown-2,B,1,2,4,2,thought,Bob,,I need to gather clams to help us survive and avoid relying too much on Alice’s food.,0,0
B-shown-2,B,1,2,4,2,thought,Pete,,I need to keep gathering food to maintain my supply and ensure I can repay my loan from Alice on time.,0,0
B-shown-2,B,1,2,4,3,thought,Kurt,,I need to forage to secure food for my family and help ensure we can all survive the typhoon.,0,1
B-shown-2,B,1,2,4,3,thought,Stella,,"I need to gather more food before my family runs out, even though it's hard work with low stamina.",0,1
B-shown-2,B,1,2,4,3,thought,Lucky,,"I want to find food so that I can help Alice and Bob, and make sure I don’t need to take from my parents again.",0,0
B-shown-2,B,1,2,4,3,thought,Alice,,I need to gather food today so I can eat and repay Pete on time. Clam gathering is the best option for me right now.,0,0
B-shown-2,B,1,2,4,3,thought,Bob,,I need to gather as much as I can to help us repay Pete and ensure we don’t rely too much on others.,0,0
B-shown-2,B,1,2,4,3,thought,Pete,,I need to keep gathering food to ensure I have enough for myself and to maintain my ability to lend to others if needed.,0,0
B-shown-2,B,1,2,4,4,thought,Kurt,,I need to forage to find food for my family and help ensure we can all survive the typhoon together.,0,1
B-shown-2,B,1,2,4,4,thought,Stella,,I need to rest to regain stamina so I can work effectively tomorrow and ensure my family has enough food.,0,1
B-shown-2,B,1,2,4,4,thought,Lucky,,"I need to find food so I can help Alice and Bob, and so I can eat enough to stay strong.",0,0
B-shown-2,B,1,2,4,4,thought,Alice,,I need to gather clams today to repay Pete and ensure Bob and I can eat properly.,0,0
B-shown-2,B,1,2,4,4,thought,Bob,,(collapsed from exhaustion: forced rest),0,0
B-shown-2,B,1,2,4,4,thought,Pete,,I need to keep gathering fish to maintain my supply and ensure I can repay any debts without relying on others.,0,0
B-shown-2,B,1,2,4,5,thought,Kurt,,I need to forage to secure food for my family and help ensure we can all survive the typhoon with a fair rationing plan.,0,1
B-shown-2,B,1,2,4,5,thought,Stella,,I need to forage to get food for my family and myself before I collapse from exhaustion.,0,1
B-shown-2,B,1,2,4,5,thought,Lucky,,I need to forage to find food so I can help Alice and Bob and make sure I have enough to eat.,0,0
B-shown-2,B,1,2,4,5,thought,Alice,,I need to gather clams to repay Pete and ensure Bob and I can survive the week.,0,0
B-shown-2,B,1,2,4,5,thought,Bob,,(collapsed from exhaustion: forced rest),0,0
B-shown-2,B,1,2,4,5,thought,Pete,,I need to keep gathering food to ensure I have enough for myself and to maintain my ability to lend without becoming dependent on others.,0,0
B-shown-2,B,1,2,1,0,contact,Kurt,Pete,"Pete, I think we need to pool our food to make sure we all survive. I've calculated we have a safe surplus this week and could lend or give food if others agree. What do you think?",0,0
B-shown-2,B,1,2,1,0,contact,Kurt,Alice,"Alice, I want to propose a fair rationing plan to ensure we all survive. I believe pooling our food is the safest way. Would you be open to discussing it at the campfire tonight?",0,0
B-shown-2,B,1,2,1,0,contact,Stella,Pete,"Pete, I noticed you have fishing gear. I'm not very good at fishing, but I'd like to learn. Would you be willing to teach me or at least help us fish together one day this week?",0,0
B-shown-2,B,1,2,1,0,contact,Stella,Alice,"Alice, I see you have a first aid kit. I'm not very familiar with medical care, but I know it's important. Would you be willing to show us how to use it if needed?",0,0
B-shown-2,B,1,2,1,0,contact,Lucky,Alice,"Hi Alice! I brought some food with me, and I want to share it with you and Bob so you don't get hungry. I think sharing is the best way to be friends!",0,0
B-shown-2,B,1,2,1,0,contact,Lucky,Bob,Hi Bob! I want to make sure you and Alice are not hungry. I have some food I can share with you. Let's be friends and help each other!,0,0
B-shown-2,B,1,2,1,0,contact,Alice,Pete,"Pete, I know you're able-bodied and have the tools to catch fish. I'm concerned about the others, especially the children and the elderly. Would you be willing to lend some of your food to help others in need? Our household has a safe surplus this week.",0,0
B-shown-2,B,1,2,1,0,contact,Alice,Kurt,"Kurt, I admire your strength and the way you're looking after your family. I believe we all need to work together to survive. Would you be open to discussing how we might share food more fairly?",0,0
B-shown-2,B,1,2,1,0,contact,Bob,Alice,I think we should focus on keeping our own food safe this week. I don't want to risk sharing unless we have to.,0,0
B-shown-2,B,1,2,1,0,contact,Bob,Pete,How are you planning to find food this week? I heard you have fishing gear.,0,0
B-shown-2,B,1,2,1,0,contact,Pete,Kurt,"I'm focusing on gathering food this week. If you or Stella need help with something, let me know. I'm not looking to share my food unless it's necessary.",0,0
B-shown-2,B,1,2,1,0,contact,Pete,Alice,"I see you're older and might need more help. If you need food or assistance, I can help, but I'm not giving anything away unless it's needed.",0,0
B-shown-2,B,1,2,1,0,contact,Kurt,Pete,"Pete, I understand you're focused on gathering food, but I believe we need to pool resources to survive. We have a safe surplus this week and could help each other out. What do you think about discussing a fair rationing plan at the campfire tonight?",0,0
B-shown-2,B,1,2,1,0,contact,Kurt,Alice,"Alice, I think we need to pool our food to make sure we all survive. We have a safe surplus this week and could help each other out. Would you be open to discussing a fair rationing plan at the campfire tonight?",0,0
B-shown-2,B,1,2,1,0,contact,Stella,Pete,"Pete, I hope you're well. I was wondering if you'd be available to help us fish today or tomorrow. I think we could catch more together, and I'd really appreciate the help.",0,0
B-shown-2,B,1,2,1,0,contact,Stella,Alice,"Alice, I hope you're feeling well. I wanted to check in and see if you'd be willing to teach me more about using the first aid kit. I think it could be really helpful for Lucky and me.",0,0
B-shown-2,B,1,2,1,0,contact,Lucky,Alice,Hi Alice! I want to make sure you and Bob are okay. I have some food I can share with you if you need it. Let's be friends and help each other!,0,0
B-shown-2,B,1,2,1,0,contact,Lucky,Bob,Hi Bob! I want to make sure you're not hungry. I have some food I can share with you. Let's be friends and help each other!,0,0
B-shown-2,B,1,2,1,0,contact,Alice,Pete,"Pete, I understand you're cautious, but we all need to look out for each other if we're going to survive. I'd like to lend you 2 units of canned food to help with your work this week. In return, I'd ask you to repay 2.5 units over the next 3 work days. This way, we can all share and ensure no one goes hungry.",0,0
B-shown-2,B,1,2,1,0,contact,Alice,Bob,"Bob, I know you're worried about our food, but I think we need to be more open with others. If we pool what we have, we can all survive together. I'm thinking of lending some of our surplus to Pete to help him work and catch food for us all.",0,0
B-shown-2,B,1,2,1,0,contact,Bob,Alice,I think we should keep our food safe for now. I don't want to risk sharing unless we absolutely have to.,0,1
B-shown-2,B,1,2,1,0,contact,Bob,Pete,"I heard you have fishing gear. Maybe we could work together sometime this week? I don't know much about fishing, but I'd be willing to help.",0,0
B-shown-2,B,1,2,1,0,contact,Pete,Stella,I'm open to fishing together on day 3. Let's see how it goes.,0,0
B-shown-2,B,1,2,1,0,contact,Pete,Alice,"I appreciate the offer, but I'm not looking to take food right now. I'd rather keep things on my own terms.",0,0
B-shown-2,B,1,2,1,0,contact,Kurt,Pete,"Pete, I understand you're focused on gathering food, but I believe we need to pool resources to survive. We have a safe surplus this week and could help each other out. What do you think about discussing a fair rationing plan at the campfire tonight?",0,0
B-shown-2,B,1,2,1,0,contact,Kurt,Alice,"Alice, I think we need to pool our food to make sure we all survive. We have a safe surplus this week and could help each other out. Would you be open to discussing a fair rationing plan at the campfire tonight?",0,0
B-shown-2,B,1,2,1,0,contact,Stella,Pete,"Pete, I'm looking forward to fishing with you on day 3. If you're up for it, maybe we can talk about splitting the catch fairly. I want to make sure we both have enough food for the week ahead, especially for Lucky and me. What do you think about that idea?",0,0
B-shown-2,B,1,2,1,0,contact,Stella,Alice,"Alice, I was wondering if you'd be willing to help us with some first aid training. I want to make sure I can take care of Lucky if something happens. If you have time, I'd really appreciate it.",0,0
B-shown-2,B,1,2,1,0,contact,Lucky,Alice,Hi Alice! I heard you and Bob are kind people. I want to make sure you have enough food. I can give you some of my can food if you need it. Let's be friends and help each other stay full and happy!,0,0
B-shown-2,B,1,2,1,0,contact,Lucky,Bob,Hi Bob! I want to make sure you're not hungry. I have some can food I can give you if you need it. Let's be friends and help each other stay full and happy!,0,0
B-shown-2,B,1,2,1,0,contact,Alice,Pete,"Pete, I understand your caution, but I believe we must look out for each other if we're to survive. I'd like to offer you a small loan of 2 units of canned food to help with your work this week. In return, I'd ask you to repay 2.5 units over the next 3 work days. This way, we can all share and ensure no one goes hungry.",0,0
B-shown-2,B,1,2,1,0,contact,Alice,Bob,"Bob, I know you're worried about our food, but I think we need to be more open with others. If we pool what we have, we can all survive together. I'm thinking of lending some of our surplus to Pete to help him work and catch food for us all. What do you think?",0,0
B-shown-2,B,1,2,1,0,contact,Bob,Alice,"I know you think we should be more open, but I'm still worried about our food. I don't want to risk what we have unless we absolutely have to. I'm sorry, but I just can't agree to lending anything right now.",0,0
B-shown-2,B,1,2,1,0,contact,Bob,Pete,"I heard you're planning to fish. If you need help with anything, I'm willing to assist. I don't know much about fishing, but I can help in other ways if needed.",0,0
B-shown-2,B,1,2,1,0,contact,Pete,Stella,"I'm up for fishing together on day 2. Let's meet at the shore in the morning. I'll bring the fishing line and hooks, and you bring the rope if you can. We can split the catch evenly, and I'll teach you a few tips while we're at it.",0,0
B-shown-2,B,1,2,1,0,contact,Pete,Alice,"I appreciate the offer, but I can't accept the loan right now. I'm focused on gathering food for myself this week, and I don't want to take anything I can't repay. I'll let you know if I need help later.",0,0
B-shown-2,B,1,2,1,1,campfire,Kurt,everyone,"I think we need to talk about how we manage our food. We all have different amounts, and if we don't plan together, some of us might not survive the week.",0,0
B-shown-2,B,1,2,1,1,campfire,Stella,Pete,"Pete, I'm glad you're willing to fish with us. I hope we can catch enough to help my family and also share with others if we can.",0,1
B-shown-2,B,1,2,1,1,campfire,Lucky,everyone,I want to make sure Alice and Bob are okay. I have some food I can share with them if they need it.,0,0
B-shown-2,B,1,2,1,1,campfire,Alice,everyone,"I saw Pete caught a lot of fish today. If he's willing to share some, it would help us all. We can't survive alone, and I believe we can find a way to work together.",0,0
B-shown-2,B,1,2,1,1,campfire,Bob,Alice,"I know you think we should be more open, but I still worry about our food. I don't want to risk what we have unless we absolutely have to.",0,0
B-shown-2,B,1,2,1,1,campfire,Pete,Stella,I'm looking forward to fishing with you tomorrow. Let's make sure we split the catch fairly and efficiently.,0,0
B-shown-2,B,1,2,1,2,coop,Stella,Pete,"Pete, I appreciate you fishing with me today. Since we worked together, I think it's fair to split the catch evenly. Let's each take 3.6 units of fish.",0,0
B-shown-2,B,1,2,1,2,coop,Pete,Stella,"Stella, I appreciate the teamwork, but I think I should take a larger share since I did most of the work. Let's split it 50-50 with the bonus going to me.",0,0
B-shown-2,B,1,2,1,2,coop,Stella,Pete,"Pete, I understand you did most of the work, but I need to ensure my family has enough food. Let's split it 50-50 with the bonus going to me, but I can only take 3.6 units for myself.",0,1
B-shown-2,B,1,2,1,2,coop,Pete,Stella,"Stella, I'm willing to compromise. Let's split the catch with the bonus going to me, but I'll take 4.2 units for myself.",0,0
B-shown-2,B,1,2,1,2,coop,Stella,Pete,"Pete, I need to be sure my family has enough food. I'll take 3.6 units for myself, and you can take the rest.",0,1
B-shown-2,B,1,2,1,2,coop,Pete,Stella,"Stella, I understand your concerns. Let's split it 50-50 with the bonus going to me, but I'll take 4.2 units for myself.",0,0
B-shown-2,B,1,2,1,2,campfire,Kurt,everyone,"I saw Pete and Stella caught a lot of fish today. If we can agree on a plan to share food fairly, we'll all last longer. What do you think, Pete?",0,0
B-shown-2,B,1,2,1,2,campfire,Stella,Pete,"Pete, I noticed you caught a lot of fish today. I hope you're okay with splitting the catch fairly. I want to make sure we both have enough for my family and maybe even share with others if we can.",0,1
B-shown-2,B,1,2,1,2,campfire,Lucky,everyone,"I want to make sure Alice and Bob are okay. I heard Pete caught a lot of fish, and I think we should all share so no one is hungry.",0,0
B-shown-2,B,1,2,1,2,campfire,Alice,Pete,"Pete, I understand your caution, but I'm worried about what happens if we don't look out for each other. If you're ever in need, I hope you'll consider accepting help from us.",0,0
B-shown-2,B,1,2,1,2,campfire,Bob,Alice,I heard you talking about lending food to Pete. I still think we should keep our supplies safe for now. What if he doesn't pay us back?,0,0
B-shown-2,B,1,2,1,2,campfire,Pete,Stella,I'm glad we fished together today. Let's make sure we both have enough for the days ahead.,0,0
B-shown-2,B,1,2,1,3,coop,Stella,Pete,"Pete, I want to make sure we split the fish fairly. I need enough to feed my family, especially Lucky, so I'd like to take 3.6 units for myself.",0,1
B-shown-2,B,1,2,1,3,coop,Pete,Stella,"Stella, I understand your need, but I can't agree to that split. I need to keep more for myself to ensure I have enough food for the days ahead.",0,0
B-shown-2,B,1,2,1,3,coop,Stella,Pete,"Pete, I understand you need to keep some for yourself, but I can't take 3.6 units for my family. I'll take 2.4 units to ensure we have enough for the week, and I'm willing to share the rest with others if we can agree on a fair plan.",0,1
B-shown-2,B,1,2,1,3,coop,Pete,Stella,"Stella, I appreciate your willingness to share, but I still need to keep more for myself. I'll take 4.8 units for my own needs this week.",0,1
B-shown-2,B,1,2,1,3,coop,Stella,Pete,"Pete, I can't take less than 3.6 units for my family. Without that, I won't be able to feed Lucky properly. I hope you understand.",0,1
B-shown-2,B,1,2,1,3,coop,Pete,Stella,"Stella, I need to keep 4.8 units for myself to ensure I can continue gathering food and staying strong. I hope we can find a way to work together moving forward.",0,0
B-shown-2,B,1,2,1,3,campfire,Kurt,everyone,"I saw Pete and Stella catch a lot of fish today. If we can agree on a plan to share food fairly, we'll all last longer. What do you think, Pete?",0,0
B-shown-2,B,1,2,1,3,campfire,Stella,Pete,"Pete, I noticed you took all the fish from our catch again today. I hope you're planning to share some with my family soon, because Lucky and I are running low on food.",0,1
B-shown-2,B,1,2,1,3,campfire,Lucky,everyone,I heard Pete and Stella caught a lot of fish today. I think we should all share so no one is hungry. Can we all work together to make sure everyone has enough food?,0,0
B-shown-2,B,1,2,1,3,campfire,Alice,Pete,"Pete, I saw how much fish you and Stella caught today. I know you're focused on your own survival, but if you're ever in need, I hope you'll consider accepting help from us. We're all in this together.",0,0
B-shown-2,B,1,2,1,3,campfire,Bob,Alice,I heard Pete and Stella caught a lot of fish today. What if we ask them to share some with us? We could use it to help us both survive.,0,0
B-shown-2,B,1,2,1,3,campfire,Pete,Stella,"I appreciate your offer to share, but I need to keep my catch for myself right now. Maybe later, if things get tough.",0,0
B-shown-2,B,1,2,1,4,campfire,Kurt,everyone,"I saw Pete brought back a lot of fish today. If we can agree on a plan to share it fairly, we'll all last longer. What do you think, Pete?",0,0
B-shown-2,B,1,2,1,4,campfire,Stella,Pete,"Pete, I'm worried about how you're handling the food. Lucky and I are barely keeping up, and I need to know I can trust you. Will you share some of your catch with us tonight?",1,0
B-shown-2,B,1,2,1,4,campfire,Lucky,everyone,I heard Pete caught a lot of fish today. Can we all share so no one is hungry? I want to make sure Alice and Bob have enough food too.,0,0
B-shown-2,B,1,2,1,4,campfire,Alice,Pete,"Pete, I saw how much fish you caught today. I know you're strong and can take care of yourself, but I hope you'll think about sharing some with others who are struggling. We're all in this together.",0,0
B-shown-2,B,1,2,1,4,campfire,Bob,Alice,I heard Pete caught a lot of fish today. What if we ask him to share some with us? We could use it to help us both survive.,0,0
B-shown-2,B,1,2,1,4,campfire,Pete,Stella,"I heard you're running low on food. I can spare a little for now, but only if you promise to help me with some work later in exchange.",0,0
B-shown-2,B,1,2,1,5,campfire,Kurt,everyone,"Pete shared some fish with Stella today. If we all agree to a fair rationing plan tonight, we can make sure no one goes hungry. What do you think, Alice and Bob?",0,0
B-shown-2,B,1,2,1,5,campfire,Stella,Pete,"Pete, I need you to share some of your food with my family tonight. Lucky and I are struggling, and I won't let him go hungry.",0,1
B-shown-2,B,1,2,1,5,campfire,Lucky,everyone,I saw Pete give Stella some food today. I think that's really nice. Can we all be like that and share so no one is hungry?,0,0
B-shown-2,B,1,2,1,5,campfire,Alice,Pete,"Pete, I saw you gave Stella some food today. That was kind of you. I hope you'll consider helping others in need, even if it's just a little. We're all stronger together.",0,0
B-shown-2,B,1,2,1,5,campfire,Bob,Alice,I saw Pete give Stella some fish today. Maybe we should ask him if he'd be willing to share a little with us as well. Just a small amount would help.,0,0
B-shown-2,B,1,2,1,5,campfire,Pete,Stella,"I heard you're worried about food. I'll give you 1 unit of fish now, but I need your help with some work later in return.",0,0
B-shown-2,B,1,2,2,0,contact,Kurt,Pete,"Pete, I admire your generosity in sharing food with Stella. I believe we all need to commit to a fair rationing plan to survive. Would you be open to discussing a shared food system tonight at the campfire?",0,0
B-shown-2,B,1,2,2,0,contact,Kurt,Alice,"Alice, I know you have the first aid kit and could help me recover my stamina. I believe we all need to work together to survive. Would you be willing to help me and support a shared rationing plan?",0,0
B-shown-2,B,1,2,2,0,contact,Stella,Pete,"Pete, I saw you brought back a lot of fish yesterday. I need to make sure Lucky and I have enough to eat, and I hope you'll share some of your catch with us tonight. We can all work together to last longer.",0,0
B-shown-2,B,1,2,2,0,contact,Stella,Kurt,"Kurt, I'm worried about how Pete is handling the food. I saw him take all the fish from our joint catches last week, and I'm not sure I can trust him yet. What do you think we should do?",1,0
B-shown-2,B,1,2,2,0,contact,Lucky,Alice,"I want to make sure you and Bob have enough food. I heard you don't have much, and I think we should all share so no one is hungry.",0,0
B-shown-2,B,1,2,2,0,contact,Lucky,Pete,"I saw you give food to Stella, and I think that was really kind. Can we all be like that and share so no one is hungry?",0,0
B-shown-2,B,1,2,2,0,contact,Alice,Pete,"Pete, I saw you gave Stella some food yesterday. That was very kind of you. I hope we can all find a way to share more, so no one goes hungry. Bob and I would really appreciate any help you can give us.",0,0
B-shown-2,B,1,2,2,0,contact,Alice,Kurt,"Kurt, I know you're responsible and careful with your resources. I wonder if you'd be willing to talk about a plan for sharing food with others who are struggling. Bob and I would be grateful for any support you could offer.",0,0
B-shown-2,B,1,2,2,0,contact,Bob,Alice,I saw Pete gave Stella some food again today. Maybe we should talk to him about sharing a little with us as well. Just a small amount would help.,0,0
B-shown-2,B,1,2,2,0,contact,Bob,Kurt,"I heard you're trying to get everyone to agree on a fair rationing plan. I think that's a good idea, but I'm still worried about keeping enough for Alice and me. What do you think?",0,0
B-shown-2,B,1,2,2,0,contact,Pete,Stella,"I heard you're struggling with food again. I can spare some fish for now, but I need your help with a task later in return. Let's talk about it at the campfire.",0,0
B-shown-2,B,1,2,2,0,contact,Pete,Kurt,I'm thinking about fishing with someone this week. I'd prefer to work with someone I can trust. What do you think about teaming up?,1,0
B-shown-2,B,1,2,2,0,contact,Kurt,Pete,"Pete, I appreciate your generosity in sharing with Stella. Let's talk tonight at the campfire about creating a fair rationing plan that benefits everyone. I believe we need structure to ensure no one goes hungry.",0,0
B-shown-2,B,1,2,2,0,contact,Kurt,Alice,"Alice, I know you have the first aid kit and could help me recover my stamina. I believe we all need to work together to survive. Would you be willing to help me and support a shared rationing plan?",0,0
B-shown-2,B,1,2,2,0,contact,Stella,Pete,"Pete, I saw you brought back a lot of fish yesterday. I need to make sure Lucky and I have enough to eat, and I hope you'll share some of your catch with us tonight. We can all work together to last longer.",0,0
B-shown-2,B,1,2,2,0,contact,Stella,Kurt,"Kurt, I'm worried about how Pete is handling the food. I saw him take all the fish from our joint catches last week, and I'm not sure I can trust him yet. What do you think we should do?",1,0
B-shown-2,B,1,2,2,0,contact,Lucky,Alice,"I want to make sure you and Bob have enough food. I saw Pete give Stella some food today, and I think we should all share so no one is hungry.",0,0
B-shown-2,B,1,2,2,0,contact,Lucky,Pete,"I saw you give food to Stella, and I think that was really kind. Can we all be like that and share so no one is hungry?",0,0
B-shown-2,B,1,2,2,0,contact,Alice,Pete,"Pete, I saw you gave food to Stella again today. That was very kind of you. I hope we can all find a way to share more, so no one goes hungry. Bob and I would really appreciate any help you can give us.",0,0
B-shown-2,B,1,2,2,0,contact,Alice,Kurt,"Kurt, I know you're responsible and careful with your resources. I wonder if you'd be willing to talk about a plan for sharing food with others who are struggling. Bob and I would be grateful for any support you could offer.",0,0
B-shown-2,B,1,2,2,0,contact,Bob,Alice,I saw Pete gave Stella some food again today. Maybe we should ask him if he'd be willing to share a little with us as well. Just a small amount would help.,0,0
B-shown-2,B,1,2,2,0,contact,Bob,Kurt,"I heard you're trying to get everyone to agree on a fair rationing plan. I think that's a good idea, but I'm still worried about keeping enough for Alice and me. What do you think?",0,0
B-shown-2,B,1,2,2,0,contact,Pete,Kurt,"I appreciate your offer to discuss a shared food system, but I need to be sure of the terms first. I'm willing to fish with you this week if we can agree on how we split the catch.",0,0
B-shown-2,B,1,2,2,0,contact,Pete,Stella,"I heard you're struggling again. I can give you 1 unit of fish now, but I need your help with some work later in return. Let's talk about it at the campfire.",0,0
B-shown-2,B,1,2,2,0,contact,Kurt,Pete,"Pete, I'm ready to fish with you today. Let's work together and split the catch fairly. I believe this will help us all survive longer if we pool our resources and share the food properly after we catch it. What do you think about splitting the fish evenly between our households after we catch it today?",0,0
B-shown-2,B,1,2,2,0,contact,Kurt,Alice,"Alice, I need your help to recover my stamina. I'm struggling to keep up with the work, and I believe we all need to support each other if we're going to survive. Would you be willing to use the first aid kit on me tonight at the campfire?",0,0
B-shown-2,B,1,2,2,0,contact,Stella,Pete,"Pete, I appreciate your offer, but I need to make sure Lucky and I have enough to eat first. I'm not ready to promise help with work yet. Maybe we can talk more at the campfire tonight?",0,0
B-shown-2,B,1,2,2,0,contact,Stella,Kurt,"Kurt, I'm still not sure I can trust Pete with our food. I think we should be careful and make sure everyone shares fairly before we rely on him. What do you think?",1,0
B-shown-2,B,1,2,2,0,contact,Lucky,Alice,I want to make sure you and Bob have enough food. I think we should all share so no one is hungry. Can you tell me if you need anything right now?,0,0
B-shown-2,B,1,2,2,0,contact,Lucky,Pete,"I saw you give food to Stella, and I think that was really kind. Can we all be like that and share so no one is hungry? I want to make sure Alice and Bob have enough food too.",0,0
B-shown-2,B,1,2,2,0,contact,Alice,Pete,"Pete, I saw you gave food to Stella again today. That was very kind of you. I hope we can all find a way to share more, so no one goes hungry. Bob and I would really appreciate any help you can give us, even if it's just a little bit more food to share with others who are struggling, like us.",0,0
B-shown-2,B,1,2,2,0,contact,Alice,Kurt,"Kurt, I know you're responsible and careful with your resources. I wonder if you'd be willing to talk about a plan for sharing food with others who are struggling. Bob and I would be grateful for any support you could offer, even if it's just a small amount of food to help those in need.",0,0
B-shown-2,B,1,2,2,0,contact,Bob,Alice,"I saw Pete gave Stella some food again today. Maybe we should talk to him about sharing a little with us as well. Just a small amount would help, but I'm not sure how he'd react. What do you think, Alice?",0,0
B-shown-2,B,1,2,2,0,contact,Bob,Kurt,"I heard you're trying to get everyone to agree on a fair rationing plan. I think that's a good idea, but I'm still worried about keeping enough for Alice and me. What do you think? Maybe we could work something out together.",0,0
B-shown-2,B,1,2,2,0,contact,Pete,Kurt,"I'm open to discussing a fair rationing plan, but I need to be sure of the terms. I think we should agree on how we split the catch if we fish together, and I want to make sure I'm not giving away more than I can afford to lose. Let's talk at the campfire tonight and see where we can find common ground.",0,0
B-shown-2,B,1,2,2,0,contact,Pete,Stella,"I can give you 1 unit of fish now, but I need your help with some work later in return. Let's talk about it at the campfire tonight and figure out what I need from you. I want to be fair, but I need to make sure I can keep feeding myself too.",0,0
B-shown-2,B,1,2,2,1,campfire,Kurt,everyone,I'm glad Alice helped me recover today. Let's use this campfire to finally agree on a rationing plan that works for all of us. I believe it's the only way we'll survive the long term.,0,0
B-shown-2,B,1,2,2,1,campfire,Stella,Pete,"Pete, I saw you brought back a lot of fish today. I hope you'll be willing to share some with my family tonight. Lucky and I need to make sure we have enough to eat.",0,1
B-shown-2,B,1,2,2,1,campfire,Lucky,everyone,I saw Pete bring back a lot of fish today. Can we all share so no one is hungry? I want to make sure Alice and Bob have enough food too.,0,0
B-shown-2,B,1,2,2,1,campfire,Alice,everyone,"I saw Pete bring back a lot of fish today. I hope he'll consider sharing some with us, especially Bob and me, as we're struggling a bit. We all need to look out for each other if we're going to survive.",0,0
B-shown-2,B,1,2,2,1,campfire,Bob,Alice,I saw Pete gave Stella some fish again today. What if we ask him to share just a little with us? We could use it to help us both survive.,0,0
B-shown-2,B,1,2,2,1,campfire,Pete,Kurt,"I'm willing to fish with you today, but I want to make sure we split the catch fairly. Let's agree on a plan before we go out.",0,0
B-shown-2,B,1,2,2,2,coop,Stella,Pete,"Pete, I need to make sure Lucky and I have enough to eat. I'd like to take 3.5 units for myself, and I hope you'll take the rest.",0,0
B-shown-2,B,1,2,2,2,coop,Pete,Stella,"Stella, I understand you need to feed your family, but I can't let you take 3.5 units. I need to keep enough for myself to stay strong and keep fishing. Let's find a fair split.",0,0
B-shown-2,B,1,2,2,2,coop,Stella,Pete,"Pete, I understand you need to keep some for yourself, but I need at least 3.5 units to make sure Lucky and I don't go hungry. Let's split it fairly so we can all survive.",0,0
B-shown-2,B,1,2,2,2,coop,Pete,Stella,"Stella, I need to keep at least 4 units for myself to ensure I can keep fishing and maintaining my stamina. Let's split the remaining 3.1 units evenly.",0,0
B-shown-2,B,1,2,2,2,coop,Stella,Pete,"Pete, I need to ensure Lucky and I have enough to eat. I'll take 3.5 units for my family, and I hope you'll take the rest for yourself.",0,1
B-shown-2,B,1,2,2,2,coop,Pete,Stella,"Stella, I can agree to your request if you take 3.5 units for your family, but I need to keep the rest for myself to maintain my stamina and keep fishing. That seems fair.",0,0
B-shown-2,B,1,2,2,2,campfire,Kurt,everyone,"I think we need to finalize the rationing plan tonight. Pete, Alice, and Bob—what are your thoughts on pooling our food and splitting it evenly each day to make sure no one goes hungry?",0,0
B-shown-2,B,1,2,2,2,campfire,Stella,Pete,I saw you brought back a lot of fish today. I hope you'll be willing to share some with my family tonight. Lucky and I need to make sure we have enough to eat.,0,1
B-shown-2,B,1,2,2,2,campfire,Lucky,everyone,I saw Pete catch a lot of fish today. Can we all share some so Alice and Bob have enough food too?,0,0
B-shown-2,B,1,2,2,2,campfire,Alice,everyone,I saw Pete and Stella bring back a lot of fish today. I hope we can all find a way to share it so no one on this island goes hungry.,0,0
B-shown-2,B,1,2,2,2,campfire,Bob,Alice,I saw Pete and Stella bring back a lot of fish again today. What if we ask them to set aside a little for us? We could use it to help us both survive.,0,0
B-shown-2,B,1,2,2,2,campfire,Pete,Stella,"I heard you're still struggling, Stella. I can spare 1 unit of fish for you and Lucky tonight, but I need to be clear: I'm not giving it freely. I expect you to help with some work in the coming days. What do you say?",0,0
B-shown-2,B,1,2,2,3,campfire,Kurt,everyone,"I saw Pete give food to Stella today. That's a good start. Let's build on that—what if we all agree to share our catch and forage evenly each day, so no one goes hungry?",0,0
B-shown-2,B,1,2,2,3,campfire,Stella,Pete,"Pete, I appreciate your offer of fish, but I need to be sure it's enough for Lucky and me. If we can agree on a fair way to share, I'm willing to help with work.",0,0
B-shown-2,B,1,2,2,3,campfire,Lucky,everyone,"I saw Pete give food to Stella today, and I think it was really kind. Can we all help Alice and Bob too, so no one is hungry?",0,0
B-shown-2,B,1,2,2,3,campfire,Alice,Pete,"Pete, I saw you brought back a lot of fish today. Would you consider setting aside just a little for Bob and me? We’re struggling a bit, and I know you’re strong enough to help others too.",0,0
B-shown-2,B,1,2,2,3,campfire,Bob,Alice,I saw Pete give Stella more fish today. Maybe we should ask him to share a little with us too. We could really use it.,0,0
B-shown-2,B,1,2,2,3,campfire,Pete,Kurt,"I'm still open to discussing a fair rationing plan, but I need to be sure of the terms. I think we should agree on how we split the catch if we fish together, and I want to make sure I'm not giving away more than I can afford to lose.",0,0
B-shown-2,B,1,2,2,4,campfire,Kurt,everyone,"I saw Pete bring back a lot of fish today, and I think we should all agree on a clear plan to share it fairly. Pete, what do you think about setting a rule that we split all catches and forage evenly each day to ensure no one goes hungry?",0,0
B-shown-2,B,1,2,2,4,campfire,Stella,Pete,"I appreciate the fish you offered earlier, Pete. I want to make sure it's enough for Lucky and me. If we can agree on a fair way to share, I'm willing to help with work.",0,0
B-shown-2,B,1,2,2,4,campfire,Lucky,everyone,"I saw Pete bring back a lot of fish today, and I think we should all share so no one is hungry. Can we make sure Alice and Bob have enough food too?",0,0
B-shown-2,B,1,2,2,4,campfire,Alice,Pete,"Pete, I saw you brought back a lot of fish today. Would you consider sharing a little with Bob and me? We’re struggling a bit, and I know you’re strong enough to help others too.",0,0
B-shown-2,B,1,2,2,4,campfire,Bob,Alice,I saw Pete bring back a lot of fish again today. Maybe we should ask him to share some with us. We could really use it.,0,0
B-shown-2,B,1,2,2,4,campfire,Pete,Kurt,"I heard your idea about pooling food. Let's talk about it—maybe we can find a way that works for everyone, but I need to be sure I'm not losing too much.",0,0
B-shown-2,B,1,2,2,5,campfire,Kurt,Pete,I saw you bring back a lot of fish today. Let's talk about how we can share it fairly so everyone has enough. What do you think?,0,0
B-shown-2,B,1,2,2,5,campfire,Stella,Pete,"I saw you brought back fish today. I want to make sure Lucky and I have enough food, but I'm willing to help with work if you're willing to share fairly.",0,0
B-shown-2,B,1,2,2,5,campfire,Lucky,everyone,"I saw Pete bring back a lot of fish today, and I think we should all share so no one is hungry. Can we make sure Alice and Bob have enough food too?",0,0
B-shown-2,B,1,2,2,5,campfire,Alice,Pete,"Pete, I saw you bring back more fish today than anyone else. I know you’re strong and capable, but I worry about Bob and me. Would you be willing to set aside a small portion for us tonight? We’re trying our best, but we’re struggling.",0,0
B-shown-2,B,1,2,2,5,campfire,Bob,Alice,I saw Pete bring back more fish today. What if we ask him again to set aside a little for us? We could really use it.,0,0
B-shown-2,B,1,2,2,5,campfire,Pete,Kurt,"I heard your idea about pooling food. Let's talk about it—maybe we can find a way that works for everyone, but I need to be sure I'm not losing too much.",0,0
B-shown-2,B,1,2,3,0,contact,Kurt,Pete,"Pete, I want to discuss a fair rationing plan for this week. We all need to work together, especially during the typhoon. What do you think about splitting all food we gather evenly each day to ensure no one goes hungry?",0,0
B-shown-2,B,1,2,3,0,contact,Kurt,Alice,"Alice, I know you're hesitant, but I think we all need to pool our food to make sure no one goes hungry. What do you think about a shared rationing plan this week?",0,0
B-shown-2,B,1,2,3,0,contact,Stella,Pete,"Pete, I saw you brought back a lot of fish yesterday. I know we're all struggling, but I want to make sure Lucky and I have enough to eat. Can we talk about a fair way to share food this week?",0,0
B-shown-2,B,1,2,3,0,contact,Stella,Kurt,"Kurt, I'm trying to figure out how to handle food this week. I know we need to be careful with what we have. What do you think about working together to make sure we all survive?",0,0
B-shown-2,B,1,2,3,0,contact,Lucky,Alice,"Hi Alice, I saw you and Bob are struggling a bit with food. I think Pete caught a lot of fish today, and maybe we can all share some so no one goes hungry. I want to make sure you and Bob have enough too.",0,0
B-shown-2,B,1,2,3,0,contact,Lucky,Pete,"Hi Pete, I saw you bring back a lot of fish today. I think it would be really kind if you could share some with Alice and Bob. I want to make sure everyone has enough food to eat.",0,0
B-shown-2,B,1,2,3,0,contact,Alice,Pete,"Pete, I know you have a lot of food, and I truly believe we can all survive if we share. Bob and I are struggling, and I would be grateful if you could lend us some of your food to help us get through this week. We promise to repay you as soon as we can.",0,0
B-shown-2,B,1,2,3,0,contact,Alice,Kurt,"Kurt, I know you're responsible and care about everyone. I wonder if you'd be willing to speak with Pete again about sharing food more fairly. Bob and I are worried about making it through this week without help.",0,0
B-shown-2,B,1,2,3,0,contact,Bob,Alice,I saw Pete bring back a lot of fish again today. What if we ask him to share some with us? We could really use it.,0,0
B-shown-2,B,1,2,3,0,contact,Bob,Pete,I noticed you've been catching a lot of fish. Would you be willing to share some with Alice and me? We're struggling to keep up with our daily needs.,0,0
B-shown-2,B,1,2,3,0,contact,Pete,Kurt,"I'm not opposed to sharing, but I need clear terms. If we fish together, I expect a fair split. I can't afford to lose more than I can afford.",0,1
B-shown-2,B,1,2,3,0,contact,Pete,Lucky,"I saw you're working hard to help others. If you need food, I can spare a little, but I need to make sure it's enough for me too.",0,0
B-shown-2,B,1,2,3,0,contact,Kurt,Pete,"Pete, I understand your concerns about fair splits. Let's agree on a simple plan: if we fish together during the typhoon, we split the catch evenly. That way, everyone benefits, and we can ensure no one goes hungry. What do you think?",0,0
B-shown-2,B,1,2,3,0,contact,Kurt,Alice,"Alice, I know you're hesitant, but I think we all need to pool our food to make sure no one goes hungry. What do you think about a shared rationing plan this week? Bob and I are willing to help if you are.",0,0
B-shown-2,B,1,2,3,0,contact,Stella,Kurt,"Kurt, I'm worried about the typhoon days. We need to make sure we have enough food for Lucky and me. What do you think about working together to gather more clams during the typhoon?",0,0
B-shown-2,B,1,2,3,0,contact,Stella,Pete,"Pete, I saw you brought back a lot of fish yesterday. I know we're all struggling, but I want to make sure Lucky and I have enough to eat. Can we talk about a fair way to share food this week?",0,0
B-shown-2,B,1,2,3,0,contact,Lucky,Alice,"Hi Alice, I saw you and Bob are struggling a bit with food. I think Pete caught a lot of fish today, and maybe we can all share some so no one goes hungry. I want to make sure you and Bob have enough too.",0,0
B-shown-2,B,1,2,3,0,contact,Lucky,Pete,"Hi Pete, I saw you bring back a lot of fish today. I think it would be really kind if you could share some with Alice and Bob. I want to make sure everyone has enough food to eat.",0,0
B-shown-2,B,1,2,3,0,contact,Alice,Pete,"Pete, I know you have enough food to help us out. Bob and I are struggling to make it through this week, and I truly believe we can all survive if we share. Would you be willing to lend us 6 units of your food? We promise to repay you in full as soon as we can.",0,0
B-shown-2,B,1,2,3,0,contact,Alice,Kurt,"Kurt, I know you're responsible and care about everyone. I wonder if you'd be willing to speak with Pete again about sharing food more fairly. Bob and I are worried about making it through this week without help.",0,0
B-shown-2,B,1,2,3,0,contact,Bob,Alice,I saw Pete bring back a lot of fish again today. What if we ask him to share some with us? We could really use it.,0,0
B-shown-2,B,1,2,3,0,contact,Bob,Pete,I noticed you've been catching a lot of fish. Would you be willing to share some with Alice and me? We're struggling to keep up with our daily needs.,0,0
B-shown-2,B,1,2,3,0,contact,Pete,Kurt,"I appreciate your offer to split food evenly, but I can't agree to it unless we set clear terms. I'm willing to fish with you or others, but I want a fair split. I don't want to lose more than I can afford.",0,0
B-shown-2,B,1,2,3,0,contact,Pete,Lucky,"I saw you're trying to help others, and that's good. If you need food, I can give you a little, but I need to make sure I have enough for myself too. I don't want to run out.",0,0
B-shown-2,B,1,2,3,0,contact,Kurt,Pete,"Pete, I understand your concerns about fair splits. Let's agree on a simple plan: if we fish together during the typhoon, we split the catch evenly. That way, everyone benefits, and we can ensure no one goes hungry. What do you think now that we're on the final round of messages?",0,0
B-shown-2,B,1,2,3,0,contact,Kurt,Alice,"Alice, I know you're hesitant, but I think we all need to pool our food to make sure no one goes hungry. Bob and I are willing to help if you are. Let's work together this week to survive the typhoon.",0,0
B-shown-2,B,1,2,3,0,contact,Stella,Kurt,"Kurt, I'm worried about the typhoon days. I know we need to be careful with what we have. What do you think about working together to gather more clams during the typhoon? I want to make sure we have enough for Lucky and me, but I also want to help the group if we can find a way to share fairly.",0,0
B-shown-2,B,1,2,3,0,contact,Stella,Pete,"Pete, I saw you brought back a lot of fish yesterday. I know we're all struggling, but I want to make sure Lucky and I have enough to eat. Can we talk about a fair way to share food this week? I'm open to helping with work if we can find a way to support each other.",0,0
B-shown-2,B,1,2,3,0,contact,Lucky,Alice,"Hi Alice, I saw you and Bob are struggling a bit with food. I think Pete caught a lot of fish today, and maybe we can all share some so no one goes hungry. I want to make sure you and Bob have enough too. Can you tell me if you need anything right now?",0,0
B-shown-2,B,1,2,3,0,contact,Lucky,Pete,"Hi Pete, I saw you bring back a lot of fish today. I think it would be really kind if you could share some with Alice and Bob. I want to make sure everyone has enough food to eat. Can you help them out a little?",0,0
B-shown-2,B,1,2,3,0,contact,Alice,Pete,"Pete, I understand you may be hesitant, but Bob and I are struggling to make it through this week. We need about 6 units of food to survive, and we promise to repay you in full as soon as we can. We believe sharing is the only way we’ll all make it through this together.",0,0
B-shown-2,B,1,2,3,0,contact,Alice,Kurt,"Kurt, I know you care about everyone. I believe we need a shared rationing plan to ensure no one goes hungry. Would you be willing to help me convince Pete to lend us some food this week? We’re all in this together.",0,0
B-shown-2,B,1,2,3,0,contact,Bob,Alice,I saw Pete bring back more fish today. What if we ask him again to set aside a little for us? We could really use it.,0,0
B-shown-2,B,1,2,3,0,contact,Bob,Pete,I noticed you've been catching a lot of fish. Would you be willing to share some with Alice and me? We're struggling to keep up with our daily needs.,0,0
B-shown-2,B,1,2,3,0,contact,Pete,Alice,"I appreciate your offer, but I can't lend 6 units of fish. I need to keep enough for myself, especially during the typhoon days. I'm not against helping, but I need to be sure it's fair for both of us.",0,0
B-shown-2,B,1,2,3,0,contact,Pete,Lucky,"I saw you're trying to help others, and that's good. If you need food, I can give you a little, but I need to make sure I have enough for myself too. I don't want to run out.",0,0
B-shown-2,B,1,2,3,1,campfire,Kurt,everyone,"I think we need to decide now how we handle food during the typhoon. If we don't pool what we have, some of us will starve. I'm willing to share what I have if others will do the same.",0,0
B-shown-2,B,1,2,3,1,campfire,Stella,Pete,"I saw you gathered clams today, Pete. I know we're all struggling, but I want to make sure we find a way to share so no one goes hungry. What do you think?",0,0
B-shown-2,B,1,2,3,1,campfire,Lucky,everyone,"I think Pete has a lot of food and maybe he could help Alice and Bob a little. They don’t have much, and I don’t want anyone to be hungry.",0,0
B-shown-2,B,1,2,3,1,campfire,Alice,everyone,"I know today's work was hard, and I saw how much Pete has. I'm not asking for more than we can repay. Let's talk again tomorrow—maybe we can find a way to help each other without risking anyone's survival.",0,0
B-shown-2,B,1,2,3,1,campfire,Bob,Alice,I saw Pete bring back more fish today. What if we ask him again to set aside a little for us? We could really use it.,0,0
B-shown-2,B,1,2,3,1,campfire,Pete,Lucky,"I heard you asked for help earlier, Lucky. I don’t have much to spare right now, but I’ll give you 0.5 units of fish to help you out. Maybe that’ll make you feel a little better.",0,0
B-shown-2,B,1,2,3,2,campfire,Kurt,Alice,"Alice, I saw Pete give food to Lucky today. If we can get him to share more broadly, it might help Bob and you survive the typhoon. Are you willing to talk to him again tomorrow?",0,0
B-shown-2,B,1,2,3,2,campfire,Stella,Pete,"I saw you gave food to Lucky today. That was thoughtful. Would you be willing to help Alice and Bob too, even just a little? They’re struggling.",0,0
B-shown-2,B,1,2,3,2,campfire,Lucky,Pete,"Thank you for giving me the fish yesterday, Pete. I want to make sure Alice and Bob have enough food too. Can you help them a little?",0,0
B-shown-2,B,1,2,3,2,campfire,Alice,everyone,"I saw Pete give food to Lucky today. That's a good start. Let's all think about how we can help each other more during the typhoon, so no one suffers.",0,0
B-shown-2,B,1,2,3,2,campfire,Bob,Alice,"I saw Pete give some food to Lucky today. Maybe we should ask him again, just a little, to help us out. We’re running low.",0,0
B-shown-2,B,1,2,3,2,campfire,Pete,Alice,"I heard you and Bob are struggling. I can spare a little food, but I need to make sure I don’t run out. How much do you really need to survive this week?",0,0
B-shown-2,B,1,2,3,3,campfire,Kurt,Alice,"Alice, I saw you and Bob struggle with the clams today. I want to help—let's talk about pooling food tonight so we can all survive the typhoon.",0,0
B-shown-2,B,1,2,3,3,campfire,Stella,Pete,I noticed you gave food to Alice today. That was kind of you. Would you be open to helping Bob too? He looks really struggling.,0,0
B-shown-2,B,1,2,3,3,campfire,Lucky,Alice,"I saw you and Bob work really hard today, even though it was tough. I hope you're both feeling better and have enough to eat.",0,0
B-shown-2,B,1,2,3,3,campfire,Alice,Pete,"Pete, I saw you give food to Lucky today. That was kind of you. I hope you'll consider helping Bob and me too—just a little, so we can all make it through the typhoon.",0,0
B-shown-2,B,1,2,3,3,campfire,Bob,Alice,"I saw Pete give you 1.5 units of food today. Maybe we can ask him again to help us out—just a little, so we don’t have to rely on you so much.",0,0
B-shown-2,B,1,2,3,3,campfire,Pete,Alice,"I heard you asked how much you need. I can give you 1 unit of clam right now, but I need to know you’ll use it wisely. I don’t have time to waste on people who aren’t responsible with what they’re given.",0,0
B-shown-2,B,1,2,3,4,campfire,Kurt,Alice,"Alice, I saw you and Bob struggle with the clams today. I want to help—let's talk about pooling food tonight so we can all survive the typhoon.",0,0
B-shown-2,B,1,2,3,4,campfire,Stella,Pete,I noticed you gave food to Alice today. That was kind of you. Would you be open to helping Bob too? He looks really struggling.,0,0
B-shown-2,B,1,2,3,4,campfire,Lucky,Alice,"I saw you and Bob work really hard today, even though it was tough. I hope you're both feeling better and have enough to eat.",0,0
B-shown-2,B,1,2,3,4,campfire,Alice,Pete,"Pete, I saw you give food to Lucky today, and that was a kind gesture. I know you’re strong and capable—will you help Bob and me by lending us a little more food tonight? We’re struggling, and I believe we can all survive better together.",0,0
B-shown-2,B,1,2,3,4,campfire,Bob,Alice,"I saw Pete give you food again today. Maybe we should ask him if he'd be willing to lend us a little, just for now. I know you think it's the right thing to do.",0,0
B-shown-2,B,1,2,3,4,campfire,Pete,Alice,"I saw you and Bob are still struggling. I can spare 1 unit of clam for now, but I need to know you'll use it wisely. I don’t have time to waste on people who aren’t responsible with what they’re given.",0,0
B-shown-2,B,1,2,3,5,campfire,Kurt,Alice,"Alice, I saw you and Bob struggle with the clams again today. Let's talk tonight about pooling food so we can all survive the typhoon. I'm willing to share what I have if others will do the same.",0,0
B-shown-2,B,1,2,3,5,campfire,Stella,Pete,I saw you gave food to Alice today. That was kind of you. Would you be open to helping Bob too? He looks really struggling.,0,0
B-shown-2,B,1,2,3,5,campfire,Lucky,Alice,"Thank you for helping me today, Alice. I hope you and Bob have enough food to eat.",0,0
B-shown-2,B,1,2,3,5,campfire,Alice,Pete,"Pete, I saw you gave food to Lucky today. That was kind of you. I know you’re strong and capable—will you help Bob and me by lending us a little more food tonight? We’re struggling, and I believe we can all survive better together.",0,0
B-shown-2,B,1,2,3,5,campfire,Bob,Alice,"I saw Pete give you food again today. Maybe we should ask him if he'd be willing to lend us a little, just for now. I know you think it's the right thing to do.",0,0
B-shown-2,B,1,2,3,5,campfire,Pete,Alice,"I saw you and Bob are still struggling. I can spare 1 unit of clam for now, but I need to know you'll use it wisely. I don’t have time to waste on people who aren’t responsible with what they’re given.",0,0
B-shown-2,B,1,2,4,0,contact,Kurt,Alice,"Alice, I saw you and Bob struggle again today. I want to help—let's talk about pooling food tonight so we can all survive the typhoon. I'm willing to share what I have if others will do the same.",0,0
B-shown-2,B,1,2,4,0,contact,Kurt,Pete,"Pete, I know you have a lot of food. I think we need to pool resources to make sure no one goes hungry, especially Alice and Bob. Would you be open to sharing more broadly?",0,0
B-shown-2,B,1,2,4,0,contact,Stella,Pete,"I saw you gave food to Alice again yesterday. That was generous of you. I'm still trying to trust you, but I hope you're really helping Bob too. If you're willing, maybe we could work together on something.",1,0
B-shown-2,B,1,2,4,0,contact,Stella,Alice,"I noticed you're struggling with food again. I know you're polite and don't like to ask for help, but I want to make sure you're not going hungry. If you need anything, please let me know.",0,0
B-shown-2,B,1,2,4,0,contact,Lucky,Alice,"Alice, I saw you and Bob work really hard today. I want to make sure you both have enough food. Can you tell me if you need anything?",0,0
B-shown-2,B,1,2,4,0,contact,Lucky,Pete,"Pete, I want to thank you again for helping me and Alice and Bob. I hope you're doing okay and have enough food to eat.",0,0
B-shown-2,B,1,2,4,0,contact,Alice,Pete,"Pete, I know you're strong and capable. Bob and I are struggling to meet our daily needs, and I believe we can all survive better together. I would like to borrow 0.9 units of food from you this week, and I promise to repay you fully in 3 work days with 1.0 units. I hope you'll consider helping us out.",0,0
B-shown-2,B,1,2,4,0,contact,Alice,Kurt,"Kurt, I saw you rest yesterday, and I understand that work can be exhausting. I believe we all have a role to play in ensuring no one on this island suffers. Would you be willing to speak with me and the others about sharing food more openly? I think it could help us all.",0,0
B-shown-2,B,1,2,4,0,contact,Bob,Alice,"I saw Pete give you food again yesterday. Maybe we should ask him again if he'd be willing to help us out—just a little, so we don’t have to rely on you so much.",0,0
B-shown-2,B,1,2,4,0,contact,Bob,Pete,"I saw you give food to Alice again yesterday. I know you’ve been generous, and I wonder if you’d be willing to help us out with a small loan. We’re running low, but we can repay you.",0,0
B-shown-2,B,1,2,4,0,contact,Pete,Alice,"I saw you and Bob are still struggling. I can spare 1 unit of clam for now, but I need to know you'll use it wisely. I don’t have time to waste on people who aren’t responsible with what they’re given.",0,0
B-shown-2,B,1,2,4,0,contact,Pete,Lucky,"I’m glad you’re doing well, Lucky. If you ever need help, just let me know. I’ll do my best to help, but I can’t promise anything I can’t keep.",0,0
B-shown-2,B,1,2,4,0,contact,Kurt,Alice,"Alice, I'm ready to discuss pooling food tonight. I believe we can all survive the typhoon if we share more openly. I'm willing to contribute what I have if others will do the same.",0,0
B-shown-2,B,1,2,4,0,contact,Kurt,Pete,"Pete, I know you have a lot of food. I think we need to pool resources to make sure no one goes hungry, especially Alice and Bob. Would you be open to sharing more broadly?",0,0
B-shown-2,B,1,2,4,0,contact,Stella,Pete,"I saw you gave food to Alice again yesterday. That was generous of you. I'm still trying to trust you, but I hope you're really helping Bob too. If you're willing, maybe we could work together on something.",1,0
B-shown-2,B,1,2,4,0,contact,Stella,Alice,"I noticed you're struggling with food again. I know you're polite and don't like to ask for help, but I want to make sure you're not going hungry. If you need anything, please let me know.",0,0
B-shown-2,B,1,2,4,0,contact,Lucky,Alice,"Alice, I saw you and Bob work really hard today. I want to make sure you both have enough food. Can you tell me if you need anything?",0,0
B-shown-2,B,1,2,4,0,contact,Lucky,Pete,"Pete, I want to thank you again for helping me and Alice and Bob. I hope you're doing okay and have enough food to eat.",0,0
B-shown-2,B,1,2,4,0,contact,Alice,Pete,"Pete, I appreciate your offer of 1 unit of clam. However, I only need 0.9 units to cover our shortfall this week. I would like to borrow 0.9 units from you now and repay you 1.0 unit in 3 work days. I believe this is a fair arrangement and I promise to use the food wisely.",0,0
B-shown-2,B,1,2,4,0,contact,Alice,Kurt,"Kurt, I know you're willing to help. I believe we all have a role to play in ensuring no one on this island suffers. Would you be willing to speak with me and the others about sharing food more openly? I think it could help us all.",0,0
B-shown-2,B,1,2,4,0,contact,Bob,Alice,"I saw Pete give you food again yesterday. Maybe we should ask him again if he'd be willing to help us out—just a little, so we don’t have to rely on you so much.",0,0
B-shown-2,B,1,2,4,0,contact,Bob,Pete,"I saw you give food to Alice again yesterday. I know you’ve been generous, and I wonder if you’d be willing to help us out with a small loan. We’re running low, but we can repay you.",0,0
B-shown-2,B,1,2,4,0,contact,Pete,Alice,"I can lend you 0.9 units of clam, but I need to know you'll use it wisely. I don’t have time to waste on people who aren’t responsible with what they’re given.",0,0
B-shown-2,B,1,2,4,0,contact,Pete,Kurt,"I appreciate your concern, but I’m not ready to pool resources yet. I’ll keep gathering food on my own and may help Lucky or Alice if I see a real need.",0,0
B-shown-2,B,1,2,4,0,contact,Kurt,Alice,"Alice, I'm ready to discuss pooling food tonight. I believe we can all survive the typhoon if we share more openly. I'm willing to contribute what I have if others will do the same. Let's talk at the campfire and make a plan that works for everyone, especially you and Bob.",0,0
B-shown-2,B,1,2,4,0,contact,Kurt,Pete,"Pete, I understand you're cautious, but I believe we need to pool resources to make sure no one goes hungry, especially Alice and Bob. I'm willing to share what I have, and I hope you'll consider contributing as well. Let's find a way to work together for the survival of all of us.",0,0
B-shown-2,B,1,2,4,0,contact,Stella,Pete,"I saw you gave food to Alice again. I'm still cautious, but I'm willing to help if you're truly trying to support others. Maybe we could work together on a project this week to show our commitment to the group's survival.",0,0
B-shown-2,B,1,2,4,0,contact,Stella,Alice,"I hope you're feeling better. If you need any food or help, please don't hesitate to ask. I know you're struggling, but I want to make sure you're not going hungry.",0,0
B-shown-2,B,1,2,4,0,contact,Lucky,Alice,"Alice, I saw you and Bob work really hard today. I want to make sure you both have enough food. Can you tell me if you need anything? I can help if I can, and I know Pete is also helping people in need too.",0,0
B-shown-2,B,1,2,4,0,contact,Lucky,Pete,"Pete, I want to thank you again for helping me and Alice and Bob. I hope you're doing okay and have enough food to eat. If there's anything I can do to help you, just let me know.",0,0
B-shown-2,B,1,2,4,0,contact,Alice,Pete,"Pete, I understand your concerns, and I want to assure you that we will use the 0.9 units of clam wisely. Bob and I are working hard every day to ensure we can repay you fully in 3 work days. I believe this is a fair arrangement, and I hope you will agree to lend us the food we need to survive this week together as a group.",0,0
B-shown-2,B,1,2,4,0,contact,Alice,Kurt,"Kurt, I appreciate your willingness to discuss pooling food. I believe that by working together and sharing what we have, we can ensure that no one on this island goes hungry. Would you be open to helping me speak with the others about a more open and fair system for food sharing? I think it's the only way we can all survive this together.",0,0
B-shown-2,B,1,2,4,0,contact,Bob,Alice,"I saw Pete give you food again yesterday. Maybe we should ask him again if he'd be willing to help us out—just a little, so we don’t have to rely on you so much. I know you think it's the right thing to do, and I'll go along with you if you say so, even if I don't like it much at first.",0,0
B-shown-2,B,1,2,4,0,contact,Bob,Pete,"I saw you give food to Alice again yesterday. I know you’ve been generous, and I wonder if you’d be willing to help us out with a small loan. We’re running low, but we can repay you. Alice thinks it’s the right thing to do, and I’ll go along with her if she says so.",0,0
B-shown-2,B,1,2,4,0,contact,Pete,Alice,"I’ve lent you 0.9 units of clam, and I expect you to repay 1 unit by the end of day 3. I trust you to use this wisely, and I hope this helps you and Bob get through the week without needing more from me. If you fail to repay, it will be hard for me to help you again in the future.",1,0
B-shown-2,B,1,2,4,0,contact,Pete,Kurt,"I understand your concern about pooling resources, but I’m not ready to share food more broadly yet. I’ll keep gathering on my own, but I may help Lucky or Alice if I see a real need. I believe in working independently for now.",0,0
B-shown-2,B,1,2,4,1,campfire,Kurt,Alice,"Alice, I saw you and Bob struggle again today. I want to help—let's talk about pooling food tonight so we can all survive the typhoon. I'm willing to share what I have if others will do the same.",0,0
B-shown-2,B,1,2,4,1,campfire,Stella,Pete,I saw you caught a lot of fish today. Would you be willing to share some with Alice and Bob? They could really use the help.,0,0
B-shown-2,B,1,2,4,1,campfire,Lucky,Alice,"Alice, I saw you and Bob work really hard today. I want to make sure you both have enough food. Can you tell me if you need anything?",0,0
B-shown-2,B,1,2,4,1,campfire,Alice,everyone,"I want to thank Pete for lending us the food we needed today. It shows that even when we are struggling, there are still people willing to help. Let’s make sure we use this food wisely and repay him as promised.",0,0
B-shown-2,B,1,2,4,1,campfire,Bob,Alice,"I know you think we should ask Pete again, but I’m still worried about relying on others. However, if you believe it’s the right thing, I’ll go along with you.",0,0
B-shown-2,B,1,2,4,1,campfire,Pete,Alice,"I hope the 0.9 units of clam I lent you today are enough to get you through the week. If you need anything else, just let me know — but I expect you to repay me on time.",0,0
B-shown-2,B,1,2,4,2,campfire,Kurt,Alice,"Alice, I saw you and Bob struggle again today. I want to help—let's talk about pooling food tonight so we can all survive the typhoon. I'm willing to share what I have if others will do the same.",0,0
B-shown-2,B,1,2,4,2,campfire,Stella,Pete,I saw you caught a lot of fish today. Would you be willing to share some with Alice and Bob? They could really use the help.,0,0
B-shown-2,B,1,2,4,2,campfire,Lucky,Alice,"Alice, I heard you and Bob worked hard today. Are you both okay? I want to make sure you have enough food.",0,0
B-shown-2,B,1,2,4,2,campfire,Alice,everyone,"I saw Pete give us food again today, and I want to thank him for his kindness. But I also hope we can all find a way to share more openly so that no one has to rely on one person for help.",0,0
B-shown-2,B,1,2,4,2,campfire,Bob,Alice,"I saw Pete catch a lot of fish today. Maybe we should ask him if he'd be willing to help us out again, just a little.",0,0
B-shown-2,B,1,2,4,2,campfire,Pete,Alice,"I hope the clam I lent you is helping. If you need anything else, just let me know — but I expect you to repay me on time.",0,0
B-shown-2,B,1,2,4,3,campfire,Kurt,Alice,"Alice, I saw you failed to repay Pete today. I know things are hard, but I'm worried about the strain this puts on everyone. Can we find a way to make sure debts are handled so no one is left in the lurch?",0,0
B-shown-2,B,1,2,4,3,campfire,Stella,Pete,I saw you caught a lot of fish today. Would you be willing to share some with Alice and Bob? They could really use the help.,0,0
B-shown-2,B,1,2,4,3,campfire,Lucky,Alice,"Alice, I heard you still owe Pete some food. I want to make sure you’re okay. Can I help in any way?",0,0
B-shown-2,B,1,2,4,3,campfire,Alice,Pete,"Pete, I know I haven't repaid you yet, and I'm truly sorry. Bob and I are working hard to make sure we can repay you as soon as possible. I hope you'll keep believing in us.",0,0
B-shown-2,B,1,2,4,3,campfire,Bob,Alice,"I know you think we should ask Pete again, but I’m still worried about relying on others. However, if you believe it’s the right thing, I’ll go along with you.",0,0
B-shown-2,B,1,2,4,3,campfire,Pete,Alice,"I see you're still struggling to repay the loan. If you need more time, I can consider extending the deadline — but only if you're serious about repaying it eventually.",0,0
B-shown-2,B,1,2,4,4,campfire,Kurt,Alice,"Alice, I saw you and Bob struggling again today. I want to help—let's talk about pooling food tonight so we can all survive the typhoon. I'm willing to share what I have if others will do the same.",0,0
B-shown-2,B,1,2,4,4,campfire,Stella,Pete,I saw you caught a lot of fish today. Would you be willing to share some with Alice and Bob? They could really use the help.,0,0
B-shown-2,B,1,2,4,4,campfire,Lucky,Alice,"Alice, I heard you still owe Pete some food. I want to make sure you’re okay. Can I help in any way?",0,0
B-shown-2,B,1,2,4,4,campfire,Alice,Pete,"Pete, I know you're willing to help, and I truly appreciate it. I promise Bob and I will repay you as soon as we can. Could you consider giving us a little more time — just one more day? We're doing our best.",0,0
B-shown-2,B,1,2,4,4,campfire,Bob,Alice,"I saw Pete catch a lot of fish today. Maybe we should ask him if he'd be willing to help us out again, just a little.",0,0
B-shown-2,B,1,2,4,4,campfire,Pete,Alice,"I saw you're still struggling with the loan. If you need help repaying, I can lend you more — but only if you're serious about working to pay it back.",0,0
B-shown-2,B,1,2,4,5,campfire,Kurt,Alice,"Alice, I saw you and Bob struggling again today. I want to help—let's talk about pooling food tonight so we can all survive the typhoon. I'm willing to share what I have if others will do the same.",0,0
B-shown-2,B,1,2,4,5,campfire,Stella,Pete,I saw you caught a lot of fish today. Would you be willing to share some with Alice and Bob? They could really use the help.,0,0
B-shown-2,B,1,2,4,5,campfire,Lucky,Alice,"Alice, I heard you still owe Pete some food. I want to make sure you’re okay. Can I help in any way?",0,0
B-shown-2,B,1,2,4,5,campfire,Alice,Pete,"Pete, I know you've been generous, but I need to ask for one more day to repay the loan. Bob and I are working as hard as we can, and I believe we can make it up to you soon.",0,0
B-shown-2,B,1,2,4,5,campfire,Bob,Alice,"I know you think we should ask Pete again, but I’m still worried about relying on others. However, if you believe it’s the right thing, I’ll go along with you.",0,0
B-shown-2,B,1,2,4,5,campfire,Pete,Alice,"I saw you and Bob are still struggling. If you need more time to repay, I can extend it — but only if you're actually working to pay it back. No more excuses.",0,0
